Brand,Model,Year,Engine_Size,Fuel_Type,Transmission,Mileage,Doors,Owner_Count,Price
Volvo,XC40,2026,1.9,Petrol,Automatic,2221,5,1,4960000
Toyota,Urban Cruiser Hyryder,2024,1.6,Petrol Hybrid,e-CVT,30129,5,1,1215000
Hyundai,Creta,2019,1.5,Petrol,Manual,109801,5,2,280000
Honda,Amaze,2019,1.2,Petrol,CVT,93599,5,1,215000
Hyundai,Verna,2025,1.5,Petrol,Manual,8330,5,1,860000
Hyundai,Creta,2021,1.5,Petrol,DCT,43282,5,2,640000
Kia,Sonet,2018,1.0,Petrol,iMT,93363,5,5,220000
Mahindra,Thar,2024,2.0,Petrol,Manual,11357,4,1,875000
Honda,City,2024,1.5,Petrol,Manual,26958,5,1,595000
Kia,Seltos,2026,1.4,Petrol,Manual,6171,5,1,1140000
Tata,Nexon,2023,1.5,Diesel,Manual,20410,5,1,600000
Skoda,Slavia,2017,0.9,Petrol,Automatic,117635,5,2,330000
Audi,Q3,2020,2.0,Petrol,DCT,46151,5,3,2255000
Hyundai,Grand i10 Nios,2022,1.2,Petrol,Manual,123865,5,2,150000
Hyundai,Creta,2026,1.5,Petrol,Automatic,1540,5,1,1365000
Hyundai,Venue,2019,1.0,Petrol,Manual,77536,5,3,245000
Mahindra,Scorpio N,2026,2.1,Diesel,Automatic,2012,7,1,1535000
Hyundai,Grand i10 Nios,2018,1.2,Petrol,Manual,77153,5,3,130000
Toyota,Innova Crysta,2023,2.4,Diesel,Automatic,9462,7,2,1290000
Hyundai,i20,2026,1.0,Petrol,Manual,3213,5,1,775000
Toyota,Innova Crysta,2026,2.3,Diesel,Automatic,4598,7,1,1940000
Audi,A4,2026,2.0,Petrol,DCT,1759,5,1,5270000
Volkswagen,Virtus,2024,1.0,Petrol,Automatic,33171,5,1,710000
Kia,Sonet,2023,1.0,Petrol,DCT,51842,5,2,315000
Hyundai,Verna,2022,1.5,Petrol,Manual,32715,5,1,405000
Maruti Suzuki,Brezza,2023,1.5,Petrol,Automatic,50269,5,1,335000
Maruti Suzuki,Ertiga,2018,1.5,Petrol,Manual,143732,7,1,165000
Mahindra,Scorpio N,2026,2.3,Diesel,Automatic,2401,7,1,1685000
Maruti Suzuki,Alto K10,2019,1.0,Petrol,AMT,91387,5,3,110000
Tata,Nexon,2022,1.3,Petrol,Manual,107999,5,1,475000
Hyundai,i20,2023,1.3,Petrol,IVT,33915,5,2,315000
Mahindra,Thar,2022,2.1,Petrol,Manual,31585,4,1,835000
Hyundai,Verna,2026,1.5,Petrol,Manual,3149,5,1,675000
Kia,Seltos,2026,1.5,Petrol,IVT,3042,5,1,1070000
BMW,5 Series,2022,2.0,Petrol,Automatic,25499,5,2,4030000
Mahindra,Scorpio N,2017,2.2,Diesel,Manual,59009,7,2,435000
Honda,City,2026,1.4,Petrol Hybrid,e-CVT,2034,5,1,1850000
Hyundai,Creta,2025,1.5,Petrol,Automatic,16533,5,1,1100000
Toyota,Urban Cruiser Hyryder,2023,1.4,Petrol,Manual,11012,5,1,775000
Kia,Sonet,2022,1.5,Diesel,Automatic,21500,5,1,555000
Tata,Nexon,2019,1.1,Petrol,DCT,105586,5,2,290000
Hyundai,i20,2018,1.2,Petrol,Manual,107222,5,2,145000
Mercedes-Benz,GLA,2023,1.3,Petrol,DCT,27823,5,1,4875000
Tata,Tiago,2026,1.2,Petrol,Manual,3490,5,1,400000
Honda,City,2022,1.6,Petrol,Manual,36401,5,1,670000
Toyota,Urban Cruiser Hyryder,2019,1.4,Petrol Hybrid,e-CVT,67243,5,1,725000
Hyundai,Creta,2020,1.5,Petrol,DCT,72442,5,1,535000
Skoda,Slavia,2021,1.0,Petrol,Automatic,41434,5,1,570000
Kia,Seltos,2021,1.5,Petrol,IVT,40475,5,2,670000
Toyota,Innova Crysta,2021,2.4,Diesel,Automatic,94640,7,1,985000
Toyota,Innova Crysta,2025,2.3,Diesel,Automatic,14174,7,1,1710000
Tata,Tiago,2021,1.2,Petrol,AMT,52032,5,3,160000
Toyota,Fortuner,2023,2.8,Diesel,Manual,51227,7,1,2170000
Hyundai,Verna,2025,1.6,Petrol,Manual,16581,5,1,625000
Maruti Suzuki,Brezza,2020,1.5,Petrol,Manual,74937,5,3,210000
Tata,Safari,2023,2.1,Diesel,Automatic,29619,7,2,885000
Hyundai,Venue,2020,1.5,Diesel,Automatic,53444,5,1,285000
Mahindra,XUV700,2023,2.2,Diesel,Automatic,14485,7,2,880000
Toyota,Glanza,2023,1.2,Petrol,Manual,78544,5,1,420000
Honda,City,2015,1.5,Petrol,CVT,189771,5,1,210000
Kia,Carens,2025,1.5,Petrol,Manual,14111,7,1,1280000
Mahindra,Thar,2023,2.2,Diesel,Manual,27410,4,1,915000
Mahindra,XUV700,2024,2.2,Diesel,Automatic,18928,7,1,1120000
Hyundai,Grand i10 Nios,2026,1.2,Petrol,AMT,2384,5,1,470000
Honda,City,2022,1.5,Petrol,Manual,43454,5,1,540000
Tata,Nexon,2023,1.5,Diesel,AMT,27603,5,1,405000
Tata,Punch,2025,1.3,Petrol,AMT,6396,5,1,495000
Kia,Seltos,2022,1.5,Diesel,Automatic,28071,5,1,485000
Volkswagen,Taigun,2025,0.9,Petrol,Manual,6878,5,1,1035000
Maruti Suzuki,Wagon R,2019,1.2,Petrol,AMT,50463,5,3,110000
Tata,Tiago,2023,1.2,Petrol,Manual,63748,5,1,180000
Kia,Seltos,2020,1.5,Petrol,Manual,39358,5,2,570000
Tata,Tiago,2024,1.3,Petrol,Manual,17685,5,1,305000
Mahindra,XUV700,2023,2.0,Petrol,Automatic,86571,7,1,760000
Kia,Carens,2019,1.5,Petrol,Manual,58668,7,1,635000
Kia,Sonet,2025,1.0,Petrol,Manual,12767,5,1,720000
Honda,Amaze,2021,1.1,Petrol,CVT,44975,5,1,340000
Mahindra,Thar,2015,2.1,Diesel,Manual,151419,4,3,235000
Volkswagen,Virtus,2017,1.0,Petrol,Manual,116947,5,3,315000
Maruti Suzuki,Ertiga,2019,1.4,Petrol,Automatic,61985,7,2,305000
BYD,Atto 3,2026,0.0,EV,Automatic,2134,5,1,3515000
Hyundai,Verna,2021,1.5,Petrol,IVT,117982,5,1,350000
Volkswagen,Virtus,2018,1.0,Petrol,Manual,54924,5,2,270000
Mahindra,Scorpio N,2021,2.1,Diesel,Automatic,29249,7,1,530000
Mahindra,XUV700,2025,2.0,Petrol,Automatic,9730,7,1,1025000
Audi,Q3,2026,1.9,Petrol,DCT,2725,5,1,4920000
Volkswagen,Virtus,2026,1.5,Petrol,DCT,5988,5,1,1465000
Hyundai,Venue,2025,1.0,Petrol,DCT,10901,5,1,625000
Maruti Suzuki,Baleno,2018,1.2,Petrol,Manual,63195,5,1,160000
Tata,Harrier,2022,2.0,Diesel,Manual,55305,5,2,760000
Maruti Suzuki,Baleno,2024,1.2,Petrol,Manual,13225,5,1,450000
Tata,Harrier,2023,2.0,Diesel,Automatic,20317,5,2,1120000
Kia,Seltos,2025,1.4,Diesel,Automatic,23753,5,1,1205000
Maruti Suzuki,Brezza,2026,1.4,Petrol,Manual,2706,5,1,640000
Volkswagen,Taigun,2023,1.4,Petrol,DCT,30820,5,1,1065000
Hyundai,Creta,2026,1.5,Petrol,Manual,2516,5,1,760000
Kia,Sonet,2021,1.0,Petrol,DCT,61994,5,1,490000
Toyota,Fortuner,2019,2.8,Diesel,Automatic,47846,7,4,1510000
Toyota,Fortuner,2026,2.8,Diesel,Manual,2213,7,1,3510000
Honda,Amaze,2023,1.2,Petrol,Manual,20269,5,1,505000
Tata,Punch,2023,1.2,Petrol,AMT,56996,5,1,375000
Mahindra,Thar,2021,2.2,Diesel,Automatic,64870,4,1,570000
Tata,Safari,2026,2.0,Diesel,Automatic,3777,7,1,1360000
Tata,Nexon,2015,1.2,Petrol,DCT,96711,5,2,210000
Hyundai,Venue,2015,1.4,Diesel,Manual,60289,5,3,225000
Hyundai,Creta,2025,1.5,Diesel,Automatic,10150,5,1,980000
Hyundai,Verna,2020,1.5,Petrol,Manual,39190,5,1,325000
Maruti Suzuki,Ertiga,2024,1.6,Petrol,Automatic,16654,7,1,635000
Tata,Tiago,2018,1.1,Petrol,AMT,93383,5,4,115000
Kia,Seltos,2021,1.5,Diesel,Manual,97554,5,1,620000
Mahindra,XUV700,2020,2.3,Diesel,Automatic,106494,7,2,795000
Maruti Suzuki,Ertiga,2020,1.5,Petrol,Manual,61991,7,1,310000
Tata,Safari,2026,1.9,Diesel,Manual,3405,7,1,1475000
Kia,Carens,2025,1.5,Petrol,Manual,8119,7,1,1190000
Tata,Nexon EV,2020,0.0,EV,Automatic,33216,5,1,625000
Hyundai,Grand i10 Nios,2019,1.2,Petrol,Manual,26729,5,1,180000
Hyundai,Creta,2026,1.5,Diesel,Automatic,3042,5,1,900000
Volkswagen,Virtus,2025,1.0,Petrol,Automatic,13909,5,1,950000
Maruti Suzuki,Wagon R,2025,1.2,Petrol,AMT,9895,5,1,420000
Hyundai,Grand i10 Nios,2022,1.2,Petrol,AMT,70254,5,1,245000
Honda,Amaze,2018,1.2,Petrol,Manual,40438,5,1,240000
Maruti Suzuki,Swift,2021,1.2,Petrol,Manual,74150,5,1,170000
Tata,Tiago,2024,1.2,Petrol,Manual,21954,5,1,380000
Audi,Q3,2026,1.9,Petrol,DCT,3597,5,1,5635000
Honda,City,2022,1.5,Petrol Hybrid,e-CVT,23224,5,1,710000
Mahindra,XUV700,2026,2.0,Petrol,Manual,5668,7,1,1215000
Tata,Tiago,2023,1.1,Petrol,Manual,22021,5,1,340000
Kia,Sonet,2020,1.0,Petrol,iMT,86625,5,1,330000
Kia,Sonet,2025,0.9,Petrol,iMT,19747,5,1,715000
Tata,Nexon EV,2021,0.0,EV,Automatic,67274,5,1,585000
Hyundai,Verna,2022,1.5,Petrol,Manual,29065,5,1,635000
Hyundai,i20,2024,1.3,Petrol,IVT,20926,5,1,355000
Hyundai,Venue,2021,1.0,Petrol,DCT,41580,5,2,390000
Tata,Tiago,2024,1.2,Petrol,AMT,23625,5,1,330000
Tata,Nexon,2015,1.2,Petrol,AMT,60219,5,3,215000
Hyundai,i20,2023,1.2,Petrol,IVT,26197,5,2,315000
Kia,Sonet,2021,1.0,Petrol,iMT,48261,5,1,455000
Tata,Harrier,2024,2.0,Diesel,Manual,15109,5,1,1295000
Kia,Seltos,2022,1.5,Diesel,Automatic,60488,5,2,775000
Skoda,Kushaq,2023,1.5,Petrol,DCT,30017,5,1,1250000
Maruti Suzuki,Brezza,2026,1.4,Petrol,Manual,4659,5,1,625000
Mahindra,XUV700,2024,2.1,Diesel,Automatic,15837,7,1,1270000
Volkswagen,Virtus,2025,0.9,Petrol,Manual,9690,5,1,1005000
Mahindra,Thar,2019,2.1,Diesel,Manual,122340,4,2,355000
Kia,Sonet,2023,1.0,Petrol,iMT,61482,5,1,455000
Tata,Tiago,2026,1.2,Petrol,Manual,2005,5,1,400000
Skoda,Kushaq,2024,1.0,Petrol,Manual,19812,5,1,1020000
Maruti Suzuki,Ertiga,2016,1.5,Petrol,Manual,220000,7,2,150000
Tata,Safari,2026,2.0,Diesel,Manual,1500,7,1,1750000
Maruti Suzuki,Brezza,2022,1.4,Petrol,Manual,57726,5,1,365000
Tata,Safari,2021,1.9,Diesel,Automatic,48818,7,1,1005000
Maruti Suzuki,Swift,2021,1.1,Petrol,AMT,33186,5,2,140000
Hyundai,Verna,2022,1.4,Petrol,Manual,93807,5,1,400000
Maruti Suzuki,Wagon R,2024,1.2,Petrol,AMT,11776,5,1,315000
Hyundai,Creta,2025,1.6,Petrol,Automatic,10010,5,1,800000
Tata,Safari,2021,2.1,Diesel,Automatic,96946,7,1,685000
Hyundai,Creta,2025,1.6,Diesel,Manual,12274,5,1,980000
Kia,Sonet,2020,1.0,Petrol,iMT,78785,5,3,290000
Hyundai,Venue,2025,1.0,Petrol,DCT,4544,5,1,735000
Hyundai,Venue,2026,1.0,Petrol,Manual,3141,5,1,615000
Kia,Sonet,2020,1.0,Petrol,DCT,43166,5,1,415000
Toyota,Urban Cruiser Hyryder,2019,1.6,Petrol,Automatic,87305,5,1,350000
Maruti Suzuki,Ertiga,2022,1.4,Petrol,Automatic,49956,7,1,410000
Skoda,Slavia,2016,1.0,Petrol,Automatic,107118,5,2,275000
Hyundai,Creta,2026,1.5,Petrol,IVT,2038,5,1,1085000
Toyota,Urban Cruiser Hyryder,2025,1.5,Petrol Hybrid,e-CVT,8977,5,1,1405000
Hyundai,Venue,2023,1.0,Petrol,DCT,64009,5,1,315000
Hyundai,Verna,2020,1.5,Petrol,DCT,114289,5,1,425000
Maruti Suzuki,Baleno,2025,1.2,Petrol,Manual,9018,5,1,340000
Hyundai,Venue,2019,1.0,Petrol,Manual,85178,5,2,205000
Tata,Nexon,2023,1.2,Petrol,AMT,24443,5,2,440000
Mahindra,XUV700,2023,2.2,Diesel,Manual,27523,7,1,1205000
Kia,Sonet,2023,0.9,Petrol,iMT,54042,5,1,530000
Hyundai,Creta,2021,1.5,Petrol,Manual,23758,5,2,495000
Toyota,Urban Cruiser Hyryder,2020,1.5,Petrol Hybrid,e-CVT,81729,5,2,510000
Maruti Suzuki,Ertiga,2023,1.5,Petrol,Automatic,45717,7,2,390000
Toyota,Glanza,2024,1.2,Petrol,Manual,49082,5,1,540000
Mahindra,XUV700,2026,2.0,Petrol,Manual,3859,7,1,1590000
Toyota,Urban Cruiser Hyryder,2024,1.5,Petrol,Manual,14128,5,1,575000
Mahindra,Scorpio N,2025,2.2,Diesel,Automatic,5225,7,1,1475000
Maruti Suzuki,Ertiga,2023,1.5,Petrol,Manual,27152,7,1,575000
Kia,Carens,2025,1.6,Petrol,Manual,7554,7,1,1165000
Hyundai,Creta,2024,1.5,Diesel,Manual,18861,5,1,720000
Kia,Carens,2025,1.5,Petrol,DCT,13361,7,1,1175000
Hyundai,Verna,2024,1.4,Petrol,Manual,12177,5,1,920000
Tata,Altroz,2025,1.1,Petrol,DCT,5213,5,1,435000
Kia,Seltos,2022,1.6,Diesel,Automatic,31368,5,1,830000
Kia,Sonet,2018,1.5,Diesel,Automatic,39293,5,2,245000
Toyota,Urban Cruiser Hyryder,2025,1.5,Petrol,Automatic,9560,5,1,1085000
Tata,Punch,2015,1.2,Petrol,AMT,100938,5,1,150000
Hyundai,Verna,2024,1.5,Petrol,IVT,21714,5,1,570000
Mahindra,XUV300,2024,1.2,Petrol,Manual,18221,5,1,605000
Toyota,Glanza,2016,1.3,Petrol,AMT,54027,5,4,200000
Hyundai,Creta,2026,1.5,Diesel,Automatic,3269,5,1,1130000
Maruti Suzuki,Swift,2022,1.3,Petrol,Manual,34180,5,1,185000
Hyundai,Verna,2026,1.5,Petrol,IVT,2628,5,1,825000
Tata,Nexon EV,2020,0.0,EV,Automatic,58775,5,5,510000
Hyundai,i20,2022,1.2,Petrol,IVT,53663,5,1,275000
Honda,City,2023,1.4,Petrol,Manual,84098,5,1,665000
Mahindra,XUV700,2024,2.3,Diesel,Automatic,17203,7,1,1120000
Maruti Suzuki,Wagon R,2022,1.2,Petrol,AMT,28203,5,3,245000
Hyundai,Verna,2020,1.6,Petrol,DCT,35505,5,1,660000
Skoda,Slavia,2022,1.0,Petrol,Manual,41166,5,2,510000
Toyota,Glanza,2021,1.2,Petrol,Manual,104309,5,2,325000
Tata,Nexon EV,2024,0.0,EV,Automatic,25674,5,1,1115000
Kia,Carens,2024,1.5,Petrol,Manual,32492,7,1,1200000
Kia,Seltos,2020,1.5,Diesel,Automatic,39524,5,2,560000
Tata,Punch,2026,1.2,Petrol,Manual,2194,5,1,635000
Kia,Sonet,2016,1.6,Diesel,Automatic,81458,5,3,205000
Maruti Suzuki,Brezza,2021,1.5,Petrol,Manual,65680,5,2,245000
Volkswagen,Taigun,2023,1.5,Petrol,DCT,74297,5,1,1175000
Skoda,Slavia,2026,1.1,Petrol,Automatic,3653,5,1,1185000
Tata,Nexon EV,2026,0.0,EV,Automatic,3330,5,1,1125000
Honda,Amaze,2021,1.2,Petrol,Manual,47739,5,1,370000
Toyota,Innova Crysta,2026,2.4,Diesel,Automatic,2544,7,1,1965000
Kia,Sonet,2018,0.9,Petrol,iMT,107913,5,4,215000
Kia,Seltos,2024,1.5,Petrol,IVT,21801,5,1,835000
Honda,City,2019,1.5,Petrol Hybrid,e-CVT,37266,5,3,600000
Honda,City,2025,1.6,Petrol Hybrid,e-CVT,7214,5,1,1100000
Hyundai,i20,2017,1.2,Petrol,Manual,140303,5,2,80000
Hyundai,i20,2025,1.0,Petrol,Manual,11301,5,1,660000
Tata,Nexon,2021,1.2,Petrol,AMT,66540,5,1,415000
Maruti Suzuki,Baleno,2023,1.3,Petrol,Manual,20513,5,2,290000
Toyota,Glanza,2022,1.2,Petrol,AMT,58378,5,1,360000
Toyota,Glanza,2022,1.2,Petrol,AMT,34814,5,1,285000
Tata,Nexon EV,2017,0.0,EV,Automatic,37446,5,5,430000
Tata,Nexon EV,2021,0.0,EV,Automatic,39385,5,3,435000
Maruti Suzuki,Baleno,2025,1.2,Petrol,Manual,7285,5,1,550000
Honda,City,2021,1.5,Petrol,CVT,51359,5,2,525000
Maruti Suzuki,Ertiga,2024,1.5,Petrol,Automatic,25942,7,1,615000
Hyundai,Venue,2024,1.5,Diesel,Manual,11138,5,1,685000
Maruti Suzuki,Alto K10,2015,1.0,Petrol,AMT,136314,5,2,65000
Mahindra,XUV700,2022,2.0,Petrol,Automatic,33636,7,1,975000
Tata,Nexon,2024,1.5,Diesel,AMT,28569,5,1,545000
Toyota,Fortuner,2024,2.8,Diesel,Manual,28386,7,1,2365000
Toyota,Urban Cruiser Hyryder,2018,1.5,Petrol Hybrid,e-CVT,209230,5,3,285000
Tata,Harrier,2026,2.0,Diesel,Manual,4446,5,1,1275000
Maruti Suzuki,Brezza,2023,1.5,Petrol,Manual,36764,5,1,405000
Maruti Suzuki,Baleno,2024,1.2,Petrol,Manual,28292,5,1,280000
Tata,Harrier,2022,1.9,Diesel,Automatic,32137,5,1,860000
Kia,Seltos,2025,1.5,Diesel,Manual,11826,5,1,1185000
Mahindra,Thar,2025,2.2,Diesel,Automatic,9415,4,1,1365000
Hyundai,Venue,2025,1.0,Petrol,Manual,21748,5,1,690000
Kia,Seltos,2020,1.5,Petrol,Manual,85765,5,2,415000
Toyota,Urban Cruiser Hyryder,2021,1.5,Petrol Hybrid,e-CVT,67212,5,2,785000
Skoda,Kushaq,2026,1.5,Petrol,DCT,2734,5,1,1485000
Mahindra,XUV700,2023,2.2,Diesel,Automatic,30349,7,1,960000
Maruti Suzuki,Swift,2019,1.1,Petrol,AMT,54357,5,1,195000
Tata,Altroz,2016,1.1,Petrol,Manual,169035,5,5,125000
Mahindra,Thar,2022,2.0,Petrol,Automatic,39746,4,1,745000
Mahindra,XUV700,2025,2.0,Petrol,Automatic,7349,7,1,1500000
Toyota,Urban Cruiser Hyryder,2019,1.5,Petrol Hybrid,e-CVT,67960,5,2,540000
Toyota,Urban Cruiser Hyryder,2026,1.5,Petrol,Manual,4199,5,1,1370000
Hyundai,i20,2025,1.2,Petrol,Manual,10412,5,1,515000
Maruti Suzuki,Baleno,2021,1.1,Petrol,Manual,54754,5,1,265000
Hyundai,Grand i10 Nios,2025,1.2,Petrol,AMT,13081,5,1,390000
Tata,Safari,2019,2.0,Diesel,Manual,48524,7,4,615000
Hyundai,Venue,2026,1.5,Diesel,Automatic,2758,5,1,910000
Maruti Suzuki,Swift,2022,1.1,Petrol,AMT,41540,5,1,210000
Skoda,Slavia,2025,1.0,Petrol,Automatic,4134,5,1,845000
Kia,Seltos,2022,1.4,Diesel,Manual,30292,5,1,740000
Skoda,Kushaq,2020,1.0,Petrol,Manual,61936,5,1,500000
Tata,Nexon,2023,1.3,Petrol,Manual,19152,5,1,600000
Kia,Carens,2023,1.5,Petrol,DCT,41986,7,2,1080000
Tata,Nexon,2021,1.1,Petrol,Manual,80399,5,2,420000
Hyundai,Venue,2022,1.5,Diesel,Manual,66814,5,1,425000
Hyundai,Creta,2023,1.6,Diesel,Automatic,28144,5,1,695000
Honda,City,2025,1.5,Petrol Hybrid,e-CVT,11897,5,1,990000
BMW,X1,2026,1.4,Petrol,Automatic,4524,5,1,3520000
Maruti Suzuki,Swift,2025,1.2,Petrol,Manual,17860,5,1,270000
Honda,City,2025,1.5,Petrol,Manual,6812,5,1,885000
Maruti Suzuki,Alto K10,2016,1.0,Petrol,Manual,89187,5,1,105000
Tata,Safari,2026,2.0,Diesel,Automatic,1999,7,1,1635000
Maruti Suzuki,Brezza,2017,1.5,Petrol,Manual,71576,5,5,130000
Maruti Suzuki,Swift,2022,1.3,Petrol,AMT,31549,5,1,200000
Toyota,Fortuner,2022,2.8,Diesel,Manual,40527,7,1,1740000
Honda,City,2024,1.5,Petrol Hybrid,e-CVT,11878,5,1,1580000
Hyundai,Creta,2019,1.5,Diesel,Manual,109409,5,2,425000
Skoda,Kushaq,2025,1.0,Petrol,Automatic,19576,5,1,1120000
Maruti Suzuki,Wagon R,2025,1.2,Petrol,Manual,7166,5,1,275000
Hyundai,Verna,2015,1.5,Petrol,Manual,220000,5,1,145000
Hyundai,i20,2026,1.2,Petrol,Manual,2070,5,1,535000
BMW,5 Series,2026,2.0,Petrol,Automatic,2761,5,1,5465000
Honda,City,2021,1.5,Petrol Hybrid,e-CVT,37322,5,1,940000
Kia,Seltos,2018,1.5,Petrol,IVT,79803,5,2,290000
Honda,City,2025,1.5,Petrol,CVT,11800,5,1,720000
Honda,Amaze,2015,1.2,Petrol,CVT,90499,5,3,200000
Honda,City,2020,1.6,Petrol Hybrid,e-CVT,88250,5,2,570000
Tata,Altroz,2024,1.2,Petrol,Manual,23922,5,1,460000
Hyundai,Creta,2016,1.5,Petrol,IVT,181794,5,3,210000
Maruti Suzuki,Wagon R,2020,1.2,Petrol,Manual,36786,5,5,190000
Maruti Suzuki,Swift,2025,1.2,Petrol,Manual,14917,5,1,360000
Maruti Suzuki,Ertiga,2019,1.5,Petrol,Automatic,105192,7,3,250000
Tata,Tiago,2026,1.2,Petrol,Manual,2097,5,1,325000
Kia,Seltos,2018,1.5,Diesel,Manual,92713,5,3,400000
Mahindra,Scorpio N,2025,2.2,Diesel,Automatic,5907,7,1,1340000
Tata,Altroz,2026,1.2,Petrol,DCT,4782,5,1,620000
Mercedes-Benz,C-Class,2020,1.5,Petrol,Automatic,49117,5,1,2350000
Maruti Suzuki,Brezza,2024,1.5,Petrol,Automatic,19055,5,1,310000
Kia,Seltos,2018,1.5,Petrol,Manual,96339,5,1,355000
Tata,Safari,2026,2.0,Diesel,Manual,1924,7,1,1250000
Hyundai,Verna,2026,1.5,Petrol,DCT,3842,5,1,1265000
Mahindra,XUV700,2023,2.0,Petrol,Automatic,52115,7,1,985000
Tata,Nexon,2023,1.2,Petrol,AMT,28172,5,1,580000
Maruti Suzuki,Swift,2024,1.2,Petrol,Manual,40680,5,1,255000
Hyundai,Verna,2024,1.4,Petrol,IVT,11131,5,1,840000
Hyundai,Creta,2025,1.5,Petrol,Manual,10497,5,1,885000
Kia,Sonet,2026,0.9,Petrol,DCT,2863,5,1,600000
Mahindra,Thar,2025,2.0,Petrol,Manual,3272,4,1,825000
Tata,Punch,2016,1.3,Petrol,Manual,220000,5,1,120000
Maruti Suzuki,Brezza,2021,1.5,Petrol,Manual,55589,5,1,310000
Mahindra,XUV300,2023,1.3,Petrol,AMT,36901,5,1,585000
Hyundai,Verna,2020,1.5,Petrol,IVT,44565,5,2,475000
Mercedes-Benz,GLA,2020,1.3,Petrol,DCT,60112,5,2,2725000
Maruti Suzuki,Ertiga,2026,1.5,Petrol,Automatic,2474,7,1,600000
Maruti Suzuki,Baleno,2019,1.2,Petrol,Manual,83103,5,3,195000
Kia,Sonet,2026,1.0,Petrol,iMT,3100,5,1,800000
Kia,Sonet,2023,1.0,Petrol,DCT,47405,5,1,445000
Tata,Tiago,2021,1.2,Petrol,AMT,83274,5,2,150000
Mahindra,XUV700,2019,2.2,Diesel,Automatic,38827,7,5,715000
Tata,Nexon,2023,1.2,Petrol,DCT,22061,5,2,625000
Tata,Harrier,2020,2.1,Diesel,Manual,161140,5,1,555000
Maruti Suzuki,Alto K10,2024,1.0,Petrol,Manual,17860,5,1,235000
Tata,Punch,2021,1.2,Petrol,AMT,39352,5,1,310000
Tata,Altroz,2021,1.2,Petrol,Manual,62314,5,1,305000
Maruti Suzuki,Alto K10,2020,1.0,Petrol,Manual,63314,5,2,135000
Mahindra,XUV700,2022,2.2,Diesel,Manual,39385,7,1,950000
Toyota,Urban Cruiser Hyryder,2018,1.4,Petrol Hybrid,e-CVT,46325,5,4,595000
Kia,Sonet,2019,0.9,Petrol,Manual,73161,5,2,260000
Mahindra,Scorpio N,2026,2.2,Diesel,Manual,2139,7,1,1320000
Hyundai,Creta,2023,1.5,Diesel,Automatic,30557,5,1,690000
BMW,X1,2023,1.6,Petrol,Automatic,27161,5,1,3600000
BMW,5 Series,2023,2.0,Petrol,Automatic,26632,5,1,6385000
Mahindra,Thar,2019,2.2,Diesel,Manual,107614,4,1,445000
Tata,Nexon EV,2026,0.0,EV,Automatic,2123,5,1,895000
Tata,Harrier,2016,2.0,Diesel,Automatic,191070,5,5,290000
Skoda,Slavia,2019,1.0,Petrol,Automatic,105844,5,2,325000
Kia,Sonet,2017,1.5,Diesel,Manual,125573,5,4,240000
Honda,Amaze,2019,1.1,Petrol,CVT,133092,5,1,200000
Tata,Altroz,2024,1.2,Petrol,DCT,37751,5,1,375000
Honda,Amaze,2020,1.2,Petrol,Manual,49636,5,2,300000
Hyundai,Venue,2021,1.5,Diesel,Manual,30926,5,1,415000
Skoda,Slavia,2020,1.1,Petrol,Automatic,64693,5,4,365000
Toyota,Innova Crysta,2022,2.4,Diesel,Manual,81825,7,1,890000
Hyundai,Grand i10 Nios,2016,1.1,Petrol,AMT,115030,5,3,65000
Kia,Seltos,2026,1.5,Diesel,Automatic,1500,5,1,1545000
Hyundai,Venue,2025,1.0,Petrol,DCT,14726,5,1,595000
Tata,Nexon,2024,1.5,Diesel,AMT,18654,5,1,670000
Hyundai,Creta,2017,1.5,Petrol,DCT,78688,5,2,305000
Kia,Sonet,2019,1.5,Diesel,Manual,113025,5,3,200000
Mahindra,Scorpio N,2024,2.2,Diesel,Automatic,15565,7,1,1220000
Hyundai,Venue,2022,1.0,Petrol,DCT,21983,5,1,425000
Tata,Nexon,2023,1.2,Petrol,DCT,29666,5,1,650000
Hyundai,i20,2015,1.2,Petrol,IVT,177628,5,1,115000
Kia,Sonet,2026,1.5,Diesel,Manual,1622,5,1,965000
Hyundai,Creta,2018,1.5,Petrol,DCT,89009,5,3,295000
Toyota,Fortuner,2025,2.8,Diesel,Manual,10665,7,1,3295000
Tata,Nexon,2025,1.1,Petrol,AMT,14091,5,1,605000
Toyota,Glanza,2024,1.2,Petrol,AMT,25148,5,1,520000
Mahindra,XUV700,2018,2.2,Diesel,Manual,136233,7,2,550000
Hyundai,Grand i10 Nios,2025,1.2,Petrol,AMT,8621,5,1,405000
Volkswagen,Virtus,2024,1.1,Petrol,Automatic,24019,5,1,935000
Mahindra,XUV300,2025,1.1,Petrol,Manual,5700,5,1,765000
Hyundai,Verna,2024,1.5,Petrol,DCT,17603,5,1,820000
Hyundai,Creta,2024,1.5,Petrol,IVT,25751,5,1,970000
Maruti Suzuki,Wagon R,2024,1.2,Petrol,Manual,25117,5,1,280000
Audi,Q3,2026,2.0,Petrol,DCT,1576,5,1,5890000
Tata,Nexon,2019,1.2,Petrol,AMT,76217,5,3,260000
Honda,City,2020,1.4,Petrol Hybrid,e-CVT,55061,5,1,685000
Honda,City,2026,1.5,Petrol Hybrid,e-CVT,1500,5,1,1555000
Maruti Suzuki,Brezza,2021,1.5,Petrol,Manual,52675,5,2,320000
Toyota,Innova Crysta,2024,2.4,Diesel,Manual,18850,7,1,1035000
Hyundai,Creta,2026,1.5,Petrol,IVT,3343,5,1,1005000
Toyota,Innova Crysta,2022,2.4,Diesel,Manual,51190,7,2,920000
Tata,Nexon EV,2025,0.0,EV,Automatic,12297,5,1,1320000
Maruti Suzuki,Alto K10,2025,1.0,Petrol,AMT,11098,5,1,210000
Mahindra,XUV700,2026,2.3,Diesel,Manual,3394,7,1,1485000
Mahindra,XUV300,2019,1.2,Petrol,Manual,107133,5,2,240000
Kia,Sonet,2023,1.5,Diesel,Manual,24324,5,1,525000
Mahindra,XUV700,2020,2.0,Petrol,Manual,156226,7,2,565000
BYD,Atto 3,2019,0.0,EV,Automatic,63011,5,2,1385000
Kia,Seltos,2022,1.5,Petrol,Manual,33479,5,2,685000
Honda,City,2021,1.6,Petrol,Manual,96131,5,1,555000
Toyota,Glanza,2023,1.2,Petrol,Manual,27468,5,1,505000
Hyundai,Creta,2022,1.5,Diesel,Manual,42912,5,1,610000
Hyundai,Creta,2022,1.5,Petrol,Automatic,71853,5,1,760000
Kia,Carens,2019,1.5,Petrol,DCT,77291,7,2,525000
Hyundai,Creta,2023,1.4,Petrol,IVT,33217,5,1,660000
Tata,Punch,2015,1.2,Petrol,Manual,100729,5,3,145000
Tata,Nexon,2026,1.2,Petrol,DCT,2223,5,1,745000
Kia,Seltos,2026,1.5,Diesel,Manual,1637,5,1,1355000
Honda,City,2026,1.5,Petrol Hybrid,e-CVT,4993,5,1,1305000
Toyota,Urban Cruiser Hyryder,2022,1.5,Petrol,Automatic,50638,5,1,695000
Mahindra,XUV700,2019,2.2,Diesel,Manual,53761,7,1,690000
Mahindra,XUV300,2026,1.2,Petrol,Manual,1500,5,1,945000
Mahindra,XUV700,2019,2.0,Petrol,Automatic,38107,7,1,840000
Hyundai,i20,2022,1.1,Petrol,IVT,29574,5,1,345000
Toyota,Fortuner,2026,2.8,Diesel,Manual,5767,7,1,3560000
Maruti Suzuki,Brezza,2026,1.5,Petrol,Automatic,1737,5,1,540000
Hyundai,Verna,2023,1.5,Petrol,DCT,33678,5,2,765000
Honda,City,2023,1.5,Petrol Hybrid,e-CVT,34191,5,1,1165000
Mahindra,XUV700,2019,2.0,Petrol,Automatic,98698,7,2,455000
Tata,Harrier,2024,2.0,Diesel,Automatic,17327,5,1,785000
Mahindra,XUV700,2023,2.3,Diesel,Automatic,41187,7,1,1110000
Mahindra,Scorpio N,2025,2.2,Diesel,Automatic,4265,7,1,1670000
Hyundai,Verna,2022,1.5,Petrol,Manual,41487,5,1,425000
Hyundai,Venue,2021,0.9,Petrol,Manual,64843,5,2,300000
Hyundai,i20,2024,1.1,Petrol,DCT,17184,5,1,485000
Maruti Suzuki,Brezza,2024,1.6,Petrol,Automatic,20130,5,1,505000
Tata,Harrier,2022,2.0,Diesel,Automatic,54448,5,2,820000
Tata,Nexon EV,2015,0.0,EV,Automatic,102364,5,3,250000
Hyundai,Verna,2022,1.5,Petrol,Manual,37833,5,1,685000
Hyundai,Creta,2021,1.6,Petrol,Manual,89213,5,1,490000
Mahindra,XUV700,2019,2.0,Petrol,Manual,59015,7,1,495000
Maruti Suzuki,Ertiga,2020,1.5,Petrol,Automatic,26078,7,2,295000
Tata,Nexon,2023,1.2,Petrol,Manual,31794,5,1,500000
Kia,Carens,2019,1.5,Petrol,Manual,60251,7,3,505000
Kia,Sonet,2022,0.9,Petrol,iMT,36554,5,4,455000
Tata,Safari,2024,2.0,Diesel,Automatic,12638,7,1,1435000
Kia,Sonet,2024,1.1,Petrol,iMT,15453,5,1,620000
Honda,City,2022,1.6,Petrol,CVT,37151,5,2,495000
Kia,Sonet,2020,1.0,Petrol,iMT,79183,5,2,315000
Tata,Nexon,2018,1.2,Petrol,AMT,70698,5,1,350000
Kia,Sonet,2024,1.5,Diesel,Automatic,16355,5,1,660000
Audi,A4,2019,2.0,Petrol,DCT,68673,5,1,2105000
Lexus,ES,2026,2.5,Petrol Hybrid,e-CVT,1500,5,1,9170000
Mahindra,XUV700,2024,1.9,Petrol,Manual,12070,7,1,1100000
Mahindra,Thar,2024,2.2,Diesel,Manual,16129,4,1,795000
Kia,Sonet,2026,0.9,Petrol,DCT,2208,5,1,755000
Tata,Punch,2023,1.2,Petrol,Manual,17961,5,1,415000
Mahindra,XUV700,2024,2.3,Diesel,Automatic,19465,7,1,1260000
Maruti Suzuki,Ertiga,2016,1.5,Petrol,Manual,85103,7,2,200000
Mahindra,XUV300,2023,1.2,Petrol,Manual,35361,5,1,465000
Tata,Altroz,2020,1.2,Petrol,Manual,61161,5,2,230000
Mahindra,Thar,2018,2.0,Petrol,Manual,75324,4,2,445000
Maruti Suzuki,Wagon R,2025,1.2,Petrol,AMT,9235,5,1,395000
Tata,Harrier,2024,2.0,Diesel,Manual,10294,5,1,1140000
Kia,Carens,2024,1.5,Petrol,Manual,23636,7,1,475000
Hyundai,Creta,2026,1.5,Petrol,Manual,4614,5,1,860000
Hyundai,Creta,2022,1.6,Diesel,Manual,132131,5,1,510000
Volvo,XC40,2017,1.9,Petrol,Automatic,48669,5,4,1775000
Tata,Nexon,2018,1.5,Diesel,AMT,71768,5,1,320000
Hyundai,i20,2022,1.0,Petrol,DCT,28268,5,2,415000
Honda,City,2026,1.5,Petrol,CVT,4235,5,1,845000
Toyota,Innova Crysta,2025,2.4,Diesel,Manual,18057,7,1,1525000
Tata,Nexon,2025,1.6,Diesel,Manual,10090,5,1,755000
Hyundai,Venue,2026,1.5,Diesel,Automatic,2301,5,1,850000
Tata,Nexon,2026,1.2,Petrol,DCT,2870,5,1,940000
Honda,Amaze,2023,1.3,Petrol,CVT,43497,5,1,525000
Kia,Seltos,2022,1.5,Diesel,Automatic,63495,5,1,760000
Hyundai,i20,2025,1.2,Petrol,IVT,19460,5,1,315000
Skoda,Kushaq,2023,1.5,Petrol,DCT,33793,5,1,1135000
Maruti Suzuki,Wagon R,2024,1.2,Petrol,Manual,14810,5,1,335000
Hyundai,Creta,2020,1.5,Petrol,DCT,69361,5,2,400000
Honda,City,2020,1.5,Petrol Hybrid,e-CVT,61049,5,2,640000
Hyundai,Creta,2024,1.5,Petrol,IVT,24900,5,1,850000
Toyota,Innova Crysta,2018,2.4,Diesel,Manual,44302,7,2,680000
Tata,Tiago,2018,1.1,Petrol,AMT,217782,5,2,100000
Maruti Suzuki,Brezza,2019,1.5,Petrol,Manual,96493,5,1,170000
Mahindra,Thar,2020,2.0,Petrol,Automatic,93467,4,2,495000
Tata,Nexon,2022,1.5,Diesel,AMT,52806,5,1,555000
Toyota,Innova Crysta,2023,2.4,Diesel,Manual,12078,7,1,1530000
Kia,Sonet,2025,1.5,Diesel,Manual,18642,5,1,790000
Kia,Sonet,2023,1.5,Diesel,Manual,27704,5,1,670000
Mahindra,Thar,2024,2.0,Petrol,Automatic,17554,4,1,825000
Toyota,Innova Crysta,2023,2.3,Diesel,Manual,46434,7,1,955000
Tata,Harrier,2021,2.0,Diesel,Automatic,50175,5,2,745000
Hyundai,Grand i10 Nios,2026,1.2,Petrol,Manual,4730,5,1,480000
Hyundai,Creta,2025,1.5,Diesel,Manual,9665,5,1,1035000
Tata,Nexon EV,2019,0.0,EV,Automatic,77922,5,1,595000
Volkswagen,Taigun,2025,1.0,Petrol,Automatic,3810,5,1,695000
Maruti Suzuki,Swift,2023,1.1,Petrol,AMT,42274,5,1,310000
Volkswagen,Taigun,2024,1.5,Petrol,DCT,10552,5,1,1170000
Toyota,Fortuner,2024,2.8,Diesel,Automatic,27229,7,1,2230000
Tata,Nexon,2021,1.5,Diesel,Manual,61816,5,1,430000
Toyota,Fortuner,2026,2.8,Diesel,Automatic,4902,7,1,3830000
Maruti Suzuki,Baleno,2022,1.2,Petrol,AMT,78164,5,3,295000
Toyota,Glanza,2022,1.3,Petrol,AMT,49574,5,1,405000
Honda,City,2025,1.5,Petrol Hybrid,e-CVT,9561,5,1,1220000
Maruti Suzuki,Alto K10,2022,1.0,Petrol,AMT,20701,5,1,130000
Honda,City,2020,1.6,Petrol,Manual,36186,5,1,545000
Hyundai,Verna,2021,1.5,Petrol,Manual,79523,5,1,400000
Maruti Suzuki,Brezza,2016,1.5,Petrol,Manual,72186,5,3,170000
Tata,Altroz,2022,1.2,Petrol,Manual,64557,5,1,325000
Mahindra,XUV700,2018,2.0,Petrol,Automatic,161763,7,2,445000
Tata,Altroz,2020,1.2,Petrol,DCT,52061,5,2,180000
Toyota,Urban Cruiser Hyryder,2026,1.5,Petrol Hybrid,e-CVT,2200,5,1,2060000
Maruti Suzuki,Alto K10,2022,1.0,Petrol,AMT,44364,5,1,165000
Toyota,Urban Cruiser Hyryder,2024,1.5,Petrol,Automatic,22246,5,1,875000
Toyota,Urban Cruiser Hyryder,2025,1.5,Petrol Hybrid,e-CVT,22845,5,1,1360000
Tata,Tiago,2020,1.2,Petrol,AMT,36695,5,1,210000
Volkswagen,Virtus,2016,1.5,Petrol,DCT,92540,5,5,490000
Kia,Seltos,2024,1.5,Diesel,Manual,22773,5,1,1110000
Kia,Sonet,2022,1.0,Petrol,DCT,45688,5,1,375000
Volkswagen,Virtus,2023,0.9,Petrol,Automatic,30972,5,1,560000
Toyota,Urban Cruiser Hyryder,2026,1.6,Petrol,Automatic,1719,5,1,1315000
Tata,Punch,2020,1.2,Petrol,Manual,41762,5,1,280000
Honda,City,2023,1.5,Petrol Hybrid,e-CVT,38940,5,1,1065000
Tata,Nexon EV,2023,0.0,EV,Automatic,65243,5,1,605000
Maruti Suzuki,Baleno,2026,1.2,Petrol,AMT,1981,5,1,380000
Toyota,Glanza,2024,1.1,Petrol,Manual,11498,5,1,680000
Mahindra,XUV300,2024,1.2,Petrol,AMT,18896,5,1,695000
Volkswagen,Virtus,2024,1.0,Petrol,Automatic,9843,5,1,850000
Hyundai,Creta,2022,1.5,Petrol,Automatic,67715,5,2,620000
Mahindra,Scorpio N,2022,2.2,Diesel,Automatic,60710,7,1,700000
Kia,Sonet,2021,1.5,Diesel,Manual,151364,5,3,325000
Toyota,Urban Cruiser Hyryder,2026,1.5,Petrol Hybrid,e-CVT,4620,5,1,1905000
Hyundai,Creta,2024,1.4,Diesel,Automatic,23746,5,1,855000
Mahindra,XUV700,2024,2.1,Petrol,Manual,24239,7,1,885000
Hyundai,i20,2022,1.2,Petrol,IVT,60274,5,1,305000
Tata,Safari,2016,2.0,Diesel,Automatic,198881,7,3,335000
Maruti Suzuki,Brezza,2025,1.5,Petrol,Manual,6784,5,1,505000
Tata,Tiago,2024,1.2,Petrol,Manual,18356,5,1,380000
Tata,Safari,2023,2.0,Diesel,Automatic,54348,7,1,1330000
Hyundai,Venue,2025,1.5,Diesel,Automatic,10367,5,1,835000
Mahindra,XUV700,2016,2.2,Diesel,Manual,84196,7,3,375000
Mercedes-Benz,C-Class,2025,1.5,Petrol,Automatic,11824,5,1,4630000
Hyundai,i20,2024,1.0,Petrol,DCT,42999,5,1,565000
Toyota,Innova Crysta,2023,2.4,Diesel,Manual,19577,7,1,1145000
Toyota,Urban Cruiser Hyryder,2026,1.5,Petrol Hybrid,e-CVT,1956,5,1,1820000
Hyundai,i20,2023,1.0,Petrol,Manual,15770,5,1,500000
Kia,Seltos,2021,1.5,Petrol,Manual,44897,5,3,530000
Kia,Sonet,2020,1.4,Diesel,Manual,41276,5,2,350000
Hyundai,Creta,2025,1.5,Petrol,Automatic,12414,5,1,870000
Toyota,Innova Crysta,2022,2.4,Diesel,Automatic,55909,7,1,840000
Maruti Suzuki,Alto K10,2020,1.0,Petrol,Manual,40658,5,2,105000
Toyota,Urban Cruiser Hyryder,2018,1.6,Petrol Hybrid,e-CVT,40097,5,3,740000
Maruti Suzuki,Swift,2025,1.2,Petrol,Manual,7338,5,1,370000
Volkswagen,Taigun,2025,1.1,Petrol,Automatic,11821,5,1,840000
Volkswagen,Virtus,2019,0.9,Petrol,Manual,34851,5,1,370000
Honda,City,2026,1.6,Petrol,Manual,1500,5,1,1040000
Tata,Harrier,2023,2.1,Diesel,Automatic,28392,5,2,825000
Honda,Amaze,2026,1.2,Petrol,Manual,1964,5,1,500000
Tata,Altroz,2024,1.1,Petrol,DCT,27315,5,1,485000
Tata,Altroz,2022,1.2,Petrol,DCT,53025,5,1,330000
Kia,Seltos,2026,1.5,Diesel,Automatic,2775,5,1,935000
Hyundai,Grand i10 Nios,2021,1.2,Petrol,Manual,57672,5,4,200000
Mahindra,Thar,2021,2.3,Diesel,Manual,37413,4,1,535000
Kia,Seltos,2023,1.5,Petrol,Manual,22729,5,1,985000
Hyundai,i20,2024,1.2,Petrol,IVT,15837,5,1,410000
Kia,Seltos,2018,1.5,Petrol,IVT,117339,5,2,370000
Toyota,Urban Cruiser Hyryder,2022,1.5,Petrol,Automatic,18094,5,1,635000
Hyundai,i20,2017,1.2,Petrol,Manual,64962,5,2,160000
Hyundai,i20,2026,0.9,Petrol,DCT,5586,5,1,640000
Maruti Suzuki,Ertiga,2019,1.5,Petrol,Automatic,31393,7,2,370000
Maruti Suzuki,Ertiga,2026,1.5,Petrol,Manual,1500,7,1,555000
Skoda,Slavia,2021,1.0,Petrol,Manual,117077,5,1,355000
Mercedes-Benz,GLA,2026,1.4,Petrol,DCT,3254,5,1,6275000
Hyundai,i20,2025,1.3,Petrol,IVT,4864,5,1,355000
Honda,Amaze,2021,1.2,Petrol,Manual,64345,5,1,260000
Maruti Suzuki,Ertiga,2024,1.5,Petrol,Automatic,30380,7,1,605000
Tata,Punch,2024,1.2,Petrol,Manual,22520,5,1,380000
Tata,Harrier,2018,2.0,Diesel,Automatic,105161,5,2,630000
Kia,Sonet,2026,1.5,Diesel,Automatic,2904,5,1,705000
Skoda,Slavia,2018,1.0,Petrol,Automatic,99866,5,1,425000
Kia,Seltos,2026,1.5,Petrol,IVT,1500,5,1,1395000
Honda,City,2026,1.4,Petrol,Manual,2778,5,1,830000
Mahindra,Thar,2023,2.0,Petrol,Manual,21334,4,1,1005000
Kia,Carens,2025,1.5,Petrol,DCT,5840,7,1,855000
Toyota,Urban Cruiser Hyryder,2018,1.5,Petrol Hybrid,e-CVT,90813,5,2,480000
Honda,City,2017,1.5,Petrol Hybrid,e-CVT,144873,5,3,320000
Mahindra,Thar,2021,2.0,Petrol,Manual,25092,4,3,650000
Maruti Suzuki,Alto K10,2025,1.1,Petrol,AMT,20314,5,1,180000
Hyundai,Grand i10 Nios,2017,1.2,Petrol,AMT,51783,5,2,140000
Maruti Suzuki,Swift,2022,1.2,Petrol,AMT,57265,5,2,180000
Hyundai,Verna,2020,1.5,Petrol,Manual,21918,5,2,540000
Hyundai,Venue,2020,1.4,Diesel,Manual,87203,5,1,395000
Maruti Suzuki,Baleno,2015,1.2,Petrol,Manual,134824,5,1,100000
Mahindra,XUV700,2017,2.2,Diesel,Automatic,116016,7,2,440000
Toyota,Urban Cruiser Hyryder,2025,1.5,Petrol Hybrid,e-CVT,11811,5,1,1410000
Maruti Suzuki,Baleno,2017,1.1,Petrol,AMT,172374,5,2,100000
Mahindra,XUV700,2026,1.9,Petrol,Automatic,3356,7,1,1540000
Tata,Tiago,2023,1.2,Petrol,AMT,35458,5,2,220000
Maruti Suzuki,Wagon R,2022,1.2,Petrol,Manual,65683,5,1,190000
Hyundai,Grand i10 Nios,2026,1.2,Petrol,AMT,1729,5,1,235000
Maruti Suzuki,Ertiga,2023,1.5,Petrol,Automatic,48764,7,1,395000
Tata,Altroz,2018,1.1,Petrol,DCT,73099,5,2,225000
Toyota,Glanza,2020,1.2,Petrol,AMT,67290,5,2,225000
Kia,Seltos,2024,1.6,Diesel,Automatic,17062,5,1,870000
Mercedes-Benz,C-Class,2026,1.5,Petrol,Automatic,3719,5,1,5995000
Maruti Suzuki,Ertiga,2023,1.5,Petrol,Manual,93030,7,1,390000
Maruti Suzuki,Alto K10,2026,1.0,Petrol,Manual,3129,5,1,260000
Maruti Suzuki,Alto K10,2022,1.0,Petrol,AMT,53742,5,2,180000
Mahindra,Thar,2015,1.9,Petrol,Manual,151469,4,2,200000
Hyundai,Venue,2024,1.6,Diesel,Automatic,15104,5,1,615000
Hyundai,Verna,2021,1.5,Petrol,DCT,61467,5,1,640000
Hyundai,i20,2021,1.2,Petrol,IVT,49821,5,2,235000
Kia,Sonet,2024,1.0,Petrol,iMT,21436,5,1,665000
Kia,Carens,2021,1.6,Petrol,DCT,68986,7,1,730000
Volkswagen,Virtus,2018,0.9,Petrol,Automatic,104757,5,3,310000
Hyundai,i20,2025,1.1,Petrol,IVT,13158,5,1,425000
Maruti Suzuki,Wagon R,2022,1.2,Petrol,Manual,24563,5,2,250000
Mahindra,XUV700,2018,2.1,Diesel,Manual,190079,7,5,335000
Maruti Suzuki,Ertiga,2022,1.5,Petrol,Manual,45617,7,2,420000
Tata,Safari,2018,2.0,Diesel,Automatic,107782,7,1,550000
Hyundai,Creta,2024,1.5,Petrol,IVT,19017,5,1,770000
Tata,Nexon EV,2025,0.0,EV,Automatic,14031,5,1,745000
Toyota,Urban Cruiser Hyryder,2022,1.5,Petrol,Manual,45986,5,3,750000
Kia,Seltos,2017,1.5,Petrol,IVT,91440,5,1,335000
Hyundai,Grand i10 Nios,2022,1.1,Petrol,Manual,40083,5,3,210000
Toyota,Innova Crysta,2026,2.3,Diesel,Automatic,1743,7,1,1740000
Hyundai,Creta,2026,1.4,Petrol,Automatic,2145,5,1,1305000
Mahindra,Thar,2026,2.0,Petrol,Automatic,2175,4,1,1495000
Maruti Suzuki,Ertiga,2021,1.5,Petrol,Automatic,57472,7,2,345000
Volkswagen,Virtus,2017,1.0,Petrol,Automatic,145262,5,3,345000
Hyundai,Venue,2025,1.0,Petrol,Manual,9055,5,1,570000
Tata,Harrier,2026,2.0,Diesel,Automatic,1912,5,1,1520000
Kia,Sonet,2026,1.5,Diesel,Manual,1508,5,1,650000
Hyundai,Verna,2020,1.5,Petrol,DCT,63890,5,2,540000
Tata,Tiago,2020,1.2,Petrol,Manual,102134,5,3,190000
Mahindra,Scorpio N,2015,2.2,Diesel,Automatic,124100,7,2,270000
Kia,Seltos,2026,1.4,Diesel,Manual,2934,5,1,1040000
Hyundai,Creta,2026,1.4,Petrol,DCT,4699,5,1,980000
Honda,City,2024,1.5,Petrol,CVT,37722,5,1,760000
Mercedes-Benz,A-Class Limousine,2021,1.3,Petrol,DCT,23590,5,1,2280000
Tata,Safari,2022,2.0,Diesel,Automatic,35787,7,2,940000
Tata,Tiago,2021,1.2,Petrol,AMT,69618,5,1,205000
Hyundai,Venue,2026,1.0,Petrol,DCT,2094,5,1,805000
Kia,Sonet,2023,1.5,Diesel,Manual,21692,5,1,680000
Hyundai,i20,2021,1.2,Petrol,IVT,37703,5,1,180000
Maruti Suzuki,Alto K10,2020,1.1,Petrol,Manual,57934,5,3,130000
Kia,Carens,2022,1.5,Petrol,Manual,21761,7,2,885000
Toyota,Innova Crysta,2020,2.4,Diesel,Manual,50794,7,1,805000
Kia,Seltos,2017,1.5,Diesel,Manual,84443,5,2,345000
Maruti Suzuki,Swift,2016,1.2,Petrol,AMT,171049,5,1,95000
Hyundai,Verna,2022,1.5,Petrol,Manual,52166,5,2,450000
Honda,City,2023,1.5,Petrol,CVT,24774,5,1,495000
Volkswagen,Taigun,2024,1.1,Petrol,Manual,13361,5,1,1010000
Toyota,Urban Cruiser Hyryder,2019,1.5,Petrol Hybrid,e-CVT,59407,5,1,750000
Volkswagen,Virtus,2019,1.5,Petrol,DCT,125892,5,1,420000
Tata,Tiago,2020,1.1,Petrol,AMT,111079,5,1,125000
Tata,Punch,2021,1.2,Petrol,Manual,22511,5,1,290000
Hyundai,Venue,2020,1.0,Petrol,Manual,42742,5,2,260000
Volkswagen,Taigun,2017,0.9,Petrol,Manual,88638,5,1,330000
Mahindra,XUV700,2025,2.0,Petrol,Manual,18096,7,1,1520000
Lexus,ES,2026,2.5,Petrol Hybrid,e-CVT,3314,5,1,5755000
Mahindra,Scorpio N,2026,2.3,Diesel,Manual,2927,7,1,910000
Tata,Nexon,2025,1.2,Petrol,DCT,10997,5,1,565000
Tata,Nexon,2019,1.1,Petrol,AMT,149511,5,1,225000
Maruti Suzuki,Baleno,2019,1.2,Petrol,AMT,220000,5,1,120000
Tata,Harrier,2025,2.0,Diesel,Automatic,12689,5,1,1250000
Toyota,Fortuner,2022,2.7,Diesel,Manual,63036,7,1,1365000
Honda,Amaze,2022,1.1,Petrol,CVT,76054,5,1,350000
Kia,Sonet,2025,1.5,Diesel,Automatic,12497,5,1,645000
Tata,Harrier,2017,2.0,Diesel,Automatic,62641,5,3,440000
Toyota,Glanza,2025,1.2,Petrol,AMT,19009,5,1,695000
Kia,Sonet,2021,1.0,Petrol,Manual,135566,5,1,350000
Toyota,Glanza,2015,1.2,Petrol,Manual,96396,5,5,200000
Hyundai,Grand i10 Nios,2018,1.2,Petrol,Manual,58353,5,2,125000
Tata,Harrier,2023,2.0,Diesel,Manual,31945,5,1,1005000
Honda,Amaze,2019,1.2,Petrol,Manual,68014,5,1,255000
Kia,Seltos,2018,1.5,Diesel,Automatic,69448,5,1,375000
Maruti Suzuki,Baleno,2018,1.2,Petrol,AMT,85457,5,2,190000
Hyundai,Verna,2022,1.5,Petrol,DCT,39745,5,2,690000
Kia,Sonet,2024,1.0,Petrol,Manual,39088,5,1,670000
Tata,Nexon,2018,1.2,Petrol,Manual,34579,5,2,305000
Honda,Amaze,2023,1.2,Petrol,CVT,16317,5,1,435000
Kia,Carens,2019,1.5,Petrol,DCT,52723,7,2,540000
Toyota,Fortuner,2018,2.8,Diesel,Automatic,45732,7,1,1260000
Hyundai,i20,2025,1.0,Petrol,Manual,10974,5,1,645000
Hyundai,i20,2022,1.2,Petrol,Manual,113542,5,2,215000
Tata,Nexon EV,2026,0.0,EV,Automatic,3051,5,1,1315000
Hyundai,i20,2023,1.0,Petrol,Manual,23275,5,1,480000
Maruti Suzuki,Ertiga,2017,1.5,Petrol,Automatic,105106,7,1,210000
Kia,Seltos,2015,1.5,Diesel,Manual,99129,5,1,370000
Toyota,Glanza,2024,1.2,Petrol,Manual,23978,5,1,560000
Honda,City,2022,1.5,Petrol,CVT,31642,5,1,575000
Kia,Sonet,2021,1.1,Petrol,iMT,37417,5,3,335000
Toyota,Urban Cruiser Hyryder,2025,1.5,Petrol Hybrid,e-CVT,7568,5,1,1530000
Tata,Tiago,2024,1.2,Petrol,AMT,20062,5,1,300000
Tata,Nexon EV,2022,0.0,EV,Automatic,33211,5,1,600000
Kia,Seltos,2025,1.5,Petrol,IVT,16797,5,1,995000
Hyundai,Creta,2020,1.5,Diesel,Manual,43193,5,1,505000
Tata,Safari,2025,2.0,Diesel,Automatic,7968,7,1,1735000
Tata,Nexon,2023,1.2,Petrol,Manual,49433,5,1,565000
Tata,Harrier,2023,2.1,Diesel,Manual,18530,5,1,1020000
Toyota,Urban Cruiser Hyryder,2024,1.5,Petrol,Automatic,16400,5,1,1065000
Hyundai,i20,2018,1.2,Petrol,Manual,97569,5,2,190000
Honda,City,2025,1.4,Petrol Hybrid,e-CVT,12397,5,1,1330000
Maruti Suzuki,Ertiga,2020,1.6,Petrol,Manual,86037,7,2,280000
Tata,Punch,2018,1.2,Petrol,AMT,68817,5,1,195000
Maruti Suzuki,Brezza,2024,1.5,Petrol,Automatic,17595,5,1,465000
Hyundai,Verna,2018,1.5,Petrol,DCT,143055,5,1,355000
Skoda,Slavia,2018,1.0,Petrol,Automatic,72477,5,1,420000
Tata,Harrier,2022,2.0,Diesel,Manual,38418,5,2,695000
Hyundai,Grand i10 Nios,2025,1.2,Petrol,AMT,14500,5,1,290000
Hyundai,Grand i10 Nios,2020,1.2,Petrol,Manual,91206,5,2,195000
Kia,Sonet,2026,1.4,Diesel,Manual,5771,5,1,1025000
Toyota,Urban Cruiser Hyryder,2022,1.5,Petrol Hybrid,e-CVT,43184,5,3,685000
Hyundai,Creta,2018,1.5,Petrol,DCT,61652,5,4,400000
Volvo,XC60,2025,2.0,Petrol Hybrid,Automatic,14803,5,1,5420000
Maruti Suzuki,Baleno,2019,1.2,Petrol,AMT,83279,5,3,145000
Toyota,Glanza,2021,1.2,Petrol,AMT,46959,5,4,230000
Mahindra,Thar,2026,2.2,Diesel,Automatic,4579,4,1,1565000
Mahindra,XUV300,2025,1.2,Petrol,AMT,15805,5,1,440000
Volvo,XC40,2023,2.0,Petrol,Automatic,39628,5,1,2995000
Mahindra,Thar,2021,2.2,Diesel,Automatic,43600,4,1,570000
Maruti Suzuki,Baleno,2024,1.1,Petrol,Manual,19657,5,1,445000
Mahindra,XUV700,2021,2.2,Diesel,Automatic,39080,7,3,870000
Hyundai,Venue,2024,1.0,Petrol,DCT,20771,5,1,585000
Toyota,Fortuner,2025,2.8,Diesel,Automatic,9971,7,1,2110000
Kia,Seltos,2026,1.5,Petrol,IVT,2608,5,1,1225000
Mahindra,Thar,2023,2.2,Diesel,Automatic,35878,4,2,770000
Mahindra,XUV700,2026,2.1,Diesel,Manual,1814,7,1,1620000
Toyota,Urban Cruiser Hyryder,2025,1.5,Petrol Hybrid,e-CVT,12436,5,1,1810000
Kia,Sonet,2020,1.5,Diesel,Manual,86107,5,3,235000
Tata,Nexon EV,2021,0.0,EV,Automatic,67538,5,1,670000
Hyundai,Grand i10 Nios,2019,1.2,Petrol,Manual,48316,5,1,130000
Tata,Safari,2023,2.0,Diesel,Automatic,20138,7,1,980000
Kia,Seltos,2026,1.5,Petrol,IVT,4970,5,1,1130000
Maruti Suzuki,Swift,2021,1.2,Petrol,AMT,27654,5,2,205000
Volkswagen,Taigun,2017,1.0,Petrol,Manual,140687,5,4,235000
Tata,Altroz,2020,1.2,Petrol,Manual,59245,5,3,280000
Mercedes-Benz,GLA,2024,1.4,Petrol,DCT,30839,5,1,3695000
Kia,Sonet,2026,1.5,Diesel,Automatic,3791,5,1,670000
Mahindra,XUV700,2016,2.0,Petrol,Automatic,59196,7,2,415000
Toyota,Urban Cruiser Hyryder,2020,1.4,Petrol,Automatic,70708,5,3,550000
Tata,Altroz,2023,1.2,Petrol,DCT,14294,5,1,375000
Maruti Suzuki,Swift,2021,1.2,Petrol,AMT,57203,5,2,165000
Hyundai,Venue,2024,1.0,Petrol,Manual,14328,5,1,325000
Mahindra,XUV300,2026,1.2,Petrol,AMT,2400,5,1,615000
Skoda,Slavia,2021,1.0,Petrol,Manual,41112,5,2,555000
Hyundai,Creta,2026,1.5,Diesel,Manual,1819,5,1,1150000
Skoda,Kushaq,2022,1.0,Petrol,Manual,43832,5,1,585000
Hyundai,i20,2025,1.2,Petrol,IVT,14084,5,1,450000
Hyundai,Grand i10 Nios,2017,1.1,Petrol,AMT,66938,5,2,150000
Mahindra,Scorpio N,2018,2.3,Diesel,Automatic,73231,7,2,310000
Honda,City,2023,1.5,Petrol Hybrid,e-CVT,47488,5,1,1060000
Hyundai,Venue,2024,1.4,Diesel,Manual,40430,5,1,665000
Toyota,Fortuner,2024,2.7,Diesel,Manual,25044,7,1,2180000
Lexus,ES,2026,2.5,Petrol Hybrid,e-CVT,5622,5,1,8920000
Hyundai,i20,2020,1.2,Petrol,Manual,88748,5,1,250000
Kia,Seltos,2023,1.5,Diesel,Manual,119270,5,1,570000
Hyundai,Creta,2018,1.5,Diesel,Automatic,65712,5,2,450000
Tata,Harrier,2023,2.1,Diesel,Manual,24718,5,1,1145000
Kia,Sonet,2025,1.0,Petrol,Manual,10655,5,1,730000
Tata,Harrier,2020,2.0,Diesel,Manual,48890,5,2,745000
Mahindra,Thar,2025,2.0,Petrol,Automatic,14733,4,1,920000
Kia,Seltos,2026,1.5,Diesel,Automatic,2956,5,1,980000
Tata,Punch,2024,1.2,Petrol,Manual,15167,5,1,505000
Maruti Suzuki,Brezza,2020,1.5,Petrol,Manual,119288,5,1,245000
Mahindra,Thar,2026,2.0,Petrol,Manual,2090,4,1,995000
Toyota,Fortuner,2022,2.8,Diesel,Automatic,57240,7,2,1895000
Hyundai,Creta,2021,1.5,Petrol,DCT,59527,5,1,570000
Kia,Sonet,2021,1.5,Diesel,Manual,99895,5,1,455000
Hyundai,Creta,2019,1.5,Petrol,Automatic,56611,5,1,385000
Hyundai,Creta,2015,1.5,Petrol,DCT,59753,5,2,350000
Honda,City,2017,1.5,Petrol,Manual,124497,5,3,270000
Kia,Sonet,2026,1.0,Petrol,iMT,1918,5,1,820000
Honda,City,2024,1.5,Petrol,Manual,16072,5,1,885000
Mahindra,Scorpio N,2021,2.3,Diesel,Manual,36450,7,1,570000
Mahindra,Thar,2025,2.2,Diesel,Automatic,7904,4,1,1195000
Tata,Nexon EV,2025,0.0,EV,Automatic,11537,5,1,1140000
Hyundai,Creta,2026,1.5,Petrol,Manual,2924,5,1,1095000
Hyundai,i20,2018,1.2,Petrol,IVT,105197,5,1,135000
Kia,Seltos,2015,1.4,Diesel,Manual,77371,5,1,285000
Volvo,XC60,2020,1.9,Petrol Hybrid,Automatic,42048,5,2,2700000
Maruti Suzuki,Wagon R,2015,1.2,Petrol,AMT,154291,5,1,70000
Kia,Sonet,2019,1.4,Diesel,Manual,63015,5,1,370000
Hyundai,i20,2022,1.2,Petrol,IVT,46479,5,1,310000
Tata,Harrier,2025,1.9,Diesel,Manual,8786,5,1,1410000
Mahindra,XUV700,2025,2.0,Petrol,Automatic,5046,7,1,1020000
Tata,Nexon,2026,1.6,Diesel,Manual,6455,5,1,915000
Hyundai,Venue,2026,1.6,Diesel,Manual,4673,5,1,565000
Volkswagen,Virtus,2021,1.5,Petrol,DCT,32907,5,2,700000
Maruti Suzuki,Alto K10,2024,1.0,Petrol,AMT,30325,5,1,195000
Hyundai,Verna,2019,1.6,Petrol,IVT,65708,5,3,330000
Tata,Punch,2026,1.2,Petrol,Manual,2988,5,1,380000
Maruti Suzuki,Wagon R,2017,1.3,Petrol,AMT,187067,5,3,90000
Skoda,Kushaq,2026,1.6,Petrol,DCT,2435,5,1,1570000
Volvo,XC60,2017,2.0,Petrol Hybrid,Automatic,96190,5,1,2845000
Maruti Suzuki,Swift,2022,1.2,Petrol,Manual,47597,5,1,290000
Hyundai,Creta,2023,1.5,Diesel,Manual,38986,5,1,655000
Hyundai,Venue,2026,1.0,Petrol,DCT,5092,5,1,835000
Toyota,Urban Cruiser Hyryder,2018,1.6,Petrol Hybrid,e-CVT,41091,5,3,585000
Tata,Safari,2017,2.1,Diesel,Manual,69346,7,1,520000
Tata,Nexon EV,2018,0.0,EV,Automatic,76747,5,1,415000
Hyundai,Verna,2017,1.4,Petrol,Manual,90599,5,2,205000
Hyundai,Creta,2026,1.5,Diesel,Automatic,4483,5,1,1270000
Hyundai,Creta,2023,1.5,Petrol,Manual,36583,5,1,685000
Maruti Suzuki,Alto K10,2019,1.0,Petrol,AMT,69431,5,2,80000
Kia,Seltos,2024,1.5,Diesel,Manual,9031,5,1,855000
Honda,City,2026,1.5,Petrol Hybrid,e-CVT,4080,5,1,1450000
Tata,Altroz,2021,1.2,Petrol,DCT,28674,5,2,295000
Maruti Suzuki,Baleno,2024,1.2,Petrol,Manual,8848,5,1,395000
Honda,City,2019,1.4,Petrol Hybrid,e-CVT,54776,5,3,525000
Volvo,XC60,2022,2.0,Petrol Hybrid,Automatic,36976,5,1,5130000
Hyundai,Grand i10 Nios,2020,1.2,Petrol,Manual,56855,5,1,210000
Hyundai,Verna,2022,1.5,Petrol,Manual,48286,5,3,540000
Tata,Nexon EV,2024,0.0,EV,Automatic,29138,5,1,805000
Tata,Altroz,2017,1.2,Petrol,Manual,72443,5,1,230000
Honda,City,2017,1.5,Petrol Hybrid,e-CVT,87790,5,5,435000
Maruti Suzuki,Alto K10,2025,0.9,Petrol,Manual,7612,5,1,275000
Tata,Nexon,2023,1.2,Petrol,AMT,30906,5,1,520000
Hyundai,Creta,2016,1.5,Petrol,DCT,76833,5,3,320000
Mahindra,XUV700,2016,2.0,Petrol,Automatic,214760,7,4,215000
Tata,Nexon,2018,1.5,Diesel,Manual,109133,5,2,255000
Hyundai,Venue,2020,1.0,Petrol,Manual,65743,5,1,270000
Tata,Nexon,2026,1.4,Diesel,Manual,1746,5,1,925000
Honda,City,2022,1.5,Petrol,CVT,46958,5,1,700000
Tata,Tiago,2024,1.2,Petrol,AMT,15636,5,1,240000
Mahindra,XUV300,2026,1.3,Petrol,Manual,2180,5,1,780000
Mercedes-Benz,A-Class Limousine,2025,1.2,Petrol,DCT,15847,5,1,3060000
Hyundai,Venue,2026,1.6,Diesel,Manual,3649,5,1,880000
Tata,Altroz,2021,1.2,Petrol,DCT,43515,5,2,220000
Hyundai,i20,2015,0.9,Petrol,Manual,130594,5,3,155000
Hyundai,Creta,2026,1.4,Petrol,IVT,2544,5,1,940000
Maruti Suzuki,Ertiga,2015,1.5,Petrol,Manual,98146,7,2,160000
Tata,Nexon,2025,1.5,Diesel,AMT,9760,5,1,830000
Hyundai,Creta,2023,1.4,Petrol,Manual,19700,5,1,825000
Tata,Nexon,2021,1.2,Petrol,DCT,48530,5,2,380000
Tata,Nexon EV,2022,0.0,EV,Automatic,30495,5,1,815000
Tata,Altroz,2022,1.2,Petrol,DCT,66975,5,1,315000
Honda,City,2024,1.5,Petrol,Manual,22796,5,1,690000
Tata,Tiago,2021,1.2,Petrol,AMT,30338,5,3,195000
Kia,Seltos,2026,1.5,Diesel,Automatic,2866,5,1,1275000
Toyota,Fortuner,2017,2.7,Diesel,Manual,64567,7,3,765000
BMW,5 Series,2026,2.0,Petrol,Automatic,1500,5,1,7780000
Hyundai,Venue,2015,1.0,Petrol,Manual,67859,5,2,195000
Kia,Carens,2018,1.5,Petrol,DCT,183221,7,1,350000
Kia,Sonet,2022,1.5,Diesel,Manual,48506,5,1,400000
Toyota,Fortuner,2021,2.8,Diesel,Automatic,42851,7,1,2050000
Hyundai,Creta,2023,1.4,Petrol,Automatic,20646,5,1,765000
Hyundai,Verna,2019,1.5,Petrol,IVT,90935,5,5,250000
Mahindra,XUV700,2019,2.3,Diesel,Automatic,112557,7,2,545000
Tata,Nexon,2026,1.6,Diesel,Manual,1500,5,1,815000
Kia,Seltos,2022,1.5,Petrol,IVT,37782,5,2,675000
Kia,Sonet,2020,1.5,Diesel,Automatic,29493,5,1,515000
Hyundai,Verna,2024,1.5,Petrol,Manual,20321,5,1,775000
Hyundai,Verna,2024,1.5,Petrol,Manual,14128,5,1,1005000
Volkswagen,Taigun,2021,1.5,Petrol,DCT,47834,5,1,875000
Volkswagen,Virtus,2024,1.5,Petrol,DCT,30254,5,1,1390000
Toyota,Urban Cruiser Hyryder,2021,1.5,Petrol Hybrid,e-CVT,87057,5,1,660000
Maruti Suzuki,Swift,2019,1.1,Petrol,Manual,70403,5,3,155000
Mahindra,XUV700,2026,2.1,Petrol,Automatic,1531,7,1,1670000
Hyundai,Verna,2015,1.6,Petrol,IVT,131092,5,2,240000
Maruti Suzuki,Baleno,2016,1.2,Petrol,AMT,116961,5,3,100000
Mahindra,XUV300,2025,1.2,Petrol,AMT,9751,5,1,595000
Hyundai,Verna,2021,1.4,Petrol,DCT,55033,5,2,445000
Kia,Carens,2022,1.5,Petrol,Manual,45653,7,2,625000
Maruti Suzuki,Baleno,2022,1.2,Petrol,AMT,39823,5,1,260000
Toyota,Glanza,2023,1.2,Petrol,AMT,35030,5,1,490000
Hyundai,Grand i10 Nios,2026,1.3,Petrol,Manual,2335,5,1,415000
Kia,Sonet,2021,1.6,Diesel,Manual,74791,5,1,380000
Kia,Carens,2026,1.4,Petrol,Manual,3642,7,1,1485000
Toyota,Urban Cruiser Hyryder,2022,1.5,Petrol Hybrid,e-CVT,42095,5,2,990000
Toyota,Urban Cruiser Hyryder,2024,1.5,Petrol,Manual,14611,5,1,795000
Maruti Suzuki,Baleno,2026,1.2,Petrol,AMT,2858,5,1,375000
Hyundai,Creta,2026,1.5,Petrol,IVT,2857,5,1,920000
Honda,City,2017,1.5,Petrol,CVT,78635,5,3,265000
Mahindra,XUV700,2022,2.2,Diesel,Manual,58930,7,1,680000
Hyundai,i20,2024,1.0,Petrol,DCT,29959,5,1,425000
Hyundai,Creta,2025,1.5,Petrol,DCT,5485,5,1,1320000
Kia,Seltos,2016,1.5,Diesel,Automatic,175370,5,4,295000
Volkswagen,Virtus,2017,1.5,Petrol,DCT,68159,5,3,435000
Hyundai,Verna,2019,1.5,Petrol,IVT,65519,5,2,380000
Mahindra,Scorpio N,2023,2.2,Diesel,Manual,26598,7,2,785000
Audi,Q3,2022,2.0,Petrol,DCT,32366,5,2,3335000
Hyundai,Verna,2026,1.5,Petrol,DCT,1635,5,1,1180000
Hyundai,Verna,2022,1.5,Petrol,Manual,35956,5,1,595000
Honda,City,2019,1.6,Petrol,CVT,43280,5,1,455000
Hyundai,Grand i10 Nios,2025,1.2,Petrol,AMT,13464,5,1,315000
Hyundai,Venue,2022,1.5,Diesel,Manual,62315,5,1,450000
Hyundai,i20,2020,1.0,Petrol,Manual,45059,5,1,370000
Toyota,Fortuner,2020,2.9,Diesel,Manual,67913,7,1,1360000
Kia,Sonet,2024,1.4,Diesel,Manual,26658,5,1,585000
Hyundai,i20,2021,1.0,Petrol,DCT,104932,5,1,250000
Tata,Nexon EV,2021,0.0,EV,Automatic,53375,5,1,645000
Mahindra,XUV700,2023,2.0,Petrol,Automatic,35915,7,1,775000
Maruti Suzuki,Ertiga,2026,1.5,Petrol,Manual,1694,7,1,695000
Toyota,Innova Crysta,2024,2.3,Diesel,Manual,18052,7,1,1460000
Hyundai,i20,2019,1.2,Petrol,IVT,133910,5,1,150000
Honda,City,2020,1.5,Petrol Hybrid,e-CVT,85632,5,1,650000
Mahindra,XUV300,2019,1.2,Petrol,Manual,62258,5,2,290000
Mahindra,XUV700,2026,2.0,Petrol,Manual,2812,7,1,1580000
Tata,Nexon,2022,1.5,Diesel,AMT,27325,5,1,490000
Toyota,Urban Cruiser Hyryder,2026,1.5,Petrol Hybrid,e-CVT,1500,5,1,1720000
Hyundai,Creta,2025,1.5,Diesel,Manual,9643,5,1,825000
Honda,City,2024,1.5,Petrol,Manual,11023,5,1,930000
Tata,Safari,2015,2.0,Diesel,Manual,137096,7,2,310000
Maruti Suzuki,Baleno,2024,1.2,Petrol,AMT,21838,5,1,460000
Hyundai,Verna,2026,1.5,Petrol,Manual,2050,5,1,1140000
Mahindra,Thar,2025,2.2,Diesel,Manual,7552,4,1,730000
Kia,Seltos,2024,1.5,Diesel,Manual,17928,5,1,765000
Tata,Nexon,2026,1.5,Diesel,AMT,1560,5,1,1135000
Hyundai,Creta,2018,1.5,Diesel,Manual,105441,5,3,415000
Kia,Seltos,2022,1.5,Diesel,Manual,53059,5,2,720000
Mahindra,Thar,2018,2.2,Diesel,Manual,57783,4,1,480000
Tata,Nexon,2022,1.2,Petrol,Manual,72733,5,2,425000
Toyota,Urban Cruiser Hyryder,2023,1.5,Petrol,Automatic,46249,5,1,785000
Toyota,Glanza,2023,1.3,Petrol,AMT,26321,5,1,375000
Skoda,Kushaq,2023,1.0,Petrol,Automatic,28422,5,1,855000
Hyundai,Venue,2023,1.5,Diesel,Manual,27767,5,1,475000
Tata,Tiago,2023,1.2,Petrol,AMT,45054,5,1,265000
Hyundai,Grand i10 Nios,2026,1.2,Petrol,Manual,2387,5,1,425000
Kia,Seltos,2017,1.5,Diesel,Manual,98915,5,2,360000
Hyundai,Verna,2021,1.5,Petrol,Manual,23549,5,1,635000
Honda,City,2026,1.4,Petrol,CVT,5651,5,1,1115000
Mercedes-Benz,GLA,2026,1.3,Petrol,DCT,3902,5,1,6245000
Toyota,Urban Cruiser Hyryder,2022,1.5,Petrol,Manual,39378,5,2,730000
Maruti Suzuki,Alto K10,2022,1.0,Petrol,Manual,55343,5,3,170000
Honda,Amaze,2017,1.2,Petrol,Manual,148012,5,2,200000
Hyundai,i20,2025,1.2,Petrol,IVT,6488,5,1,410000
Maruti Suzuki,Baleno,2025,1.3,Petrol,Manual,14614,5,1,350000
Tata,Tiago,2024,1.1,Petrol,Manual,24565,5,1,290000
Kia,Sonet,2024,1.0,Petrol,iMT,14412,5,1,685000
Tata,Nexon,2024,1.5,Diesel,AMT,30020,5,1,650000
Kia,Carens,2023,1.5,Petrol,Manual,33063,7,1,960000
Mahindra,XUV700,2026,2.0,Petrol,Manual,5128,7,1,1580000
Skoda,Slavia,2019,1.0,Petrol,Automatic,66288,5,3,425000
Hyundai,Grand i10 Nios,2022,1.2,Petrol,Manual,111251,5,1,160000
Mahindra,Thar,2022,2.0,Petrol,Automatic,52718,4,3,635000
Hyundai,Creta,2025,1.5,Petrol,IVT,9963,5,1,880000
Maruti Suzuki,Brezza,2026,1.5,Petrol,Automatic,2061,5,1,565000
Tata,Punch,2022,1.2,Petrol,Manual,66219,5,2,250000
Maruti Suzuki,Baleno,2026,1.2,Petrol,Manual,1634,5,1,570000
Toyota,Innova Crysta,2025,2.5,Diesel,Manual,17385,7,1,1440000
Maruti Suzuki,Ertiga,2023,1.5,Petrol,Automatic,36197,7,1,525000
Toyota,Glanza,2015,1.2,Petrol,Manual,171738,5,5,200000
Tata,Nexon,2022,1.2,Petrol,DCT,40813,5,1,455000
Hyundai,Creta,2025,1.5,Petrol,IVT,12637,5,1,985000
Tata,Nexon,2019,1.4,Diesel,AMT,43818,5,2,385000
Hyundai,Verna,2024,1.5,Petrol,IVT,23844,5,1,630000
Maruti Suzuki,Swift,2026,1.2,Petrol,Manual,3432,5,1,440000
Hyundai,Grand i10 Nios,2017,1.3,Petrol,Manual,64290,5,2,145000
Tata,Altroz,2019,1.2,Petrol,Manual,89094,5,2,240000
Toyota,Urban Cruiser Hyryder,2025,1.6,Petrol,Manual,13488,5,1,970000
Toyota,Urban Cruiser Hyryder,2016,1.5,Petrol,Automatic,79829,5,2,360000
Tata,Safari,2023,2.0,Diesel,Manual,36241,7,1,970000
Hyundai,Venue,2022,1.1,Petrol,Manual,50420,5,1,300000
Hyundai,Creta,2022,1.5,Diesel,Manual,68870,5,1,535000
Mahindra,Scorpio N,2021,2.2,Diesel,Manual,60481,7,2,540000
Tata,Tiago,2024,1.2,Petrol,Manual,21594,5,1,350000
Honda,City,2018,1.6,Petrol,Manual,55709,5,2,280000
Tata,Harrier,2025,2.0,Diesel,Manual,17005,5,1,1405000
Maruti Suzuki,Brezza,2020,1.6,Petrol,Manual,34580,5,4,250000
Tata,Safari,2025,2.0,Diesel,Manual,13002,7,1,1515000
Hyundai,Verna,2018,1.5,Petrol,IVT,138258,5,5,165000
Hyundai,Verna,2015,1.5,Petrol,Manual,78071,5,2,205000
Tata,Punch,2019,1.2,Petrol,AMT,64999,5,2,230000
Kia,Sonet,2021,1.6,Diesel,Automatic,42914,5,1,455000
Hyundai,i20,2023,1.0,Petrol,DCT,73524,5,2,455000
Toyota,Urban Cruiser Hyryder,2020,1.5,Petrol,Automatic,146312,5,3,440000
Toyota,Fortuner,2023,2.8,Diesel,Manual,22361,7,1,2190000
Hyundai,Venue,2026,1.5,Diesel,Automatic,1907,5,1,545000
Maruti Suzuki,Swift,2024,1.2,Petrol,AMT,21083,5,1,290000
Tata,Altroz,2020,1.2,Petrol,DCT,38462,5,3,200000
Skoda,Slavia,2025,1.0,Petrol,Manual,7997,5,1,1140000
Honda,Amaze,2020,1.2,Petrol,CVT,98912,5,1,245000
Maruti Suzuki,Baleno,2025,1.2,Petrol,Manual,18624,5,1,390000
Hyundai,Creta,2021,1.6,Diesel,Automatic,31250,5,1,670000
Toyota,Glanza,2026,1.2,Petrol,AMT,2843,5,1,710000
Maruti Suzuki,Swift,2024,1.2,Petrol,AMT,12806,5,1,260000
Kia,Sonet,2022,1.1,Petrol,iMT,41776,5,1,415000
Mahindra,Thar,2016,2.0,Petrol,Manual,71144,4,4,285000
Maruti Suzuki,Brezza,2022,1.5,Petrol,Manual,36538,5,1,265000
Hyundai,Creta,2024,1.5,Petrol,Manual,11905,5,1,790000
Mahindra,Thar,2026,2.2,Diesel,Manual,3093,4,1,1570000
Mahindra,Thar,2020,2.2,Diesel,Manual,76045,4,1,650000
Kia,Seltos,2026,1.5,Diesel,Automatic,1538,5,1,1010000
Kia,Seltos,2022,1.6,Diesel,Automatic,33775,5,2,605000
Tata,Punch,2016,1.2,Petrol,AMT,75342,5,3,125000
Kia,Carens,2020,1.5,Petrol,Manual,82020,7,3,435000
Hyundai,i20,2026,1.1,Petrol,Manual,1715,5,1,690000
Honda,Amaze,2023,1.2,Petrol,Manual,30424,5,1,550000
Kia,Seltos,2024,1.5,Diesel,Manual,6951,5,1,865000
Tata,Punch,2024,1.2,Petrol,AMT,12341,5,1,395000
Kia,Carens,2020,1.5,Petrol,DCT,70459,7,1,620000
Maruti Suzuki,Wagon R,2019,1.3,Petrol,AMT,70627,5,2,155000
Lexus,ES,2022,2.4,Petrol Hybrid,e-CVT,38781,5,1,4195000
Kia,Sonet,2021,1.4,Diesel,Automatic,116352,5,2,370000
Hyundai,Venue,2020,1.5,Diesel,Automatic,67631,5,1,335000
Kia,Sonet,2023,1.0,Petrol,iMT,37094,5,1,445000
Maruti Suzuki,Ertiga,2026,1.4,Petrol,Manual,1536,7,1,570000
Maruti Suzuki,Baleno,2026,1.2,Petrol,AMT,2396,5,1,570000
Mahindra,Thar,2021,1.9,Petrol,Manual,29504,4,1,590000
Kia,Sonet,2022,1.4,Diesel,Automatic,66005,5,3,440000
Mahindra,Thar,2025,2.0,Petrol,Automatic,7721,4,1,950000
Maruti Suzuki,Baleno,2020,1.2,Petrol,Manual,92527,5,1,235000
Mahindra,XUV700,2024,2.0,Petrol,Automatic,18133,7,1,1010000
Tata,Tiago,2018,1.2,Petrol,AMT,41064,5,1,150000
Hyundai,Creta,2025,1.4,Petrol,DCT,6527,5,1,1265000
Hyundai,Venue,2018,1.6,Diesel,Manual,50333,5,3,300000
Tata,Nexon,2022,1.5,Diesel,Manual,21914,5,2,545000
Tata,Altroz,2021,1.2,Petrol,Manual,55313,5,1,325000
Kia,Seltos,2025,1.4,Diesel,Manual,19271,5,1,1035000
Hyundai,Creta,2017,1.4,Petrol,Automatic,131119,5,1,395000
Kia,Seltos,2026,1.5,Petrol,Manual,2738,5,1,850000
Honda,City,2018,1.5,Petrol Hybrid,e-CVT,36817,5,1,440000
Toyota,Glanza,2024,1.3,Petrol,AMT,41937,5,1,355000
Maruti Suzuki,Baleno,2015,1.2,Petrol,AMT,74733,5,5,120000
Tata,Safari,2023,2.0,Diesel,Manual,25154,7,1,1280000
Honda,City,2018,1.5,Petrol Hybrid,e-CVT,96248,5,4,510000
Kia,Carens,2022,1.5,Petrol,Manual,17872,7,2,715000
Tata,Safari,2022,2.0,Diesel,Manual,17100,7,1,725000
Kia,Sonet,2018,1.5,Diesel,Automatic,125596,5,4,225000
BMW,5 Series,2026,2.0,Petrol,Automatic,3453,5,1,8505000
Hyundai,Grand i10 Nios,2019,1.2,Petrol,AMT,63701,5,1,195000
Maruti Suzuki,Swift,2017,1.2,Petrol,AMT,55144,5,3,115000
Toyota,Fortuner,2022,2.8,Diesel,Manual,64889,7,1,1755000
Mahindra,Scorpio N,2020,2.2,Diesel,Automatic,63653,7,1,725000
Volkswagen,Taigun,2020,1.5,Petrol,DCT,33727,5,2,715000
Kia,Sonet,2021,1.0,Petrol,iMT,49121,5,1,420000
BYD,Atto 3,2026,0.0,EV,Automatic,2190,5,1,2975000
Volvo,XC60,2024,2.0,Petrol Hybrid,Automatic,21362,5,1,4045000
Mercedes-Benz,C-Class,2023,1.6,Petrol,Automatic,45029,5,1,4660000
Hyundai,Creta,2018,1.5,Petrol,Automatic,69459,5,5,360000
Honda,Amaze,2022,1.2,Petrol,CVT,29868,5,1,500000
Tata,Nexon EV,2020,0.0,EV,Automatic,78615,5,2,495000
Mercedes-Benz,GLA,2025,1.3,Petrol,DCT,4653,5,1,3985000
Tata,Nexon EV,2025,0.0,EV,Automatic,12144,5,1,1085000
Tata,Tiago,2024,1.2,Petrol,AMT,14724,5,1,345000
Kia,Seltos,2026,1.5,Petrol,Manual,5732,5,1,875000
Maruti Suzuki,Brezza,2020,1.5,Petrol,Manual,39028,5,2,225000
Hyundai,Grand i10 Nios,2024,1.2,Petrol,Manual,22266,5,1,340000
Hyundai,Creta,2025,1.5,Petrol,DCT,8573,5,1,895000
Kia,Sonet,2024,1.5,Diesel,Manual,34296,5,1,680000
Kia,Sonet,2021,1.5,Diesel,Automatic,84365,5,1,465000
Maruti Suzuki,Swift,2017,1.3,Petrol,AMT,80587,5,4,90000
Skoda,Kushaq,2025,1.0,Petrol,Automatic,9444,5,1,930000
Hyundai,Verna,2021,1.5,Petrol,Manual,59700,5,1,470000
Mahindra,Thar,2026,2.2,Diesel,Manual,2593,4,1,1250000
Tata,Tiago,2026,1.1,Petrol,AMT,2419,5,1,375000
Maruti Suzuki,Swift,2015,1.2,Petrol,AMT,145675,5,2,85000
Hyundai,Creta,2020,1.5,Diesel,Manual,74059,5,2,380000
Honda,City,2016,1.5,Petrol,CVT,169636,5,1,225000
Volkswagen,Virtus,2021,1.5,Petrol,DCT,66677,5,1,855000
Tata,Nexon,2021,1.6,Diesel,Manual,75354,5,2,420000
Toyota,Glanza,2025,1.2,Petrol,Manual,6036,5,1,500000
Maruti Suzuki,Wagon R,2023,1.2,Petrol,AMT,31169,5,1,250000
Mahindra,XUV300,2025,1.2,Petrol,Manual,9288,5,1,665000
Mahindra,Thar,2026,2.2,Diesel,Manual,3021,4,1,1285000
Tata,Nexon,2022,1.5,Diesel,AMT,31242,5,2,490000
Tata,Altroz,2022,1.2,Petrol,DCT,100226,5,1,265000
Volkswagen,Virtus,2025,1.0,Petrol,Automatic,11520,5,1,770000
Maruti Suzuki,Baleno,2019,1.2,Petrol,Manual,53265,5,2,165000
Hyundai,i20,2020,1.2,Petrol,Manual,36193,5,2,240000
Tata,Punch,2023,1.3,Petrol,AMT,52742,5,1,400000
Tata,Safari,2018,2.0,Diesel,Automatic,60776,7,5,600000
Mahindra,Thar,2021,2.0,Petrol,Manual,42661,4,1,760000
Toyota,Urban Cruiser Hyryder,2025,1.5,Petrol Hybrid,e-CVT,18923,5,1,1350000
Mahindra,Thar,2023,2.2,Diesel,Manual,36969,4,1,890000
Mahindra,XUV700,2024,2.2,Diesel,Automatic,18723,7,1,1275000
Tata,Nexon EV,2023,0.0,EV,Automatic,31165,5,1,935000
Mahindra,Scorpio N,2020,2.2,Diesel,Automatic,97030,7,1,495000
Tata,Altroz,2019,1.2,Petrol,Manual,46135,5,1,240000
Maruti Suzuki,Wagon R,2026,1.1,Petrol,AMT,2679,5,1,360000
Skoda,Kushaq,2026,1.5,Petrol,DCT,1500,5,1,1645000
Tata,Punch,2024,1.2,Petrol,Manual,22735,5,1,385000
Hyundai,Verna,2021,1.5,Petrol,Manual,41210,5,1,460000
Hyundai,Creta,2018,1.5,Diesel,Manual,68362,5,2,395000
Tata,Harrier,2020,2.0,Diesel,Automatic,32305,5,1,700000
Hyundai,Creta,2015,1.5,Petrol,DCT,55482,5,2,320000
Hyundai,Verna,2024,1.4,Petrol,Manual,18526,5,1,815000
Tata,Nexon EV,2020,0.0,EV,Automatic,54664,5,2,625000
Honda,City,2025,1.5,Petrol Hybrid,e-CVT,19545,5,1,1475000
Skoda,Kushaq,2025,1.0,Petrol,Automatic,11359,5,1,920000
Audi,Q3,2025,2.0,Petrol,DCT,8163,5,1,5090000
Honda,City,2025,1.5,Petrol,Manual,9831,5,1,845000
Maruti Suzuki,Alto K10,2024,1.0,Petrol,AMT,22869,5,1,280000
Kia,Seltos,2019,1.5,Diesel,Automatic,35980,5,4,530000
Kia,Sonet,2022,1.5,Diesel,Manual,34958,5,1,560000
BMW,5 Series,2025,2.1,Petrol,Automatic,8006,5,1,5540000
Maruti Suzuki,Swift,2021,1.3,Petrol,AMT,104152,5,2,175000
Volkswagen,Virtus,2026,1.1,Petrol,Automatic,3566,5,1,1190000
Volkswagen,Taigun,2019,1.0,Petrol,Automatic,99014,5,2,405000
Hyundai,Verna,2016,1.5,Petrol,IVT,128829,5,1,250000
Toyota,Innova Crysta,2017,2.4,Diesel,Automatic,66420,7,3,585000
Tata,Nexon EV,2025,0.0,EV,Automatic,7533,5,1,1255000
Lexus,ES,2024,2.5,Petrol Hybrid,e-CVT,46898,5,1,5280000
Maruti Suzuki,Brezza,2026,1.5,Petrol,Manual,1500,5,1,600000
Tata,Safari,2020,2.0,Diesel,Automatic,33256,7,1,610000
Kia,Sonet,2024,1.5,Diesel,Automatic,14546,5,1,700000
Lexus,ES,2023,2.4,Petrol Hybrid,e-CVT,21782,5,1,3270000
Tata,Tiago,2019,1.2,Petrol,Manual,114860,5,1,160000
Hyundai,i20,2024,1.1,Petrol,Manual,23362,5,1,430000
Kia,Carens,2017,1.5,Petrol,DCT,68969,7,5,450000
Mahindra,Thar,2021,1.9,Petrol,Automatic,48566,4,1,650000
Tata,Nexon EV,2025,0.0,EV,Automatic,14739,5,1,1115000
Tata,Harrier,2015,2.0,Diesel,Manual,166533,5,4,305000
Skoda,Kushaq,2023,1.6,Petrol,DCT,24956,5,2,1110000
Maruti Suzuki,Baleno,2017,1.2,Petrol,AMT,98909,5,1,185000
Hyundai,Verna,2022,1.5,Petrol,Manual,54444,5,1,660000
Tata,Nexon,2025,1.5,Diesel,Manual,15073,5,1,720000
Hyundai,Venue,2021,1.5,Diesel,Automatic,34631,5,2,500000
Toyota,Fortuner,2015,2.8,Diesel,Manual,215294,7,1,450000
Hyundai,Creta,2018,1.4,Diesel,Automatic,140442,5,2,350000
Hyundai,Verna,2021,1.5,Petrol,Manual,135334,5,2,440000
Maruti Suzuki,Swift,2020,1.2,Petrol,AMT,76691,5,1,195000
Maruti Suzuki,Swift,2017,1.2,Petrol,Manual,94426,5,2,135000
Hyundai,Grand i10 Nios,2026,1.2,Petrol,AMT,2266,5,1,325000
Tata,Tiago,2026,1.2,Petrol,AMT,3456,5,1,295000
Hyundai,i20,2019,1.2,Petrol,Manual,105646,5,3,145000
Maruti Suzuki,Wagon R,2022,1.2,Petrol,AMT,14855,5,2,265000
Kia,Seltos,2019,1.5,Petrol,IVT,96646,5,1,390000
Kia,Sonet,2025,1.4,Diesel,Automatic,7474,5,1,685000
Tata,Harrier,2023,2.0,Diesel,Manual,24440,5,1,1045000
Mahindra,Scorpio N,2025,2.2,Diesel,Automatic,16765,7,1,1065000
Kia,Seltos,2021,1.6,Petrol,IVT,29112,5,3,550000
Toyota,Glanza,2024,1.2,Petrol,Manual,25878,5,1,595000
BMW,3 Series,2024,2.0,Petrol,Automatic,18414,5,1,4230000
Toyota,Urban Cruiser Hyryder,2025,1.6,Petrol,Automatic,10454,5,1,1155000
Mahindra,XUV300,2022,1.2,Petrol,Manual,34192,5,1,490000
Mahindra,XUV300,2016,1.3,Petrol,AMT,135709,5,2,200000
Mahindra,XUV700,2019,2.2,Diesel,Manual,68158,7,2,590000
Maruti Suzuki,Alto K10,2026,0.9,Petrol,AMT,2687,5,1,340000
Kia,Sonet,2026,1.0,Petrol,DCT,1609,5,1,905000
Toyota,Fortuner,2019,2.8,Diesel,Manual,25925,7,2,1780000
Mahindra,XUV700,2022,2.2,Diesel,Automatic,58179,7,1,1010000
Hyundai,Creta,2023,1.5,Diesel,Manual,45405,5,1,525000
Toyota,Urban Cruiser Hyryder,2025,1.5,Petrol Hybrid,e-CVT,7547,5,1,1445000
Maruti Suzuki,Alto K10,2024,1.0,Petrol,AMT,40341,5,1,210000
Maruti Suzuki,Swift,2025,1.2,Petrol,Manual,10690,5,1,330000
Hyundai,Venue,2016,1.5,Diesel,Manual,105762,5,1,220000
Maruti Suzuki,Wagon R,2025,1.2,Petrol,AMT,9884,5,1,370000
Maruti Suzuki,Ertiga,2020,1.5,Petrol,Automatic,103827,7,2,260000
Hyundai,i20,2024,1.0,Petrol,DCT,20591,5,1,475000
Honda,Amaze,2016,1.2,Petrol,Manual,144433,5,3,200000
Volvo,XC40,2025,2.1,Petrol,Automatic,9930,5,1,3255000
Maruti Suzuki,Swift,2026,1.2,Petrol,AMT,2515,5,1,325000
Skoda,Kushaq,2024,1.5,Petrol,DCT,27359,5,1,1080000
Tata,Altroz,2026,1.2,Petrol,DCT,1560,5,1,675000
Tata,Tiago,2017,1.3,Petrol,Manual,117853,5,4,110000
Kia,Sonet,2025,1.5,Diesel,Manual,6618,5,1,610000
Tata,Nexon,2020,1.1,Petrol,AMT,74464,5,1,395000
Toyota,Urban Cruiser Hyryder,2021,1.4,Petrol,Automatic,47297,5,2,695000
Honda,City,2026,1.5,Petrol Hybrid,e-CVT,1687,5,1,1680000
Tata,Punch,2019,1.2,Petrol,Manual,86288,5,2,260000
Hyundai,Creta,2026,1.5,Diesel,Automatic,2389,5,1,1000000
Tata,Nexon,2023,1.4,Diesel,AMT,36587,5,1,630000
Mahindra,XUV700,2020,2.1,Petrol,Automatic,85138,7,1,655000
Hyundai,Venue,2024,1.1,Petrol,DCT,21459,5,1,360000
Maruti Suzuki,Alto K10,2025,1.0,Petrol,AMT,17384,5,1,200000
Toyota,Fortuner,2022,2.8,Diesel,Manual,33456,7,1,1650000
Toyota,Innova Crysta,2024,2.4,Diesel,Manual,24583,7,1,1725000
Mahindra,Thar,2026,2.0,Petrol,Automatic,3014,4,1,1235000
Tata,Altroz,2026,1.2,Petrol,DCT,3364,5,1,460000
Tata,Safari,2026,2.0,Diesel,Manual,1997,7,1,1170000
Tata,Harrier,2015,2.1,Diesel,Manual,220000,5,2,260000
Maruti Suzuki,Swift,2023,1.2,Petrol,AMT,21787,5,2,260000
Toyota,Urban Cruiser Hyryder,2018,1.5,Petrol,Automatic,80188,5,3,320000
Toyota,Urban Cruiser Hyryder,2021,1.5,Petrol Hybrid,e-CVT,43877,5,2,615000
Mahindra,XUV700,2026,1.9,Petrol,Manual,3730,7,1,1530000
Mahindra,Scorpio N,2019,2.2,Diesel,Automatic,86496,7,2,595000
Volkswagen,Taigun,2025,1.5,Petrol,DCT,7274,5,1,1300000
Honda,Amaze,2022,1.3,Petrol,Manual,33567,5,1,390000
Hyundai,Creta,2022,1.6,Petrol,DCT,68114,5,2,540000
Kia,Carens,2025,1.5,Petrol,Manual,9732,7,1,1065000
Tata,Harrier,2021,2.0,Diesel,Automatic,35334,5,1,880000
Tata,Altroz,2020,1.1,Petrol,DCT,64669,5,1,300000
Maruti Suzuki,Baleno,2022,1.2,Petrol,Manual,43408,5,1,305000
Maruti Suzuki,Ertiga,2017,1.5,Petrol,Automatic,103986,7,3,180000
Mahindra,Thar,2025,2.0,Petrol,Automatic,9396,4,1,1030000
Toyota,Urban Cruiser Hyryder,2022,1.5,Petrol Hybrid,e-CVT,38749,5,1,900000
Hyundai,Venue,2026,1.0,Petrol,DCT,1500,5,1,515000
Maruti Suzuki,Wagon R,2022,1.2,Petrol,Manual,22898,5,2,300000
Kia,Seltos,2026,1.5,Petrol,IVT,2049,5,1,890000
Hyundai,i20,2018,1.2,Petrol,Manual,90717,5,1,110000
Maruti Suzuki,Wagon R,2026,1.2,Petrol,Manual,1500,5,1,495000
Hyundai,i20,2020,1.2,Petrol,Manual,32302,5,1,190000
Kia,Sonet,2021,1.5,Diesel,Manual,120202,5,1,425000
Hyundai,Verna,2022,1.6,Petrol,Manual,49604,5,2,500000
Kia,Seltos,2019,1.5,Petrol,Manual,56888,5,2,450000
Honda,City,2019,1.5,Petrol,Manual,105733,5,2,245000
Maruti Suzuki,Baleno,2019,1.2,Petrol,AMT,111621,5,2,170000
Kia,Sonet,2017,1.5,Diesel,Automatic,36758,5,1,315000
Toyota,Urban Cruiser Hyryder,2020,1.6,Petrol,Manual,80033,5,2,670000
Kia,Carens,2026,1.4,Petrol,DCT,2352,7,1,1110000
Honda,Amaze,2025,1.2,Petrol,CVT,10324,5,1,640000
Mahindra,Thar,2019,2.2,Diesel,Automatic,76002,4,3,350000
Tata,Nexon,2018,1.2,Petrol,Manual,66138,5,2,260000
Audi,Q3,2021,2.0,Petrol,DCT,40982,5,1,3510000
Volkswagen,Virtus,2018,1.0,Petrol,Automatic,47069,5,3,460000
Mahindra,Thar,2021,2.2,Diesel,Manual,117737,4,1,465000
Mahindra,Thar,2021,2.0,Petrol,Manual,88330,4,1,565000
Volkswagen,Taigun,2021,1.5,Petrol,DCT,114779,5,2,790000
Toyota,Innova Crysta,2026,2.4,Diesel,Manual,2194,7,1,1695000
Kia,Sonet,2023,1.6,Diesel,Manual,43246,5,1,645000
Maruti Suzuki,Brezza,2024,1.4,Petrol,Manual,14884,5,1,365000
Mahindra,XUV700,2024,2.3,Diesel,Automatic,10432,7,1,1480000
Tata,Safari,2026,2.0,Diesel,Automatic,2740,7,1,1935000
Toyota,Fortuner,2021,2.8,Diesel,Automatic,94027,7,1,1840000
Hyundai,i20,2024,1.0,Petrol,DCT,68219,5,1,355000
Hyundai,Venue,2025,1.1,Petrol,DCT,9401,5,1,630000
Kia,Sonet,2019,1.0,Petrol,Manual,81647,5,4,330000
Mahindra,XUV700,2018,2.0,Petrol,Manual,40120,7,5,410000
Hyundai,Verna,2025,1.5,Petrol,Manual,10274,5,1,780000
Hyundai,Venue,2023,1.1,Petrol,Manual,28645,5,1,525000
Hyundai,Verna,2018,1.5,Petrol,Manual,124112,5,2,320000
Hyundai,Venue,2021,1.5,Diesel,Manual,63255,5,1,420000
Honda,Amaze,2023,1.2,Petrol,CVT,34306,5,1,505000
Hyundai,i20,2016,1.2,Petrol,Manual,103593,5,2,115000
Kia,Sonet,2024,1.0,Petrol,iMT,21351,5,1,475000
Tata,Nexon EV,2019,0.0,EV,Automatic,68110,5,1,540000
Mahindra,Scorpio N,2024,2.2,Diesel,Automatic,16419,7,1,1000000
Kia,Sonet,2021,1.4,Diesel,Manual,21680,5,1,430000
Tata,Nexon,2023,1.2,Petrol,DCT,34634,5,1,550000
Tata,Nexon,2021,1.5,Diesel,AMT,71998,5,1,465000
Hyundai,Verna,2025,1.5,Petrol,DCT,10434,5,1,1175000
Tata,Nexon,2021,1.5,Diesel,AMT,109137,5,1,420000
Maruti Suzuki,Baleno,2021,1.2,Petrol,Manual,62368,5,1,235000
Toyota,Fortuner,2020,2.8,Diesel,Manual,46394,7,3,1295000
Hyundai,Venue,2021,1.5,Diesel,Manual,47958,5,1,370000
Hyundai,Venue,2026,1.5,Diesel,Manual,2334,5,1,915000
Volkswagen,Virtus,2023,1.1,Petrol,Automatic,41596,5,1,870000
Tata,Nexon,2022,1.5,Diesel,Manual,84014,5,2,350000
Maruti Suzuki,Swift,2026,1.2,Petrol,Manual,2981,5,1,375000
Kia,Carens,2020,1.5,Petrol,DCT,51929,7,1,705000
Tata,Nexon,2022,1.4,Diesel,Manual,63078,5,1,425000
Tata,Nexon,2022,1.5,Diesel,AMT,61281,5,1,335000
Toyota,Glanza,2024,1.1,Petrol,AMT,20433,5,1,555000
Tata,Nexon,2022,1.2,Petrol,Manual,47620,5,1,470000
Tata,Punch,2025,1.2,Petrol,AMT,9036,5,1,600000
Toyota,Fortuner,2023,2.8,Diesel,Automatic,36610,7,1,1905000
Tata,Nexon,2018,1.6,Diesel,AMT,60381,5,4,230000
Skoda,Kushaq,2017,1.5,Petrol,DCT,152533,5,1,445000
Maruti Suzuki,Swift,2023,1.2,Petrol,Manual,32247,5,1,260000
Mahindra,XUV300,2015,1.2,Petrol,AMT,144077,5,3,200000
Tata,Altroz,2022,1.2,Petrol,Manual,39560,5,1,355000
Tata,Punch,2026,1.1,Petrol,Manual,2435,5,1,655000
Skoda,Kushaq,2017,0.9,Petrol,Manual,113853,5,2,365000
Hyundai,Creta,2022,1.6,Petrol,DCT,35589,5,1,660000
Skoda,Kushaq,2021,1.4,Petrol,DCT,47620,5,4,565000
Tata,Harrier,2026,2.0,Diesel,Manual,3308,5,1,1640000
Mahindra,XUV700,2016,2.0,Petrol,Manual,70013,7,1,480000
Mahindra,Scorpio N,2025,2.2,Diesel,Automatic,14554,7,1,985000
Tata,Punch,2023,1.2,Petrol,AMT,35428,5,2,405000
Toyota,Fortuner,2018,2.9,Diesel,Automatic,110481,7,2,1030000
Maruti Suzuki,Baleno,2017,1.1,Petrol,Manual,49672,5,2,170000
Kia,Sonet,2025,1.5,Diesel,Manual,10252,5,1,800000
Toyota,Innova Crysta,2018,2.4,Diesel,Automatic,93539,7,1,635000
Maruti Suzuki,Baleno,2024,1.1,Petrol,Manual,26877,5,1,345000
Mercedes-Benz,C-Class,2023,1.5,Petrol,Automatic,61147,5,2,3635000
Mahindra,XUV700,2026,2.2,Diesel,Manual,1629,7,1,1640000
Mahindra,Thar,2024,2.2,Diesel,Manual,16381,4,1,900000
Toyota,Urban Cruiser Hyryder,2023,1.5,Petrol Hybrid,e-CVT,26431,5,1,1090000
Volkswagen,Virtus,2025,1.4,Petrol,DCT,8435,5,1,1265000
Honda,City,2021,1.5,Petrol,Manual,48008,5,1,525000
Hyundai,i20,2019,1.0,Petrol,Manual,43199,5,1,330000
Mahindra,Scorpio N,2020,2.2,Diesel,Manual,40016,7,1,555000
BMW,5 Series,2019,2.0,Petrol,Automatic,89340,5,2,2290000
Tata,Nexon,2016,1.2,Petrol,AMT,173236,5,3,160000
Toyota,Fortuner,2026,2.9,Diesel,Manual,3415,7,1,4100000
Tata,Nexon,2023,1.2,Petrol,Manual,20445,5,1,645000
Hyundai,i20,2025,1.0,Petrol,Manual,18566,5,1,620000
Tata,Nexon EV,2026,0.0,EV,Automatic,2490,5,1,1280000
Kia,Sonet,2017,1.5,Diesel,Automatic,59105,5,4,225000
Tata,Altroz,2022,1.2,Petrol,DCT,58124,5,1,340000
Mahindra,Thar,2024,2.0,Petrol,Automatic,17664,4,1,1010000
Maruti Suzuki,Alto K10,2026,0.9,Petrol,AMT,3104,5,1,280000
Maruti Suzuki,Brezza,2020,1.5,Petrol,Manual,40552,5,2,305000
Toyota,Urban Cruiser Hyryder,2025,1.5,Petrol Hybrid,e-CVT,9459,5,1,1220000
Hyundai,Creta,2026,1.5,Diesel,Manual,2382,5,1,1065000
Skoda,Slavia,2023,1.0,Petrol,Manual,21366,5,1,740000
Hyundai,i20,2021,1.2,Petrol,Manual,53623,5,1,260000
Hyundai,Verna,2024,1.5,Petrol,Manual,21135,5,1,735000
Hyundai,Creta,2025,1.5,Petrol,Manual,4680,5,1,980000
Mahindra,XUV700,2026,2.0,Petrol,Automatic,3459,7,1,1000000
Honda,Amaze,2021,1.2,Petrol,CVT,68900,5,2,280000
Tata,Nexon EV,2026,0.0,EV,Automatic,4373,5,1,1340000
Toyota,Glanza,2020,1.2,Petrol,AMT,107718,5,1,210000
Kia,Seltos,2024,1.5,Petrol,IVT,30397,5,1,835000
Kia,Seltos,2024,1.5,Diesel,Manual,7379,5,1,875000
Toyota,Glanza,2019,1.2,Petrol,Manual,50672,5,2,225000
Mahindra,Thar,2023,2.2,Diesel,Automatic,33203,4,1,690000
Tata,Nexon,2023,1.2,Petrol,Manual,23842,5,1,470000
Tata,Altroz,2022,1.2,Petrol,DCT,36646,5,1,385000
Honda,City,2022,1.5,Petrol,Manual,22063,5,1,825000
Toyota,Glanza,2019,1.2,Petrol,Manual,67330,5,3,245000
Mercedes-Benz,C-Class,2023,1.5,Petrol,Automatic,30237,5,1,5235000
Mahindra,XUV300,2024,1.3,Petrol,Manual,13835,5,1,720000
Honda,City,2026,1.5,Petrol Hybrid,e-CVT,1980,5,1,1675000
Tata,Nexon EV,2017,0.0,EV,Automatic,97493,5,1,430000
Skoda,Kushaq,2025,1.5,Petrol,DCT,11181,5,1,1110000
Tata,Punch,2021,1.2,Petrol,Manual,56198,5,1,275000
Mahindra,Thar,2020,2.2,Diesel,Automatic,96904,4,2,525000
Tata,Altroz,2024,1.1,Petrol,Manual,38774,5,1,240000
Hyundai,Verna,2022,1.6,Petrol,Manual,21865,5,1,540000
Hyundai,Venue,2026,1.5,Diesel,Manual,3035,5,1,945000
Tata,Nexon,2025,1.2,Petrol,Manual,8201,5,1,765000
Skoda,Kushaq,2018,1.5,Petrol,DCT,59937,5,3,535000
Kia,Seltos,2022,1.5,Petrol,IVT,33759,5,1,520000
Hyundai,Venue,2018,1.5,Diesel,Automatic,56589,5,1,215000
Maruti Suzuki,Brezza,2026,1.4,Petrol,Automatic,1902,5,1,595000
Toyota,Urban Cruiser Hyryder,2025,1.5,Petrol,Manual,8654,5,1,1075000
Hyundai,Venue,2018,1.5,Diesel,Manual,79190,5,5,235000
Kia,Seltos,2026,1.5,Petrol,Manual,2150,5,1,1130000
Hyundai,Creta,2017,1.5,Petrol,DCT,141755,5,3,280000
Hyundai,Grand i10 Nios,2026,1.2,Petrol,Manual,3360,5,1,350000
Hyundai,Creta,2023,1.5,Diesel,Automatic,37120,5,1,795000
Kia,Seltos,2024,1.5,Petrol,IVT,40991,5,1,830000
Mahindra,XUV700,2021,1.9,Petrol,Automatic,44505,7,2,710000
Mahindra,Thar,2023,2.2,Diesel,Manual,32792,4,1,870000
Mahindra,Thar,2025,2.0,Petrol,Manual,10233,4,1,1280000
Volkswagen,Taigun,2025,1.0,Petrol,Manual,15671,5,1,825000
Skoda,Kushaq,2017,1.0,Petrol,Automatic,68489,5,2,425000
Hyundai,Verna,2022,1.5,Petrol,Manual,121964,5,1,415000
Hyundai,Creta,2024,1.4,Petrol,Manual,12149,5,1,830000
Toyota,Urban Cruiser Hyryder,2019,1.5,Petrol,Automatic,88905,5,1,385000
Tata,Altroz,2026,1.2,Petrol,Manual,3512,5,1,625000
Maruti Suzuki,Brezza,2017,1.5,Petrol,Automatic,75948,5,3,130000
Hyundai,Creta,2023,1.5,Petrol,IVT,23557,5,2,485000
Hyundai,i20,2026,1.1,Petrol,Manual,3110,5,1,500000
Tata,Safari,2023,2.0,Diesel,Manual,81133,7,1,975000
Hyundai,Verna,2018,1.6,Petrol,Manual,83025,5,1,280000
Hyundai,Creta,2026,1.5,Petrol,Manual,2505,5,1,735000
Hyundai,Verna,2024,1.5,Petrol,Manual,10453,5,1,665000
Kia,Seltos,2017,1.5,Petrol,Manual,104431,5,3,200000
Audi,A4,2015,2.1,Petrol,DCT,220000,5,2,735000
Volkswagen,Taigun,2026,1.0,Petrol,Manual,3500,5,1,1365000
Kia,Carens,2019,1.5,Petrol,DCT,55607,7,2,450000
Mahindra,XUV300,2022,1.2,Petrol,AMT,28882,5,1,555000
Maruti Suzuki,Alto K10,2024,1.0,Petrol,AMT,21037,5,1,275000
Tata,Safari,2021,2.1,Diesel,Manual,82885,7,2,510000
Tata,Punch,2025,1.2,Petrol,Manual,8368,5,1,425000
Mahindra,Thar,2023,2.0,Petrol,Manual,32978,4,1,880000
Hyundai,Creta,2023,1.5,Petrol,Manual,40481,5,1,760000
Tata,Safari,2022,2.0,Diesel,Manual,41140,7,1,1035000
Skoda,Slavia,2022,1.0,Petrol,Manual,40146,5,2,510000
Mahindra,Scorpio N,2021,2.2,Diesel,Automatic,26491,7,1,825000
Toyota,Fortuner,2018,2.8,Diesel,Automatic,100168,7,3,1185000
Toyota,Glanza,2026,1.2,Petrol,Manual,2728,5,1,585000
Hyundai,Creta,2026,1.5,Diesel,Automatic,6203,5,1,805000
Hyundai,Verna,2024,1.5,Petrol,IVT,26201,5,1,655000
Maruti Suzuki,Ertiga,2026,1.5,Petrol,Automatic,4560,7,1,585000
Toyota,Fortuner,2025,2.8,Diesel,Manual,12511,7,1,3155000
Tata,Safari,2024,2.1,Diesel,Manual,25823,7,1,1175000
Mahindra,Thar,2021,2.0,Petrol,Automatic,14951,4,2,885000
Honda,City,2025,1.5,Petrol,Manual,20853,5,1,845000
Hyundai,Verna,2025,1.5,Petrol,DCT,10374,5,1,990000
Honda,City,2021,1.5,Petrol,Manual,52462,5,1,370000
Maruti Suzuki,Swift,2021,1.3,Petrol,AMT,59448,5,1,175000
Mahindra,Thar,2020,2.0,Petrol,Automatic,73864,4,2,595000
Hyundai,Venue,2025,1.5,Diesel,Manual,9805,5,1,840000
Mahindra,XUV700,2021,2.2,Diesel,Automatic,26700,7,1,925000
Hyundai,i20,2017,1.0,Petrol,Manual,104514,5,4,175000
Tata,Nexon EV,2024,0.0,EV,Automatic,9688,5,1,1050000
Toyota,Urban Cruiser Hyryder,2019,1.5,Petrol Hybrid,e-CVT,25253,5,1,725000
Hyundai,i20,2026,1.2,Petrol,IVT,1500,5,1,525000
Skoda,Kushaq,2022,1.0,Petrol,Manual,35765,5,1,635000
Tata,Harrier,2018,2.1,Diesel,Manual,44467,5,1,580000
Mahindra,XUV700,2017,2.2,Diesel,Automatic,77493,7,3,390000
Kia,Carens,2023,1.5,Petrol,DCT,23363,7,2,980000
Kia,Carens,2020,1.5,Petrol,DCT,59427,7,2,510000
Maruti Suzuki,Ertiga,2026,1.5,Petrol,Manual,5373,7,1,730000
Toyota,Urban Cruiser Hyryder,2024,1.6,Petrol Hybrid,e-CVT,56371,5,1,1195000
Maruti Suzuki,Alto K10,2021,1.0,Petrol,AMT,43841,5,1,120000
Kia,Seltos,2026,1.4,Petrol,Manual,1500,5,1,945000
Hyundai,Venue,2016,1.0,Petrol,Manual,170793,5,2,115000
Tata,Tiago,2024,1.2,Petrol,Manual,17982,5,1,270000
Maruti Suzuki,Alto K10,2025,1.0,Petrol,AMT,6053,5,1,280000
Kia,Seltos,2021,1.4,Diesel,Manual,33246,5,1,710000
Hyundai,Verna,2026,1.5,Petrol,Manual,1960,5,1,605000
Tata,Nexon EV,2016,0.0,EV,Automatic,102933,5,2,260000
Volkswagen,Virtus,2024,1.0,Petrol,Manual,12739,5,1,760000
Hyundai,Grand i10 Nios,2022,1.2,Petrol,Manual,50533,5,2,230000
Maruti Suzuki,Swift,2017,1.2,Petrol,AMT,62456,5,1,145000
Maruti Suzuki,Ertiga,2020,1.6,Petrol,Manual,75102,7,3,270000
Honda,City,2020,1.5,Petrol Hybrid,e-CVT,42037,5,4,605000
Hyundai,Venue,2020,1.5,Diesel,Manual,43704,5,2,345000
Volkswagen,Virtus,2020,1.4,Petrol,DCT,36884,5,3,730000
Tata,Harrier,2024,2.1,Diesel,Manual,42247,5,1,1010000
Mahindra,XUV700,2023,2.2,Diesel,Manual,37476,7,2,885000
Tata,Nexon,2026,1.6,Diesel,AMT,1829,5,1,770000
Hyundai,Creta,2022,1.5,Petrol,IVT,61150,5,1,435000
Maruti Suzuki,Baleno,2022,1.2,Petrol,AMT,70387,5,1,250000
Toyota,Urban Cruiser Hyryder,2015,1.5,Petrol Hybrid,e-CVT,114248,5,3,450000
Maruti Suzuki,Baleno,2022,1.2,Petrol,AMT,39225,5,1,315000
Toyota,Urban Cruiser Hyryder,2015,1.5,Petrol,Manual,185736,5,1,210000
Kia,Seltos,2025,1.5,Petrol,Manual,4818,5,1,1070000
Mahindra,XUV700,2022,2.0,Petrol,Manual,47925,7,2,605000
Honda,Amaze,2025,1.2,Petrol,Manual,12152,5,1,605000
Maruti Suzuki,Alto K10,2025,1.0,Petrol,AMT,16652,5,1,215000
Volkswagen,Taigun,2024,1.0,Petrol,Manual,21929,5,1,865000
Mahindra,Thar,2025,2.2,Diesel,Manual,10950,4,1,975000
Hyundai,Creta,2024,1.5,Petrol,Automatic,17224,5,1,835000
Mahindra,Thar,2025,2.0,Petrol,Manual,12010,4,1,1015000
Mahindra,Thar,2022,2.2,Diesel,Automatic,95200,4,2,425000
Mahindra,XUV300,2020,1.1,Petrol,Manual,39685,5,2,295000
Tata,Nexon,2025,1.5,Diesel,Manual,16655,5,1,735000
Mercedes-Benz,A-Class Limousine,2017,1.3,Petrol,DCT,96719,5,3,1330000
Hyundai,Creta,2024,1.5,Petrol,Automatic,19195,5,1,900000
Hyundai,Creta,2015,1.5,Diesel,Manual,58216,5,1,260000
Toyota,Urban Cruiser Hyryder,2023,1.5,Petrol Hybrid,e-CVT,20151,5,1,1045000
Tata,Punch,2024,1.2,Petrol,AMT,7359,5,1,475000
Maruti Suzuki,Wagon R,2024,1.2,Petrol,AMT,13313,5,1,320000
Kia,Carens,2024,1.5,Petrol,DCT,25156,7,1,1035000
Maruti Suzuki,Alto K10,2019,0.9,Petrol,Manual,41402,5,3,125000
Honda,City,2022,1.5,Petrol Hybrid,e-CVT,64565,5,2,860000
Honda,City,2026,1.5,Petrol,Manual,2484,5,1,1235000
Mahindra,XUV700,2022,2.0,Petrol,Manual,40929,7,3,810000
Mahindra,XUV300,2021,1.2,Petrol,AMT,56212,5,1,235000
Hyundai,Creta,2019,1.4,Petrol,IVT,44884,5,1,385000
Hyundai,Creta,2019,1.5,Petrol,Automatic,92516,5,1,395000
Tata,Harrier,2021,2.0,Diesel,Manual,84912,5,1,680000
Maruti Suzuki,Baleno,2022,1.3,Petrol,AMT,44455,5,1,325000
Toyota,Innova Crysta,2020,2.3,Diesel,Automatic,73048,7,1,750000
Tata,Nexon,2026,1.5,Diesel,AMT,3610,5,1,730000
Maruti Suzuki,Baleno,2023,1.1,Petrol,AMT,25722,5,1,280000
BMW,X1,2021,1.5,Petrol,Automatic,81400,5,1,2520000
Skoda,Kushaq,2018,1.0,Petrol,Manual,89990,5,1,245000
Maruti Suzuki,Swift,2021,1.2,Petrol,Manual,74108,5,1,195000
Hyundai,Grand i10 Nios,2020,1.2,Petrol,AMT,83905,5,1,160000
Honda,City,2025,1.5,Petrol Hybrid,e-CVT,13171,5,1,1405000
Toyota,Glanza,2026,1.2,Petrol,Manual,2062,5,1,790000
Maruti Suzuki,Wagon R,2015,1.2,Petrol,AMT,120714,5,1,100000
Tata,Nexon,2025,1.2,Petrol,AMT,11691,5,1,675000
Skoda,Slavia,2020,0.9,Petrol,Automatic,81844,5,1,405000
Volkswagen,Virtus,2022,1.5,Petrol,DCT,62459,5,2,945000
Mahindra,XUV300,2023,1.2,Petrol,AMT,29792,5,2,400000
Toyota,Fortuner,2017,2.8,Diesel,Automatic,120737,7,3,995000
Tata,Safari,2026,2.0,Diesel,Automatic,1587,7,1,1540000
Tata,Nexon,2017,1.4,Diesel,Manual,146167,5,2,235000
Toyota,Urban Cruiser Hyryder,2025,1.5,Petrol,Automatic,7162,5,1,975000
Hyundai,Grand i10 Nios,2026,1.2,Petrol,AMT,3341,5,1,330000
Tata,Nexon EV,2026,0.0,EV,Automatic,2857,5,1,1310000
Maruti Suzuki,Brezza,2016,1.5,Petrol,Automatic,113071,5,2,125000
Maruti Suzuki,Baleno,2022,1.2,Petrol,Manual,43010,5,1,235000
Hyundai,Verna,2024,1.5,Petrol,Manual,27034,5,1,925000
Mahindra,Thar,2023,2.0,Petrol,Manual,45130,4,2,860000
Volkswagen,Taigun,2025,1.5,Petrol,DCT,7610,5,1,1340000
Hyundai,Creta,2021,1.5,Petrol,DCT,75179,5,1,640000
Toyota,Glanza,2018,1.2,Petrol,Manual,155180,5,1,200000
Volkswagen,Taigun,2026,1.0,Petrol,Automatic,1500,5,1,1260000
Skoda,Kushaq,2022,1.5,Petrol,DCT,27868,5,2,1060000
Audi,Q3,2024,2.0,Petrol,DCT,23304,5,1,3175000
Hyundai,Grand i10 Nios,2015,1.2,Petrol,Manual,220000,5,3,65000
Maruti Suzuki,Baleno,2018,1.3,Petrol,Manual,69273,5,3,165000
Kia,Sonet,2026,1.0,Petrol,DCT,3233,5,1,970000
Tata,Nexon,2018,1.5,Diesel,AMT,136863,5,2,245000
Hyundai,i20,2024,1.0,Petrol,Manual,29173,5,1,625000
Mahindra,XUV700,2026,2.2,Diesel,Automatic,3702,7,1,1130000
Tata,Tiago,2024,1.2,Petrol,AMT,15564,5,1,315000
Mahindra,Scorpio N,2018,2.1,Diesel,Manual,62912,7,4,380000
Toyota,Glanza,2025,1.2,Petrol,Manual,17891,5,1,550000
Hyundai,i20,2018,1.2,Petrol,Manual,87867,5,3,125000
Honda,City,2023,1.5,Petrol,Manual,32860,5,1,775000
Hyundai,Venue,2020,1.0,Petrol,DCT,110412,5,1,200000
Tata,Tiago,2019,1.2,Petrol,Manual,62346,5,2,140000
Mahindra,Thar,2021,2.2,Diesel,Manual,67865,4,2,725000
Tata,Nexon,2023,1.2,Petrol,DCT,20638,5,2,515000
BMW,3 Series,2018,2.0,Petrol,Automatic,58045,5,2,2320000
Mahindra,Scorpio N,2025,2.2,Diesel,Automatic,8179,7,1,1475000
Mahindra,XUV700,2021,2.2,Diesel,Manual,42490,7,1,875000
Hyundai,Creta,2020,1.5,Diesel,Manual,69670,5,3,475000
Toyota,Innova Crysta,2024,2.4,Diesel,Manual,19095,7,1,1345000
Tata,Safari,2021,2.0,Diesel,Automatic,50809,7,1,925000
Hyundai,Creta,2024,1.5,Petrol,Automatic,24233,5,1,870000
Kia,Seltos,2026,1.5,Diesel,Automatic,2898,5,1,1210000
Hyundai,Creta,2024,1.5,Diesel,Automatic,30573,5,1,885000
Hyundai,i20,2022,1.0,Petrol,Manual,42184,5,1,440000
Toyota,Urban Cruiser Hyryder,2023,1.6,Petrol,Automatic,34033,5,1,825000
Maruti Suzuki,Ertiga,2021,1.5,Petrol,Automatic,59115,7,1,320000
Tata,Nexon,2015,1.2,Petrol,AMT,134386,5,3,150000
Tata,Safari,2023,2.0,Diesel,Manual,53404,7,1,960000
Kia,Sonet,2026,1.5,Diesel,Manual,2987,5,1,915000
Volvo,XC60,2022,2.0,Petrol Hybrid,Automatic,52259,5,1,3185000
Kia,Seltos,2026,1.5,Diesel,Automatic,2680,5,1,1250000
Hyundai,Verna,2024,1.5,Petrol,DCT,22355,5,1,945000
Mahindra,Scorpio N,2017,2.1,Diesel,Manual,56944,7,1,505000
Tata,Nexon,2026,1.5,Diesel,Manual,2067,5,1,975000
Honda,City,2019,1.5,Petrol Hybrid,e-CVT,156947,5,2,435000
Mahindra,Thar,2020,2.2,Diesel,Manual,43366,4,1,650000
Mahindra,Thar,2018,2.1,Petrol,Manual,61601,4,1,325000
Tata,Altroz,2025,1.3,Petrol,Manual,7098,5,1,510000
Tata,Punch,2016,1.3,Petrol,Manual,206921,5,2,120000
Tata,Harrier,2026,2.0,Diesel,Manual,2220,5,1,1840000
Maruti Suzuki,Swift,2017,1.2,Petrol,Manual,60288,5,3,125000
Toyota,Urban Cruiser Hyryder,2024,1.5,Petrol Hybrid,e-CVT,24700,5,1,1065000
Hyundai,Grand i10 Nios,2019,1.3,Petrol,Manual,90092,5,2,120000
Hyundai,Verna,2021,1.5,Petrol,Manual,46243,5,2,505000
Tata,Harrier,2015,2.0,Diesel,Manual,144890,5,2,340000
Hyundai,Verna,2024,1.5,Petrol,Manual,11826,5,1,1060000
Kia,Carens,2023,1.4,Petrol,Manual,32764,7,2,1080000
Honda,City,2020,1.5,Petrol,Manual,54367,5,2,515000
Skoda,Kushaq,2025,1.5,Petrol,DCT,15036,5,1,1095000
Kia,Sonet,2020,1.0,Petrol,DCT,77282,5,1,315000
Kia,Carens,2023,1.5,Petrol,DCT,39806,7,2,615000
Hyundai,Creta,2024,1.5,Diesel,Manual,28018,5,1,840000
Hyundai,Verna,2016,1.5,Petrol,Manual,150670,5,4,200000
Maruti Suzuki,Ertiga,2026,1.6,Petrol,Automatic,2656,7,1,870000
Mahindra,XUV300,2026,1.3,Petrol,Manual,2417,5,1,735000
Maruti Suzuki,Brezza,2016,1.5,Petrol,Manual,188809,5,3,125000
Toyota,Urban Cruiser Hyryder,2022,1.5,Petrol,Manual,33080,5,3,625000
Mahindra,XUV700,2020,2.0,Petrol,Manual,29104,7,1,740000
Tata,Nexon,2026,1.2,Petrol,AMT,2359,5,1,795000
Hyundai,i20,2020,1.2,Petrol,Manual,106054,5,1,145000
Kia,Sonet,2024,1.4,Diesel,Manual,25021,5,1,885000
Mahindra,XUV300,2025,1.2,Petrol,Manual,15218,5,1,640000
Honda,Amaze,2023,1.2,Petrol,CVT,31170,5,2,425000
Hyundai,i20,2019,1.2,Petrol,IVT,42430,5,1,220000
Volkswagen,Taigun,2021,1.5,Petrol,DCT,57772,5,1,785000
Hyundai,Verna,2019,1.5,Petrol,DCT,152356,5,2,285000
Kia,Sonet,2025,1.0,Petrol,iMT,13047,5,1,620000
Kia,Carens,2025,1.5,Petrol,DCT,13340,7,1,970000
Hyundai,Grand i10 Nios,2025,1.2,Petrol,AMT,19989,5,1,235000
Mercedes-Benz,GLA,2016,1.3,Petrol,DCT,141029,5,3,1075000
Tata,Nexon,2019,1.6,Diesel,AMT,24570,5,3,340000
Mahindra,XUV700,2023,2.2,Diesel,Manual,26916,7,2,1125000
Maruti Suzuki,Brezza,2026,1.5,Petrol,Automatic,3299,5,1,495000
Mahindra,Scorpio N,2020,2.1,Diesel,Manual,91815,7,1,430000
Toyota,Glanza,2026,1.2,Petrol,Manual,2296,5,1,535000
Mahindra,Thar,2024,2.2,Diesel,Automatic,19901,4,1,790000
Maruti Suzuki,Brezza,2024,1.5,Petrol,Automatic,14833,5,1,310000
Mahindra,Scorpio N,2026,2.2,Diesel,Automatic,1500,7,1,1175000
Kia,Seltos,2021,1.5,Petrol,IVT,56516,5,1,490000
Mahindra,Thar,2021,2.2,Diesel,Automatic,29007,4,1,510000
Hyundai,Grand i10 Nios,2024,1.2,Petrol,AMT,19007,5,1,345000
Volkswagen,Taigun,2026,1.5,Petrol,DCT,3504,5,1,1250000
Hyundai,Venue,2023,1.5,Diesel,Automatic,25457,5,1,505000
Maruti Suzuki,Baleno,2023,1.2,Petrol,Manual,48548,5,1,365000
Maruti Suzuki,Swift,2024,1.2,Petrol,Manual,32869,5,1,175000
Honda,Amaze,2025,1.1,Petrol,CVT,9486,5,1,555000
Kia,Seltos,2022,1.5,Petrol,IVT,48817,5,2,685000
Audi,Q3,2021,2.0,Petrol,DCT,37868,5,1,3150000
Tata,Nexon,2023,1.1,Petrol,AMT,18615,5,1,700000
Toyota,Innova Crysta,2022,2.3,Diesel,Manual,39977,7,1,1240000
Hyundai,Creta,2025,1.5,Diesel,Automatic,4533,5,1,1055000
Tata,Harrier,2026,2.0,Diesel,Manual,1500,5,1,1195000
Mahindra,XUV700,2018,2.2,Diesel,Manual,54165,7,2,625000
Hyundai,i20,2022,1.1,Petrol,Manual,87612,5,1,330000
Honda,City,2020,1.5,Petrol Hybrid,e-CVT,88505,5,2,695000
Hyundai,i20,2024,1.2,Petrol,IVT,30665,5,1,420000
Hyundai,i20,2023,1.0,Petrol,DCT,48379,5,1,430000
Hyundai,Venue,2025,1.0,Petrol,DCT,4829,5,1,525000
Hyundai,Creta,2023,1.5,Petrol,Manual,15104,5,1,765000
Maruti Suzuki,Ertiga,2020,1.5,Petrol,Manual,68476,7,1,325000
BMW,X1,2026,1.5,Petrol,Automatic,3781,5,1,5090000
Kia,Carens,2022,1.5,Petrol,Manual,33385,7,1,990000
Maruti Suzuki,Brezza,2026,1.5,Petrol,Automatic,3668,5,1,605000
Hyundai,Venue,2017,1.5,Diesel,Automatic,76972,5,3,155000
Mahindra,XUV300,2026,1.2,Petrol,AMT,2248,5,1,905000
Hyundai,Venue,2020,1.0,Petrol,DCT,55254,5,1,270000
Maruti Suzuki,Brezza,2023,1.5,Petrol,Automatic,37862,5,2,385000
Mahindra,XUV700,2026,1.9,Petrol,Manual,2511,7,1,1435000
Hyundai,Creta,2017,1.5,Diesel,Manual,66126,5,4,305000
Kia,Sonet,2015,1.0,Petrol,DCT,99476,5,1,200000
Volkswagen,Taigun,2026,1.5,Petrol,DCT,3242,5,1,1545000
Honda,City,2023,1.5,Petrol,Manual,37184,5,1,680000
Mahindra,Thar,2026,2.0,Petrol,Automatic,2110,4,1,980000
Mahindra,XUV700,2025,2.2,Diesel,Manual,14785,7,1,1335000
Hyundai,Creta,2019,1.6,Diesel,Automatic,38545,5,2,565000
Toyota,Fortuner,2026,2.8,Diesel,Manual,1891,7,1,2575000
Tata,Safari,2022,2.0,Diesel,Manual,35719,7,1,790000
Mahindra,Thar,2023,2.2,Diesel,Manual,32859,4,1,855000
Hyundai,Verna,2026,1.5,Petrol,Manual,2688,5,1,780000
Hyundai,Creta,2022,1.5,Petrol,DCT,29189,5,1,775000
Honda,City,2022,1.5,Petrol Hybrid,e-CVT,64741,5,2,625000
Kia,Seltos,2015,1.5,Petrol,IVT,140642,5,1,200000
Hyundai,Venue,2017,1.6,Diesel,Automatic,82882,5,1,255000
Toyota,Urban Cruiser Hyryder,2016,1.5,Petrol,Manual,67683,5,2,265000
Toyota,Urban Cruiser Hyryder,2025,1.5,Petrol,Automatic,10133,5,1,965000
Hyundai,Creta,2021,1.5,Diesel,Manual,42951,5,1,625000
Hyundai,Verna,2021,1.5,Petrol,Manual,96439,5,2,380000
Hyundai,Verna,2019,1.5,Petrol,DCT,95498,5,2,375000
Maruti Suzuki,Ertiga,2023,1.4,Petrol,Manual,86906,7,1,380000
Mahindra,XUV700,2024,2.3,Diesel,Manual,14566,7,1,1200000
Volvo,XC40,2023,2.0,Petrol,Automatic,27006,5,1,2260000
Hyundai,Creta,2025,1.5,Diesel,Manual,19423,5,1,915000
Hyundai,i20,2025,1.0,Petrol,Manual,12751,5,1,535000
Hyundai,Grand i10 Nios,2025,1.2,Petrol,Manual,8392,5,1,335000
Mahindra,XUV700,2020,2.0,Petrol,Manual,42414,7,4,665000
Maruti Suzuki,Swift,2018,1.1,Petrol,Manual,124489,5,2,75000
Hyundai,Creta,2021,1.5,Petrol,Manual,45622,5,3,560000
Tata,Nexon EV,2023,0.0,EV,Automatic,34919,5,1,755000
Tata,Safari,2018,2.0,Diesel,Manual,126059,7,2,455000
Hyundai,Grand i10 Nios,2023,1.2,Petrol,AMT,35670,5,1,235000
Mahindra,Scorpio N,2023,2.2,Diesel,Manual,38394,7,1,1045000
Maruti Suzuki,Swift,2023,1.2,Petrol,AMT,21652,5,1,300000
Kia,Sonet,2021,1.5,Diesel,Manual,86476,5,1,345000
Tata,Punch,2024,1.2,Petrol,Manual,18541,5,1,460000
Maruti Suzuki,Wagon R,2021,1.2,Petrol,AMT,47607,5,2,200000
Mahindra,Thar,2025,2.2,Diesel,Automatic,14450,4,1,1145000
Hyundai,i20,2025,0.9,Petrol,DCT,10964,5,1,350000
Hyundai,Verna,2016,1.5,Petrol,DCT,204590,5,2,225000
Audi,Q3,2023,2.0,Petrol,DCT,48798,5,2,3765000
Mahindra,XUV300,2018,1.2,Petrol,AMT,101002,5,3,250000
Honda,City,2024,1.5,Petrol Hybrid,e-CVT,40940,5,1,1365000
Hyundai,Creta,2024,1.5,Petrol,IVT,34646,5,1,740000
Skoda,Kushaq,2021,1.0,Petrol,Automatic,52073,5,3,535000
Tata,Nexon EV,2025,0.0,EV,Automatic,15970,5,1,890000
Mahindra,XUV300,2026,1.1,Petrol,AMT,3207,5,1,840000
Hyundai,Creta,2020,1.5,Petrol,DCT,52084,5,3,540000
Hyundai,Venue,2021,1.5,Diesel,Automatic,33037,5,1,430000
Hyundai,Creta,2015,1.5,Petrol,Automatic,177009,5,4,180000
Toyota,Innova Crysta,2026,2.4,Diesel,Automatic,4042,7,1,1530000
Hyundai,i20,2026,1.2,Petrol,IVT,1500,5,1,635000
Toyota,Glanza,2024,1.2,Petrol,AMT,21040,5,1,505000
Skoda,Kushaq,2026,1.5,Petrol,DCT,1500,5,1,1455000
Hyundai,Venue,2024,0.9,Petrol,DCT,25445,5,1,440000
Mahindra,XUV700,2026,1.9,Petrol,Automatic,3451,7,1,1270000
Hyundai,Creta,2026,1.4,Petrol,DCT,3782,5,1,1340000
Maruti Suzuki,Alto K10,2024,1.0,Petrol,AMT,9175,5,1,245000
Maruti Suzuki,Brezza,2017,1.6,Petrol,Manual,29330,5,3,155000
Maruti Suzuki,Swift,2020,1.2,Petrol,AMT,32291,5,2,180000
Maruti Suzuki,Brezza,2023,1.5,Petrol,Automatic,34947,5,2,390000
Hyundai,Creta,2020,1.5,Petrol,DCT,84837,5,2,430000
Maruti Suzuki,Brezza,2024,1.5,Petrol,Automatic,20418,5,1,475000
Hyundai,Verna,2022,1.5,Petrol,Manual,80271,5,2,555000
Skoda,Slavia,2019,1.0,Petrol,Manual,147121,5,3,360000
Toyota,Urban Cruiser Hyryder,2019,1.4,Petrol,Manual,67715,5,4,355000
Kia,Sonet,2017,1.0,Petrol,DCT,73981,5,2,270000
Tata,Punch,2022,1.2,Petrol,AMT,51977,5,1,390000
Mahindra,Scorpio N,2026,2.2,Diesel,Manual,5960,7,1,1670000
Tata,Tiago,2024,1.1,Petrol,Manual,21176,5,1,335000
Mahindra,XUV700,2023,2.0,Petrol,Automatic,35284,7,1,1175000
Volkswagen,Virtus,2025,1.5,Petrol,DCT,10658,5,1,900000
Kia,Carens,2026,1.5,Petrol,Manual,2684,7,1,1590000
Mahindra,Thar,2026,2.0,Petrol,Automatic,1744,4,1,1170000
Kia,Seltos,2023,1.5,Petrol,Manual,45606,5,1,515000
Hyundai,Creta,2019,1.5,Petrol,Manual,96506,5,3,325000
Mahindra,Scorpio N,2020,2.2,Diesel,Automatic,103828,7,2,590000
Mahindra,XUV700,2026,2.1,Petrol,Automatic,1591,7,1,1535000
Tata,Tiago,2021,1.2,Petrol,AMT,47696,5,2,225000
Toyota,Glanza,2024,1.2,Petrol,Manual,42795,5,1,555000
Honda,City,2025,1.6,Petrol Hybrid,e-CVT,8401,5,1,1140000
Honda,City,2023,1.5,Petrol,CVT,21377,5,1,690000
Tata,Altroz,2017,1.1,Petrol,DCT,96322,5,2,190000
Mahindra,Thar,2026,2.0,Petrol,Manual,4499,4,1,1180000
Hyundai,Creta,2018,1.5,Diesel,Manual,88421,5,2,325000
Tata,Safari,2023,2.0,Diesel,Automatic,39818,7,1,1155000
Hyundai,i20,2016,1.3,Petrol,Manual,175498,5,3,115000
Hyundai,Venue,2025,1.4,Diesel,Automatic,16851,5,1,540000
Tata,Nexon EV,2026,0.0,EV,Automatic,2216,5,1,1190000
Hyundai,Verna,2016,1.6,Petrol,Manual,114070,5,2,260000
Mahindra,XUV300,2024,1.2,Petrol,Manual,11822,5,1,485000
Honda,Amaze,2022,1.2,Petrol,Manual,70845,5,1,390000
Tata,Nexon,2025,1.5,Diesel,Manual,14641,5,1,600000
Tata,Nexon,2021,1.5,Diesel,AMT,70124,5,3,440000
Kia,Carens,2024,1.5,Petrol,DCT,22552,7,1,825000
Mahindra,XUV700,2018,2.0,Petrol,Automatic,202139,7,1,425000
Maruti Suzuki,Brezza,2020,1.5,Petrol,Manual,69658,5,1,290000
Skoda,Slavia,2025,1.0,Petrol,Manual,21342,5,1,810000
Hyundai,Creta,2026,1.4,Petrol,IVT,2462,5,1,835000
Hyundai,Venue,2023,1.6,Diesel,Automatic,48184,5,1,605000
Maruti Suzuki,Swift,2016,1.2,Petrol,AMT,34833,5,3,120000
Volvo,XC60,2019,2.0,Petrol Hybrid,Automatic,114990,5,2,2035000
Honda,City,2024,1.5,Petrol Hybrid,e-CVT,24000,5,1,1375000
Toyota,Urban Cruiser Hyryder,2025,1.5,Petrol,Automatic,14145,5,1,730000
Tata,Safari,2022,2.0,Diesel,Manual,79651,7,1,730000
Hyundai,Venue,2023,1.5,Diesel,Manual,32682,5,2,505000
Tata,Safari,2025,2.0,Diesel,Manual,8819,7,1,1450000
Maruti Suzuki,Wagon R,2023,1.3,Petrol,Manual,18767,5,1,275000
Maruti Suzuki,Wagon R,2020,1.2,Petrol,Manual,84167,5,3,150000
Kia,Sonet,2018,1.1,Petrol,DCT,117838,5,3,245000
Hyundai,Venue,2026,1.5,Diesel,Automatic,4548,5,1,755000
Skoda,Kushaq,2022,1.0,Petrol,Automatic,29076,5,1,705000
Mahindra,Thar,2018,2.3,Diesel,Manual,90434,4,3,470000
Honda,Amaze,2021,1.2,Petrol,Manual,58376,5,1,370000
Tata,Punch,2026,1.2,Petrol,AMT,3729,5,1,725000
Volkswagen,Virtus,2018,1.1,Petrol,Automatic,33687,5,3,445000
Toyota,Fortuner,2018,2.9,Diesel,Automatic,133640,7,3,1095000
Toyota,Fortuner,2022,2.8,Diesel,Manual,66719,7,2,1825000
Toyota,Innova Crysta,2025,2.4,Diesel,Manual,19154,7,1,1385000
Tata,Altroz,2018,1.2,Petrol,Manual,111393,5,2,175000
Volkswagen,Taigun,2025,1.0,Petrol,Manual,9205,5,1,1005000
Hyundai,Verna,2018,1.5,Petrol,Manual,82091,5,2,290000
Hyundai,i20,2026,1.0,Petrol,Manual,2696,5,1,680000
Honda,City,2023,1.5,Petrol Hybrid,e-CVT,35282,5,1,1130000
Hyundai,i20,2021,1.2,Petrol,IVT,53101,5,2,175000
Mahindra,Thar,2023,2.2,Diesel,Automatic,24120,4,1,720000
Kia,Seltos,2025,1.5,Diesel,Manual,19579,5,1,1190000
Tata,Punch,2022,1.2,Petrol,Manual,51988,5,1,310000
Hyundai,Grand i10 Nios,2025,1.1,Petrol,Manual,12496,5,1,340000
Maruti Suzuki,Swift,2021,1.2,Petrol,Manual,39368,5,2,145000
Honda,City,2026,1.5,Petrol,CVT,4121,5,1,600000
Hyundai,Grand i10 Nios,2020,1.2,Petrol,AMT,82071,5,1,205000
Maruti Suzuki,Wagon R,2024,1.2,Petrol,Manual,32037,5,1,305000
Toyota,Fortuner,2025,2.8,Diesel,Automatic,12224,7,1,2925000
Maruti Suzuki,Baleno,2020,1.1,Petrol,AMT,66135,5,2,245000
Hyundai,Venue,2025,1.5,Diesel,Manual,18586,5,1,685000
Hyundai,Creta,2026,1.5,Petrol,Automatic,2544,5,1,1365000
Mahindra,XUV700,2018,2.2,Diesel,Automatic,39500,7,2,705000
Maruti Suzuki,Alto K10,2024,1.0,Petrol,Manual,8243,5,1,205000
Maruti Suzuki,Baleno,2024,1.1,Petrol,AMT,19287,5,1,355000
Hyundai,Creta,2024,1.5,Petrol,Manual,14065,5,1,550000
Tata,Tiago,2026,1.3,Petrol,AMT,3391,5,1,395000
Kia,Sonet,2019,1.0,Petrol,DCT,69553,5,1,305000
Kia,Sonet,2023,1.5,Diesel,Manual,34811,5,1,495000
Honda,City,2019,1.5,Petrol Hybrid,e-CVT,74486,5,1,560000
Hyundai,i20,2020,1.1,Petrol,IVT,94774,5,2,195000
Kia,Seltos,2024,1.6,Petrol,IVT,11180,5,1,755000
Tata,Nexon EV,2024,0.0,EV,Automatic,18792,5,1,1035000
Toyota,Urban Cruiser Hyryder,2026,1.5,Petrol,Manual,1750,5,1,1310000
Kia,Seltos,2022,1.5,Diesel,Manual,50769,5,2,785000
Hyundai,Verna,2025,1.5,Petrol,Manual,9854,5,1,1035000
Maruti Suzuki,Wagon R,2020,1.2,Petrol,AMT,116245,5,2,145000
Maruti Suzuki,Ertiga,2018,1.5,Petrol,Automatic,53306,7,2,230000
Maruti Suzuki,Brezza,2020,1.6,Petrol,Manual,82010,5,2,270000
Honda,City,2023,1.5,Petrol,CVT,16557,5,1,690000
Maruti Suzuki,Wagon R,2022,1.2,Petrol,Manual,28050,5,2,260000
Maruti Suzuki,Wagon R,2020,1.2,Petrol,AMT,175549,5,1,120000
Tata,Nexon,2021,1.2,Petrol,Manual,117287,5,1,275000
Mahindra,Thar,2023,2.0,Petrol,Automatic,16458,4,1,850000
Mahindra,XUV300,2021,1.2,Petrol,AMT,33138,5,3,410000
Hyundai,Verna,2025,1.4,Petrol,DCT,10234,5,1,790000
Tata,Nexon,2024,1.3,Petrol,AMT,28339,5,1,475000
BMW,3 Series,2026,2.1,Petrol,Automatic,2019,5,1,6130000
Toyota,Urban Cruiser Hyryder,2024,1.5,Petrol,Automatic,16650,5,1,850000
Kia,Sonet,2024,1.0,Petrol,iMT,32924,5,1,610000
Mahindra,XUV700,2023,2.0,Petrol,Manual,67032,7,1,655000
Honda,Amaze,2025,1.2,Petrol,Manual,15095,5,1,610000
Hyundai,Verna,2025,1.5,Petrol,Manual,15902,5,1,660000
Mahindra,Scorpio N,2020,2.2,Diesel,Automatic,117192,7,1,475000
Mahindra,XUV700,2026,2.0,Petrol,Manual,2132,7,1,1625000
Mahindra,XUV700,2022,2.1,Petrol,Automatic,52152,7,2,730000
Kia,Carens,2024,1.5,Petrol,DCT,56836,7,1,955000
Hyundai,Grand i10 Nios,2024,1.3,Petrol,Manual,21537,5,1,310000
Tata,Harrier,2026,2.0,Diesel,Automatic,4111,5,1,1900000
Mahindra,Scorpio N,2022,2.2,Diesel,Automatic,88573,7,1,715000
Hyundai,Verna,2023,1.5,Petrol,Manual,18246,5,1,480000
Tata,Altroz,2021,1.3,Petrol,DCT,49222,5,3,315000
Tata,Harrier,2023,2.0,Diesel,Manual,31216,5,1,915000
Toyota,Innova Crysta,2017,2.4,Diesel,Manual,99107,7,2,515000
Toyota,Urban Cruiser Hyryder,2022,1.5,Petrol Hybrid,e-CVT,74308,5,2,895000
Hyundai,Verna,2020,1.5,Petrol,Manual,60891,5,2,395000
Tata,Nexon,2024,1.1,Petrol,AMT,14025,5,1,405000
Honda,City,2026,1.5,Petrol Hybrid,e-CVT,2423,5,1,1025000
Mahindra,Scorpio N,2026,2.2,Diesel,Manual,2287,7,1,1025000
Kia,Carens,2026,1.4,Petrol,Manual,1697,7,1,1195000
Kia,Sonet,2026,1.5,Diesel,Manual,1500,5,1,960000
Hyundai,Creta,2024,1.5,Diesel,Automatic,26052,5,1,800000
Tata,Nexon,2023,1.2,Petrol,AMT,95700,5,1,480000
Tata,Nexon,2024,1.3,Petrol,AMT,15643,5,1,585000
Toyota,Urban Cruiser Hyryder,2026,1.5,Petrol,Manual,3175,5,1,1090000
Tata,Nexon,2021,1.2,Petrol,Manual,41860,5,1,380000
Tata,Nexon,2023,1.2,Petrol,AMT,27469,5,1,530000
Hyundai,Verna,2023,1.5,Petrol,Manual,30224,5,1,625000
Kia,Seltos,2019,1.5,Petrol,Manual,65164,5,2,425000
Tata,Tiago,2022,1.2,Petrol,AMT,52875,5,2,205000
Toyota,Glanza,2017,1.1,Petrol,AMT,85839,5,1,210000
Kia,Seltos,2023,1.4,Diesel,Manual,51958,5,2,555000
Skoda,Kushaq,2025,1.0,Petrol,Automatic,16990,5,1,740000
Honda,City,2020,1.5,Petrol,CVT,48953,5,1,510000
Tata,Tiago,2021,1.2,Petrol,AMT,67722,5,1,165000
Tata,Nexon,2018,1.5,Diesel,Manual,69947,5,2,310000
Toyota,Innova Crysta,2015,2.4,Diesel,Automatic,175996,7,3,295000
Hyundai,Creta,2021,1.5,Petrol,Automatic,58535,5,1,505000
Hyundai,Verna,2026,1.5,Petrol,Manual,3334,5,1,1065000
Hyundai,i20,2017,1.1,Petrol,Manual,71853,5,3,210000
Hyundai,i20,2026,1.0,Petrol,DCT,4338,5,1,510000
Volkswagen,Virtus,2025,1.0,Petrol,Automatic,15744,5,1,1065000
Maruti Suzuki,Swift,2024,1.2,Petrol,AMT,27153,5,1,330000
Toyota,Innova Crysta,2015,2.4,Diesel,Automatic,169234,7,5,270000
Toyota,Innova Crysta,2026,2.4,Diesel,Manual,1500,7,1,1895000
Hyundai,Venue,2022,1.0,Petrol,Manual,42910,5,1,275000
Tata,Harrier,2025,2.0,Diesel,Manual,15551,5,1,1160000
Maruti Suzuki,Ertiga,2026,1.5,Petrol,Manual,2853,7,1,640000
Tata,Nexon,2022,1.2,Petrol,DCT,31487,5,1,520000
Hyundai,Verna,2018,1.5,Petrol,Manual,125582,5,1,285000
Mahindra,XUV700,2021,2.2,Diesel,Manual,31543,7,2,720000
Mahindra,XUV700,2021,1.9,Petrol,Automatic,98117,7,2,760000
Tata,Nexon,2019,1.5,Diesel,Manual,135256,5,2,285000
Kia,Sonet,2023,1.0,Petrol,iMT,45131,5,2,460000
Hyundai,Verna,2026,1.5,Petrol,Manual,2708,5,1,805000
Maruti Suzuki,Brezza,2026,1.5,Petrol,Manual,1725,5,1,540000
Mahindra,XUV300,2026,1.1,Petrol,AMT,2861,5,1,675000
Toyota,Innova Crysta,2015,2.4,Diesel,Automatic,83207,7,4,465000
Toyota,Urban Cruiser Hyryder,2019,1.6,Petrol Hybrid,e-CVT,125443,5,2,675000
Kia,Seltos,2024,1.5,Diesel,Automatic,18840,5,1,1000000
Mahindra,Scorpio N,2018,2.2,Diesel,Manual,95929,7,3,410000
Mahindra,XUV300,2016,1.2,Petrol,Manual,121761,5,2,200000
Kia,Sonet,2019,1.0,Petrol,Manual,75900,5,1,310000
Maruti Suzuki,Alto K10,2022,0.9,Petrol,AMT,21087,5,1,145000
Volkswagen,Virtus,2025,1.5,Petrol,DCT,10765,5,1,1305000
Hyundai,Verna,2020,1.5,Petrol,Manual,51885,5,1,400000
Honda,Amaze,2026,1.2,Petrol,CVT,2852,5,1,755000
Maruti Suzuki,Alto K10,2023,1.0,Petrol,Manual,39333,5,1,170000
Kia,Seltos,2016,1.5,Diesel,Manual,154696,5,3,200000
Hyundai,Grand i10 Nios,2020,1.3,Petrol,AMT,67453,5,2,135000
Hyundai,i20,2021,1.2,Petrol,IVT,31278,5,1,290000
Kia,Sonet,2016,1.5,Diesel,Automatic,53661,5,1,250000
Hyundai,Venue,2020,1.0,Petrol,Manual,60495,5,1,285000
Kia,Carens,2022,1.5,Petrol,Manual,55490,7,1,780000
Hyundai,Verna,2025,1.5,Petrol,Manual,4493,5,1,765000
Mahindra,XUV700,2025,2.2,Diesel,Manual,1888,7,1,1295000
Maruti Suzuki,Brezza,2022,1.5,Petrol,Automatic,39164,5,2,330000
Mahindra,Thar,2018,2.0,Petrol,Automatic,72086,4,1,435000
Volkswagen,Virtus,2026,1.0,Petrol,Automatic,3697,5,1,1115000
Hyundai,Creta,2016,1.5,Petrol,IVT,147970,5,5,225000
Tata,Tiago,2021,1.2,Petrol,Manual,34950,5,3,200000
Maruti Suzuki,Alto K10,2025,1.0,Petrol,Manual,10044,5,1,280000
Mahindra,Scorpio N,2023,2.2,Diesel,Automatic,42542,7,1,530000
BMW,X1,2026,1.6,Petrol,Automatic,2794,5,1,4290000
Tata,Altroz,2017,1.2,Petrol,DCT,95465,5,2,170000
Toyota,Innova Crysta,2020,2.4,Diesel,Automatic,63824,7,2,870000
Hyundai,Verna,2026,1.5,Petrol,Manual,2132,5,1,1355000
Kia,Seltos,2019,1.5,Diesel,Manual,83396,5,2,465000
Honda,City,2016,1.4,Petrol Hybrid,e-CVT,133971,5,1,440000
Skoda,Slavia,2024,1.0,Petrol,Manual,20203,5,1,940000
Hyundai,Creta,2024,1.5,Petrol,Manual,23950,5,1,630000
Tata,Nexon,2015,1.2,Petrol,AMT,86369,5,4,170000
Toyota,Glanza,2022,1.2,Petrol,Manual,18443,5,1,405000
Toyota,Urban Cruiser Hyryder,2015,1.5,Petrol Hybrid,e-CVT,149857,5,5,305000
Mahindra,Scorpio N,2024,2.3,Diesel,Automatic,17484,7,1,1340000
Toyota,Glanza,2026,1.1,Petrol,AMT,2455,5,1,570000
Kia,Carens,2018,1.6,Petrol,DCT,96162,7,1,560000
Toyota,Urban Cruiser Hyryder,2024,1.5,Petrol Hybrid,e-CVT,34793,5,1,1145000
Maruti Suzuki,Baleno,2018,1.2,Petrol,Manual,186407,5,2,160000
Tata,Punch,2024,1.2,Petrol,AMT,19823,5,1,400000
Toyota,Fortuner,2024,2.9,Diesel,Automatic,39520,7,1,2690000
Honda,City,2019,1.5,Petrol,CVT,53277,5,2,425000
Hyundai,Creta,2023,1.5,Diesel,Automatic,32928,5,2,820000
Toyota,Urban Cruiser Hyryder,2024,1.5,Petrol,Automatic,23918,5,1,1075000
Maruti Suzuki,Swift,2025,1.2,Petrol,Manual,6540,5,1,385000
Toyota,Innova Crysta,2017,2.4,Diesel,Manual,205775,7,1,410000
Maruti Suzuki,Brezza,2019,1.5,Petrol,Automatic,96098,5,2,180000
Maruti Suzuki,Wagon R,2026,1.2,Petrol,Manual,1500,5,1,405000
Hyundai,Creta,2026,1.6,Petrol,Manual,2255,5,1,1015000
Tata,Harrier,2026,2.1,Diesel,Manual,1684,5,1,1580000
Hyundai,Venue,2025,1.6,Diesel,Automatic,12338,5,1,570000
Tata,Tiago,2024,1.2,Petrol,Manual,15824,5,1,225000
Tata,Nexon,2023,1.2,Petrol,AMT,43465,5,2,490000
Tata,Nexon,2023,1.4,Diesel,Manual,57725,5,1,545000
Maruti Suzuki,Baleno,2026,1.2,Petrol,AMT,3509,5,1,575000
Hyundai,Verna,2018,1.5,Petrol,Manual,119505,5,2,315000
Tata,Punch,2020,1.2,Petrol,Manual,45525,5,2,225000
Tata,Safari,2026,2.0,Diesel,Manual,2367,7,1,1075000
Tata,Safari,2024,2.0,Diesel,Automatic,11605,7,1,1270000
Tata,Altroz,2022,1.2,Petrol,DCT,28778,5,1,305000
Tata,Tiago,2026,1.3,Petrol,AMT,3235,5,1,435000
Maruti Suzuki,Ertiga,2023,1.5,Petrol,Manual,24278,7,1,510000
Hyundai,Venue,2022,1.5,Diesel,Automatic,25054,5,1,510000
Maruti Suzuki,Alto K10,2018,1.0,Petrol,AMT,92358,5,2,80000
Volvo,XC60,2018,2.0,Petrol Hybrid,Automatic,35792,5,1,2915000
Mahindra,XUV700,2019,2.0,Petrol,Automatic,70146,7,1,655000
Mahindra,XUV300,2025,1.2,Petrol,AMT,7839,5,1,545000
Tata,Harrier,2025,2.0,Diesel,Automatic,10398,5,1,1525000
Hyundai,i20,2025,1.2,Petrol,Manual,10761,5,1,500000
Tata,Tiago,2017,1.2,Petrol,Manual,96212,5,3,100000
Maruti Suzuki,Swift,2023,1.2,Petrol,AMT,28747,5,1,230000
Honda,City,2024,1.5,Petrol,Manual,24955,5,1,650000
Honda,Amaze,2019,1.2,Petrol,Manual,128062,5,4,200000
Kia,Sonet,2025,1.0,Petrol,iMT,9187,5,1,580000
Tata,Nexon,2024,1.5,Diesel,Manual,23188,5,1,820000
Mahindra,Scorpio N,2024,2.2,Diesel,Automatic,23238,7,1,1200000
Tata,Tiago,2022,1.2,Petrol,Manual,36952,5,3,215000
Hyundai,Creta,2026,1.5,Petrol,Automatic,2690,5,1,1120000
Hyundai,Creta,2019,1.6,Petrol,IVT,98598,5,2,440000
Kia,Carens,2017,1.6,Petrol,Manual,131210,7,1,375000
Maruti Suzuki,Alto K10,2024,1.0,Petrol,Manual,33333,5,1,190000
Kia,Seltos,2024,1.5,Petrol,Manual,13046,5,1,750000
Kia,Carens,2022,1.5,Petrol,Manual,27482,7,1,775000
Mercedes-Benz,A-Class Limousine,2022,1.3,Petrol,DCT,59375,5,1,2670000
Kia,Seltos,2019,1.5,Petrol,IVT,62058,5,1,330000
Maruti Suzuki,Baleno,2024,1.1,Petrol,Manual,23171,5,1,335000
Maruti Suzuki,Ertiga,2017,1.5,Petrol,Manual,125232,7,3,235000
Kia,Carens,2026,1.5,Petrol,Manual,2087,7,1,1140000
Mahindra,Scorpio N,2023,2.2,Diesel,Automatic,43021,7,1,1065000
Hyundai,i20,2018,1.0,Petrol,Manual,98000,5,1,185000
Maruti Suzuki,Baleno,2019,1.3,Petrol,Manual,66329,5,2,200000
Skoda,Kushaq,2020,1.5,Petrol,DCT,33739,5,1,675000
Toyota,Urban Cruiser Hyryder,2019,1.5,Petrol,Automatic,95531,5,2,530000
Kia,Carens,2024,1.5,Petrol,DCT,23952,7,1,1230000
Toyota,Glanza,2023,1.2,Petrol,AMT,37254,5,1,355000
Maruti Suzuki,Alto K10,2023,1.1,Petrol,Manual,20073,5,1,190000
Kia,Seltos,2026,1.4,Petrol,Manual,4129,5,1,1020000
Mahindra,XUV700,2025,2.2,Diesel,Automatic,8908,7,1,1445000
Mahindra,Thar,2015,2.0,Petrol,Automatic,89450,4,3,265000
BMW,3 Series,2022,1.9,Petrol,Automatic,109427,5,1,2570000
Kia,Sonet,2025,1.5,Diesel,Automatic,12926,5,1,660000
Hyundai,i20,2024,1.0,Petrol,DCT,26576,5,1,540000
Tata,Nexon EV,2021,0.0,EV,Automatic,140877,5,2,470000
Tata,Harrier,2022,2.1,Diesel,Automatic,16787,5,2,940000
Volkswagen,Virtus,2017,1.0,Petrol,Automatic,220000,5,5,215000
Tata,Punch,2023,1.2,Petrol,AMT,54521,5,1,260000
Kia,Seltos,2022,1.5,Diesel,Automatic,31130,5,1,650000
Hyundai,Venue,2021,1.5,Diesel,Automatic,58546,5,2,385000
Hyundai,Verna,2026,1.5,Petrol,Manual,2340,5,1,1130000
Kia,Sonet,2020,1.5,Diesel,Manual,75246,5,1,440000
Maruti Suzuki,Swift,2022,1.2,Petrol,Manual,47544,5,2,215000
Maruti Suzuki,Swift,2018,1.2,Petrol,Manual,100576,5,2,115000
Kia,Sonet,2026,1.5,Diesel,Manual,2369,5,1,980000
Mahindra,XUV300,2024,1.1,Petrol,Manual,25480,5,1,625000
Toyota,Urban Cruiser Hyryder,2023,1.6,Petrol Hybrid,e-CVT,57748,5,1,780000
Kia,Carens,2020,1.5,Petrol,DCT,72416,7,3,725000
Hyundai,i20,2024,1.0,Petrol,Manual,14983,5,1,565000
Maruti Suzuki,Brezza,2021,1.5,Petrol,Manual,45609,5,1,310000
Tata,Nexon EV,2020,0.0,EV,Automatic,38808,5,1,685000
Mahindra,XUV700,2025,2.2,Diesel,Automatic,7981,7,1,1500000
Hyundai,i20,2025,1.0,Petrol,Manual,5705,5,1,640000
Toyota,Fortuner,2026,2.8,Diesel,Manual,2079,7,1,3695000
Volkswagen,Taigun,2017,1.5,Petrol,DCT,97514,5,1,495000
Mahindra,XUV700,2022,2.2,Diesel,Automatic,29326,7,1,875000
Mahindra,XUV700,2025,2.0,Petrol,Automatic,12930,7,1,815000
Hyundai,Venue,2016,1.5,Diesel,Automatic,181917,5,4,185000
Skoda,Slavia,2017,1.0,Petrol,Manual,81783,5,2,355000
Tata,Punch,2018,1.2,Petrol,AMT,133933,5,2,135000
Hyundai,i20,2024,1.0,Petrol,DCT,18751,5,1,410000
Hyundai,Verna,2023,1.6,Petrol,IVT,43403,5,1,495000
Tata,Altroz,2023,1.2,Petrol,DCT,20879,5,1,450000
Toyota,Urban Cruiser Hyryder,2025,1.5,Petrol Hybrid,e-CVT,10941,5,1,1545000
Mahindra,Thar,2021,2.2,Diesel,Manual,50635,4,1,700000
Hyundai,i20,2022,1.2,Petrol,Manual,27064,5,2,310000
Hyundai,Creta,2021,1.5,Petrol,DCT,59791,5,1,475000
Hyundai,i20,2017,1.1,Petrol,IVT,50366,5,4,150000
Hyundai,Creta,2025,1.4,Diesel,Manual,10356,5,1,1200000
Honda,Amaze,2015,1.2,Petrol,CVT,93517,5,2,200000
Tata,Tiago,2016,1.2,Petrol,Manual,136750,5,2,100000
Mahindra,XUV700,2017,2.0,Petrol,Manual,77956,7,1,550000
Tata,Nexon,2023,1.2,Petrol,AMT,33458,5,1,465000
Toyota,Urban Cruiser Hyryder,2020,1.6,Petrol,Automatic,81441,5,2,480000
Maruti Suzuki,Baleno,2023,1.2,Petrol,Manual,43129,5,1,295000
Volkswagen,Virtus,2022,1.5,Petrol,DCT,52941,5,1,690000
Hyundai,Verna,2026,1.5,Petrol,IVT,5526,5,1,940000
Hyundai,i20,2026,1.3,Petrol,Manual,1500,5,1,435000
Kia,Seltos,2026,1.5,Diesel,Automatic,2947,5,1,1380000
Mercedes-Benz,C-Class,2026,1.5,Petrol,Automatic,1500,5,1,5500000
Mahindra,Thar,2023,2.0,Petrol,Manual,19634,4,1,825000
Hyundai,Verna,2019,1.5,Petrol,Manual,65419,5,1,290000
Mercedes-Benz,A-Class Limousine,2017,1.3,Petrol,DCT,170064,5,5,920000
Tata,Safari,2016,2.0,Diesel,Manual,107043,7,1,420000
Hyundai,Venue,2026,1.5,Diesel,Automatic,2010,5,1,805000
Honda,City,2026,1.5,Petrol Hybrid,e-CVT,2874,5,1,1190000
Mahindra,XUV300,2020,1.2,Petrol,AMT,58939,5,3,365000
Tata,Nexon,2022,1.3,Petrol,Manual,53568,5,1,435000
Maruti Suzuki,Brezza,2020,1.6,Petrol,Manual,39562,5,2,200000
Toyota,Glanza,2020,1.2,Petrol,AMT,38382,5,1,335000
Hyundai,Creta,2021,1.5,Petrol,IVT,43361,5,1,555000
Hyundai,i20,2024,1.0,Petrol,DCT,29332,5,1,345000
Hyundai,Grand i10 Nios,2023,1.2,Petrol,Manual,32738,5,1,230000
Tata,Nexon,2024,1.4,Diesel,AMT,18773,5,1,635000
Kia,Sonet,2025,1.5,Diesel,Manual,7350,5,1,1010000
Hyundai,i20,2024,1.2,Petrol,IVT,12264,5,1,380000
Honda,City,2023,1.5,Petrol,CVT,20849,5,1,635000
Maruti Suzuki,Brezza,2022,1.5,Petrol,Automatic,35122,5,1,310000
Mahindra,XUV700,2024,2.2,Diesel,Automatic,12682,7,1,1400000
Hyundai,Venue,2026,1.0,Petrol,Manual,1580,5,1,770000
Mahindra,XUV700,2024,2.1,Diesel,Automatic,35072,7,1,1160000
Maruti Suzuki,Swift,2026,1.2,Petrol,Manual,3085,5,1,420000
Tata,Safari,2018,2.0,Diesel,Automatic,116981,7,1,455000
Hyundai,Venue,2020,1.5,Diesel,Manual,42290,5,2,410000
Kia,Sonet,2021,1.0,Petrol,Manual,19772,5,2,445000
Maruti Suzuki,Swift,2017,1.3,Petrol,AMT,140502,5,3,80000
Maruti Suzuki,Wagon R,2022,1.2,Petrol,AMT,57703,5,2,160000
Hyundai,Verna,2017,1.5,Petrol,DCT,75406,5,2,405000
Audi,Q3,2020,2.0,Petrol,DCT,152474,5,3,1530000
Kia,Seltos,2021,1.5,Diesel,Manual,62114,5,2,625000
Hyundai,Venue,2020,1.5,Diesel,Manual,48366,5,1,350000
Honda,City,2022,1.5,Petrol,Manual,48373,5,1,545000
Mahindra,XUV300,2020,1.1,Petrol,Manual,79307,5,1,335000
Maruti Suzuki,Alto K10,2023,1.0,Petrol,Manual,38207,5,1,155000
BMW,X1,2025,1.4,Petrol,Automatic,14617,5,1,3805000
Kia,Seltos,2024,1.4,Diesel,Manual,26319,5,1,715000
Mahindra,Thar,2026,1.9,Petrol,Automatic,2194,4,1,1035000
Maruti Suzuki,Ertiga,2018,1.5,Petrol,Automatic,60345,7,1,290000
Mahindra,Scorpio N,2026,2.2,Diesel,Manual,3741,7,1,1540000
Skoda,Slavia,2021,0.9,Petrol,Automatic,67804,5,1,525000
Maruti Suzuki,Alto K10,2023,1.0,Petrol,Manual,19014,5,1,225000
Kia,Seltos,2026,1.5,Petrol,IVT,4467,5,1,1075000
Tata,Nexon EV,2023,0.0,EV,Automatic,53306,5,1,850000
Lexus,ES,2021,2.6,Petrol Hybrid,e-CVT,61466,5,1,2490000
Hyundai,Grand i10 Nios,2017,1.1,Petrol,Manual,86923,5,2,130000
Tata,Nexon,2026,1.1,Petrol,AMT,5364,5,1,565000
Toyota,Urban Cruiser Hyryder,2025,1.5,Petrol,Manual,16713,5,1,990000
Hyundai,Verna,2024,1.4,Petrol,Manual,19334,5,1,900000
Toyota,Innova Crysta,2025,2.3,Diesel,Manual,10812,7,1,1875000
Toyota,Urban Cruiser Hyryder,2021,1.6,Petrol,Manual,51137,5,3,655000
Toyota,Innova Crysta,2017,2.4,Diesel,Manual,88610,7,4,460000
Tata,Harrier,2021,2.0,Diesel,Automatic,60727,5,1,910000
Tata,Nexon,2026,1.2,Petrol,Manual,1500,5,1,910000
Kia,Sonet,2022,1.0,Petrol,DCT,43534,5,1,465000
Hyundai,Grand i10 Nios,2026,1.2,Petrol,AMT,2858,5,1,395000
Hyundai,Grand i10 Nios,2023,1.2,Petrol,Manual,29583,5,1,265000
Hyundai,Venue,2026,1.5,Diesel,Automatic,1799,5,1,775000
Mahindra,XUV300,2022,1.2,Petrol,Manual,38621,5,2,460000
Toyota,Urban Cruiser Hyryder,2025,1.5,Petrol,Automatic,11101,5,1,1205000
Hyundai,Creta,2024,1.5,Petrol,Manual,28847,5,1,595000
Mahindra,Thar,2020,2.0,Petrol,Automatic,61332,4,3,505000
Tata,Nexon EV,2021,0.0,EV,Automatic,74533,5,1,580000
Mahindra,XUV700,2022,2.0,Petrol,Manual,41937,7,1,965000
Volkswagen,Taigun,2026,1.0,Petrol,Automatic,2859,5,1,935000
Tata,Tiago,2023,1.2,Petrol,AMT,23992,5,1,300000
Kia,Sonet,2023,1.5,Diesel,Automatic,19432,5,1,695000
Tata,Tiago,2026,1.2,Petrol,Manual,1898,5,1,410000
Tata,Altroz,2022,1.2,Petrol,Manual,82623,5,1,330000
Kia,Seltos,2017,1.5,Petrol,IVT,75725,5,2,305000
Mahindra,Thar,2022,1.9,Petrol,Automatic,41696,4,1,460000
BMW,3 Series,2022,2.0,Petrol,Automatic,49177,5,3,3205000
Mahindra,Thar,2025,2.2,Diesel,Manual,9989,4,1,1305000
Honda,City,2026,1.5,Petrol Hybrid,e-CVT,3384,5,1,1690000
Honda,Amaze,2023,1.2,Petrol,Manual,31572,5,1,340000
Mercedes-Benz,C-Class,2025,1.4,Petrol,Automatic,14485,5,1,5820000
Tata,Tiago,2026,1.3,Petrol,Manual,2876,5,1,445000
Hyundai,Verna,2019,1.5,Petrol,DCT,117859,5,1,370000
Mahindra,XUV700,2026,2.2,Diesel,Automatic,3900,7,1,1230000
Mahindra,Thar,2022,2.0,Petrol,Manual,41920,4,1,670000
Maruti Suzuki,Swift,2016,1.2,Petrol,Manual,108958,5,1,135000
Kia,Seltos,2025,1.5,Diesel,Automatic,23190,5,1,790000
Tata,Nexon EV,2019,0.0,EV,Automatic,88561,5,2,535000
Toyota,Innova Crysta,2023,2.3,Diesel,Automatic,34872,7,2,1275000
Volkswagen,Taigun,2021,1.5,Petrol,DCT,101224,5,1,540000
Honda,City,2020,1.5,Petrol Hybrid,e-CVT,108926,5,1,620000
Hyundai,Verna,2015,1.5,Petrol,Manual,163568,5,3,180000
Toyota,Urban Cruiser Hyryder,2018,1.5,Petrol Hybrid,e-CVT,62678,5,2,685000
Hyundai,Creta,2016,1.6,Petrol,IVT,189850,5,2,190000
Mahindra,XUV300,2025,1.2,Petrol,AMT,18538,5,1,625000
Hyundai,Venue,2021,1.4,Diesel,Manual,60135,5,1,455000
Tata,Tiago,2023,1.2,Petrol,AMT,38701,5,1,225000
Kia,Seltos,2022,1.5,Petrol,Manual,68640,5,1,495000
Hyundai,Verna,2018,1.5,Petrol,Manual,42754,5,2,240000
Kia,Seltos,2018,1.5,Petrol,Manual,88672,5,4,275000
Mahindra,XUV700,2019,2.0,Petrol,Manual,89705,7,2,550000
Honda,City,2026,1.5,Petrol Hybrid,e-CVT,1628,5,1,1255000
Toyota,Urban Cruiser Hyryder,2022,1.5,Petrol,Automatic,38728,5,1,610000
Hyundai,Venue,2026,1.5,Diesel,Manual,1500,5,1,875000
Volkswagen,Taigun,2022,1.0,Petrol,Manual,55017,5,1,515000
Kia,Sonet,2020,0.9,Petrol,DCT,88194,5,3,295000
Tata,Safari,2026,2.0,Diesel,Automatic,3844,7,1,1635000
Honda,Amaze,2017,1.2,Petrol,CVT,73853,5,3,200000
Tata,Nexon,2025,1.5,Diesel,Manual,11855,5,1,795000
Toyota,Urban Cruiser Hyryder,2021,1.6,Petrol,Automatic,66856,5,2,730000
Kia,Seltos,2015,1.5,Petrol,Manual,113088,5,4,200000
Toyota,Glanza,2015,1.2,Petrol,AMT,162878,5,5,200000
Kia,Carens,2025,1.4,Petrol,DCT,16974,7,1,895000
Hyundai,Creta,2026,1.5,Petrol,DCT,4824,5,1,1230000
Tata,Tiago,2020,1.2,Petrol,AMT,61937,5,1,200000
Tata,Tiago,2025,1.2,Petrol,AMT,3760,5,1,370000
Kia,Sonet,2022,1.0,Petrol,DCT,28638,5,1,470000
Kia,Sonet,2022,1.0,Petrol,iMT,78503,5,1,340000
Maruti Suzuki,Wagon R,2021,1.2,Petrol,Manual,81396,5,1,220000
Maruti Suzuki,Brezza,2020,1.5,Petrol,Automatic,91336,5,2,210000
Hyundai,Verna,2019,1.5,Petrol,DCT,98260,5,4,340000
Tata,Punch,2022,1.3,Petrol,Manual,41494,5,2,315000
Hyundai,Grand i10 Nios,2020,1.2,Petrol,Manual,49888,5,3,145000
Toyota,Urban Cruiser Hyryder,2020,1.5,Petrol,Automatic,140500,5,3,465000
Hyundai,Verna,2021,1.5,Petrol,DCT,61451,5,1,595000
Honda,City,2023,1.5,Petrol,CVT,33637,5,1,765000
Mahindra,Thar,2026,2.2,Diesel,Automatic,3042,4,1,1510000
Volkswagen,Virtus,2016,1.0,Petrol,Manual,113885,5,3,245000
Mahindra,Thar,2024,2.0,Petrol,Automatic,31073,4,1,1175000
Mahindra,XUV700,2024,2.0,Petrol,Manual,24462,7,1,1040000
Maruti Suzuki,Alto K10,2025,1.0,Petrol,Manual,20765,5,1,285000
Toyota,Innova Crysta,2022,2.4,Diesel,Manual,61405,7,2,1080000
Honda,City,2022,1.5,Petrol,CVT,26574,5,1,800000
Mahindra,XUV700,2021,2.0,Petrol,Manual,59688,7,3,790000
Tata,Safari,2020,2.0,Diesel,Manual,39792,7,1,770000
Mahindra,XUV700,2022,2.0,Petrol,Manual,40288,7,1,985000
Skoda,Kushaq,2017,1.5,Petrol,DCT,128656,5,2,265000
Kia,Seltos,2025,1.5,Diesel,Manual,11599,5,1,1055000
Mahindra,Thar,2025,2.2,Diesel,Manual,10150,4,1,890000
Mahindra,Thar,2024,2.1,Diesel,Automatic,11537,4,1,770000
Honda,City,2021,1.5,Petrol Hybrid,e-CVT,67519,5,2,650000
Kia,Sonet,2020,1.5,Diesel,Automatic,112175,5,2,240000
Hyundai,Venue,2025,1.0,Petrol,DCT,12183,5,1,645000
Mahindra,Thar,2020,2.0,Petrol,Automatic,55928,4,2,655000
Tata,Nexon,2026,1.5,Diesel,AMT,3041,5,1,830000
Tata,Nexon,2023,1.2,Petrol,Manual,29962,5,1,555000
Toyota,Urban Cruiser Hyryder,2019,1.4,Petrol,Automatic,88027,5,1,505000
Hyundai,i20,2021,1.2,Petrol,Manual,35459,5,1,225000
Tata,Nexon,2015,1.5,Diesel,AMT,167378,5,5,145000
Hyundai,Creta,2017,1.5,Petrol,IVT,220000,5,3,195000
Tata,Nexon,2026,1.5,Diesel,AMT,3269,5,1,675000
Lexus,ES,2026,2.5,Petrol Hybrid,e-CVT,5284,5,1,6495000
Hyundai,Venue,2019,1.0,Petrol,DCT,54208,5,2,240000
Hyundai,Venue,2021,1.5,Diesel,Manual,42760,5,1,430000
Hyundai,Verna,2016,1.6,Petrol,Manual,63579,5,3,195000
Kia,Seltos,2024,1.4,Diesel,Manual,18223,5,1,1065000
Hyundai,Creta,2015,1.5,Diesel,Automatic,89275,5,3,240000
Hyundai,Creta,2025,1.5,Petrol,IVT,9066,5,1,840000
Kia,Sonet,2023,1.0,Petrol,iMT,20902,5,2,525000
Hyundai,i20,2024,1.1,Petrol,Manual,42547,5,1,485000
Kia,Seltos,2026,1.5,Diesel,Manual,1500,5,1,1250000
Hyundai,Venue,2021,1.0,Petrol,Manual,49211,5,1,315000
Maruti Suzuki,Wagon R,2016,1.2,Petrol,AMT,101044,5,4,75000
Kia,Seltos,2015,1.5,Diesel,Manual,154256,5,5,200000
Mahindra,XUV300,2022,1.3,Petrol,AMT,54052,5,1,465000
Tata,Nexon EV,2025,0.0,EV,Automatic,10954,5,1,815000
Mahindra,XUV300,2017,1.2,Petrol,AMT,58050,5,5,215000
Toyota,Fortuner,2020,2.7,Diesel,Automatic,85306,7,3,1645000
Honda,Amaze,2024,1.2,Petrol,CVT,25218,5,1,515000
Mahindra,XUV300,2016,1.3,Petrol,AMT,131495,5,2,200000
BMW,3 Series,2022,2.0,Petrol,Automatic,27300,5,1,3580000
Tata,Nexon EV,2025,0.0,EV,Automatic,5949,5,1,1140000
Maruti Suzuki,Alto K10,2025,0.9,Petrol,AMT,12907,5,1,275000
Hyundai,Verna,2026,1.6,Petrol,IVT,2804,5,1,885000
Hyundai,Venue,2023,1.5,Diesel,Automatic,20071,5,1,325000
Mahindra,XUV700,2026,2.2,Diesel,Automatic,3408,7,1,1595000
Honda,City,2022,1.6,Petrol Hybrid,e-CVT,16830,5,1,1110000
Mahindra,XUV700,2022,2.2,Diesel,Automatic,115723,7,2,670000
Kia,Seltos,2020,1.5,Petrol,IVT,94955,5,1,460000
Honda,City,2025,1.5,Petrol Hybrid,e-CVT,7994,5,1,1515000
Kia,Sonet,2024,1.0,Petrol,Manual,10588,5,1,665000
Hyundai,Venue,2024,1.5,Diesel,Automatic,15591,5,1,515000
Tata,Nexon EV,2022,0.0,EV,Automatic,32878,5,1,815000
Toyota,Fortuner,2017,2.9,Diesel,Manual,109782,7,2,875000
Maruti Suzuki,Alto K10,2024,1.0,Petrol,Manual,40000,5,1,230000
Toyota,Glanza,2022,1.2,Petrol,Manual,66266,5,2,265000
Hyundai,Venue,2016,1.0,Petrol,Manual,134232,5,3,140000
Hyundai,Grand i10 Nios,2018,1.3,Petrol,AMT,100373,5,2,95000
Kia,Sonet,2025,1.0,Petrol,DCT,10339,5,1,585000
Kia,Seltos,2020,1.5,Petrol,Manual,45648,5,2,370000
Mahindra,XUV700,2024,2.0,Petrol,Automatic,16753,7,1,1000000
Tata,Safari,2025,2.0,Diesel,Automatic,11914,7,1,1260000
Mahindra,XUV300,2021,1.2,Petrol,AMT,46500,5,2,305000
Mahindra,XUV700,2024,2.0,Petrol,Manual,22881,7,1,1120000
Mercedes-Benz,C-Class,2019,1.5,Petrol,Automatic,95738,5,3,2405000
Volkswagen,Taigun,2025,1.0,Petrol,Manual,10818,5,1,900000
Maruti Suzuki,Brezza,2022,1.5,Petrol,Automatic,52971,5,1,375000
Hyundai,Verna,2026,1.5,Petrol,Manual,4228,5,1,1085000
Mahindra,XUV700,2025,1.9,Petrol,Automatic,10320,7,1,1490000
Kia,Sonet,2019,1.5,Diesel,Manual,107884,5,3,280000
Tata,Harrier,2015,2.0,Diesel,Manual,163975,5,5,240000
Hyundai,Venue,2026,1.5,Diesel,Manual,2157,5,1,875000
Tata,Tiago,2025,1.2,Petrol,Manual,9774,5,1,265000
Mahindra,XUV300,2023,1.2,Petrol,Manual,21439,5,1,420000
Volkswagen,Virtus,2022,1.0,Petrol,Manual,65655,5,1,665000
Hyundai,Creta,2025,1.5,Petrol,DCT,7749,5,1,1305000
Mahindra,XUV700,2018,2.0,Petrol,Automatic,77400,7,1,565000
Kia,Sonet,2017,1.0,Petrol,DCT,145436,5,1,235000
Skoda,Slavia,2025,1.0,Petrol,Manual,14342,5,1,815000
Toyota,Urban Cruiser Hyryder,2019,1.6,Petrol Hybrid,e-CVT,30444,5,2,860000
Tata,Altroz,2022,1.1,Petrol,Manual,51888,5,1,260000
Volkswagen,Taigun,2023,1.0,Petrol,Automatic,19167,5,1,780000
Hyundai,Verna,2017,1.5,Petrol,Manual,121241,5,1,315000
Tata,Nexon EV,2026,0.0,EV,Automatic,2940,5,1,1195000
Tata,Nexon,2026,1.2,Petrol,AMT,2987,5,1,530000
Volkswagen,Virtus,2026,1.0,Petrol,Automatic,2382,5,1,1060000
Kia,Sonet,2025,1.5,Diesel,Automatic,12901,5,1,810000
Volkswagen,Taigun,2026,1.0,Petrol,Manual,3843,5,1,1070000
Toyota,Innova Crysta,2024,2.4,Diesel,Automatic,20779,7,1,1450000
Hyundai,Venue,2020,1.0,Petrol,Manual,27027,5,2,365000
Toyota,Innova Crysta,2026,2.4,Diesel,Manual,1715,7,1,1360000
Tata,Harrier,2025,2.0,Diesel,Manual,13053,5,1,1545000
Volkswagen,Taigun,2017,1.1,Petrol,Automatic,100850,5,2,325000
Hyundai,Creta,2021,1.5,Petrol,IVT,51867,5,3,560000
Toyota,Urban Cruiser Hyryder,2025,1.5,Petrol Hybrid,e-CVT,5600,5,1,1485000
Toyota,Urban Cruiser Hyryder,2025,1.5,Petrol,Automatic,17044,5,1,1025000
Maruti Suzuki,Wagon R,2024,1.2,Petrol,Manual,7715,5,1,350000
Toyota,Urban Cruiser Hyryder,2017,1.5,Petrol Hybrid,e-CVT,195929,5,4,295000
Honda,City,2017,1.4,Petrol,Manual,97141,5,2,250000
Maruti Suzuki,Wagon R,2018,1.2,Petrol,Manual,53764,5,1,130000
Kia,Seltos,2015,1.5,Petrol,IVT,129099,5,4,225000
Hyundai,Venue,2024,1.5,Diesel,Manual,17661,5,1,635000
Hyundai,Grand i10 Nios,2019,1.2,Petrol,AMT,74148,5,3,175000
Mahindra,XUV700,2024,2.0,Petrol,Automatic,11448,7,1,715000
Mahindra,Scorpio N,2024,2.2,Diesel,Manual,16073,7,1,1050000
Mahindra,XUV700,2020,2.0,Petrol,Manual,79062,7,1,785000
Maruti Suzuki,Baleno,2019,1.2,Petrol,Manual,67682,5,3,145000
Toyota,Glanza,2022,1.2,Petrol,AMT,38511,5,1,355000
Tata,Punch,2023,1.2,Petrol,AMT,26726,5,2,360000
Hyundai,i20,2018,1.2,Petrol,IVT,82715,5,2,130000
Tata,Altroz,2017,1.2,Petrol,DCT,117413,5,4,195000
Tata,Tiago,2024,1.2,Petrol,AMT,24548,5,1,355000
Skoda,Kushaq,2022,1.0,Petrol,Manual,45688,5,2,665000
Honda,Amaze,2026,1.2,Petrol,CVT,1970,5,1,750000
Toyota,Urban Cruiser Hyryder,2017,1.5,Petrol,Manual,77522,5,3,320000
BMW,X1,2019,1.4,Petrol,Automatic,82697,5,3,1740000
Tata,Harrier,2022,2.0,Diesel,Manual,35520,5,1,1005000
Mahindra,Scorpio N,2025,2.1,Diesel,Automatic,10472,7,1,1375000
Kia,Seltos,2021,1.5,Petrol,Manual,78061,5,2,535000
Maruti Suzuki,Ertiga,2017,1.6,Petrol,Manual,129554,7,3,190000
Honda,City,2025,1.5,Petrol Hybrid,e-CVT,11731,5,1,1455000
Honda,Amaze,2015,1.2,Petrol,Manual,218094,5,3,200000
Tata,Safari,2022,2.0,Diesel,Manual,61278,7,1,1010000
Toyota,Urban Cruiser Hyryder,2026,1.5,Petrol,Manual,1683,5,1,865000
Mahindra,XUV700,2019,2.2,Diesel,Manual,26234,7,1,660000
Volkswagen,Taigun,2015,1.5,Petrol,DCT,172649,5,4,235000
Hyundai,Grand i10 Nios,2023,1.2,Petrol,Manual,25493,5,1,220000
Kia,Sonet,2024,1.0,Petrol,DCT,68046,5,1,670000
Kia,Carens,2018,1.5,Petrol,Manual,169447,7,4,415000
Hyundai,i20,2019,1.1,Petrol,IVT,79631,5,1,185000
Maruti Suzuki,Ertiga,2022,1.5,Petrol,Automatic,21808,7,1,460000
Mahindra,Scorpio N,2023,2.3,Diesel,Manual,19224,7,1,1005000
Honda,Amaze,2018,1.2,Petrol,Manual,62518,5,3,260000
Tata,Nexon EV,2024,0.0,EV,Automatic,23938,5,1,970000
Kia,Seltos,2020,1.5,Diesel,Automatic,81217,5,2,530000
Toyota,Innova Crysta,2023,2.4,Diesel,Manual,18506,7,1,950000
Hyundai,i20,2024,1.0,Petrol,Manual,17549,5,1,455000
Toyota,Urban Cruiser Hyryder,2023,1.4,Petrol,Automatic,41209,5,2,750000
Audi,Q3,2025,2.0,Petrol,DCT,13815,5,1,3495000
Hyundai,Venue,2025,1.4,Diesel,Automatic,11741,5,1,685000
Kia,Seltos,2019,1.5,Diesel,Manual,35295,5,3,500000
Hyundai,Verna,2026,1.5,Petrol,Manual,1903,5,1,710000
Mahindra,XUV300,2026,1.2,Petrol,Manual,3459,5,1,780000
Maruti Suzuki,Baleno,2022,1.2,Petrol,AMT,37635,5,1,370000
Mahindra,Thar,2024,2.2,Diesel,Automatic,18399,4,1,1045000
Tata,Tiago,2024,1.2,Petrol,Manual,19541,5,1,310000
Mahindra,XUV700,2018,2.1,Diesel,Automatic,62834,7,3,565000
Honda,City,2018,1.5,Petrol,Manual,139260,5,1,315000
Toyota,Fortuner,2025,2.8,Diesel,Manual,8368,7,1,2790000
Kia,Sonet,2024,1.0,Petrol,iMT,33798,5,1,570000
Maruti Suzuki,Baleno,2026,1.3,Petrol,AMT,2528,5,1,400000
Audi,Q3,2021,2.0,Petrol,DCT,96849,5,1,2790000
Honda,City,2020,1.4,Petrol,Manual,83266,5,2,380000
Toyota,Fortuner,2021,2.8,Diesel,Manual,53680,7,5,1530000
Toyota,Innova Crysta,2025,2.4,Diesel,Manual,11906,7,1,1485000
Hyundai,Venue,2018,1.0,Petrol,Manual,51717,5,2,245000
Maruti Suzuki,Brezza,2024,1.5,Petrol,Manual,12047,5,1,315000
Hyundai,Venue,2023,1.1,Petrol,DCT,10029,5,1,575000
Tata,Tiago,2024,1.2,Petrol,AMT,31131,5,1,395000
Tata,Nexon,2017,1.6,Diesel,AMT,103366,5,1,260000
Hyundai,Verna,2021,1.5,Petrol,IVT,46252,5,1,480000
Toyota,Urban Cruiser Hyryder,2026,1.4,Petrol Hybrid,e-CVT,2112,5,1,1875000
Hyundai,Creta,2019,1.5,Petrol,Automatic,122334,5,5,280000
Honda,City,2024,1.5,Petrol Hybrid,e-CVT,12436,5,1,1335000
Kia,Sonet,2020,1.5,Diesel,Manual,51338,5,2,355000
Kia,Seltos,2026,1.5,Diesel,Manual,1854,5,1,990000
Tata,Harrier,2023,2.0,Diesel,Manual,35711,5,1,975000
Hyundai,Verna,2016,1.5,Petrol,Manual,91366,5,3,300000
Maruti Suzuki,Swift,2024,1.2,Petrol,Manual,20207,5,1,200000
Hyundai,Grand i10 Nios,2017,1.3,Petrol,Manual,78369,5,4,105000
Hyundai,Venue,2023,1.5,Diesel,Manual,18888,5,1,635000
Kia,Carens,2018,1.5,Petrol,DCT,95309,7,3,490000
Maruti Suzuki,Alto K10,2026,1.0,Petrol,AMT,2215,5,1,320000
Hyundai,Creta,2022,1.5,Petrol,IVT,33840,5,2,695000
Hyundai,Venue,2026,1.5,Diesel,Manual,2103,5,1,895000
Tata,Nexon EV,2015,0.0,EV,Automatic,75353,5,1,295000
Maruti Suzuki,Baleno,2026,1.2,Petrol,Manual,3628,5,1,590000
Toyota,Urban Cruiser Hyryder,2024,1.5,Petrol Hybrid,e-CVT,13420,5,1,1290000
Hyundai,Grand i10 Nios,2019,1.2,Petrol,AMT,109037,5,1,125000
Mahindra,XUV300,2018,1.2,Petrol,AMT,111930,5,1,200000
Hyundai,Creta,2020,1.6,Petrol,Manual,28541,5,1,535000
Hyundai,Verna,2026,1.5,Petrol,IVT,2736,5,1,820000
Maruti Suzuki,Baleno,2022,1.2,Petrol,Manual,56245,5,1,360000
Kia,Seltos,2026,1.5,Diesel,Manual,2450,5,1,670000
Tata,Nexon,2026,1.2,Petrol,DCT,1942,5,1,905000
Hyundai,Verna,2025,1.5,Petrol,IVT,8269,5,1,630000
Hyundai,i20,2026,1.1,Petrol,Manual,3883,5,1,310000
Honda,Amaze,2020,1.3,Petrol,Manual,51197,5,2,290000
Tata,Altroz,2022,1.2,Petrol,Manual,41512,5,2,345000
Skoda,Kushaq,2024,1.1,Petrol,Automatic,14259,5,1,865000
Mahindra,XUV700,2025,1.9,Petrol,Manual,6834,7,1,1355000
Volkswagen,Virtus,2019,1.5,Petrol,DCT,47603,5,1,630000
Tata,Altroz,2023,1.2,Petrol,DCT,29561,5,2,400000
Hyundai,Grand i10 Nios,2026,1.2,Petrol,Manual,1979,5,1,305000
Kia,Sonet,2017,1.0,Petrol,iMT,184587,5,2,200000
Toyota,Fortuner,2018,2.7,Diesel,Automatic,67904,7,3,1055000
Volkswagen,Taigun,2023,0.9,Petrol,Manual,24543,5,1,755000
Hyundai,i20,2026,1.2,Petrol,IVT,2947,5,1,515000
Kia,Seltos,2020,1.4,Diesel,Automatic,61576,5,2,560000
Hyundai,Creta,2025,1.6,Petrol,IVT,9117,5,1,935000
Toyota,Innova Crysta,2026,2.4,Diesel,Automatic,5304,7,1,1640000
Hyundai,Creta,2025,1.5,Petrol,DCT,27790,5,1,955000
Hyundai,i20,2015,1.0,Petrol,DCT,148148,5,4,110000
Kia,Sonet,2023,1.0,Petrol,DCT,21494,5,1,520000
Tata,Nexon,2022,1.5,Diesel,AMT,56558,5,1,480000
Honda,City,2019,1.5,Petrol,Manual,172712,5,3,270000
Honda,Amaze,2024,1.2,Petrol,Manual,22074,5,1,495000
Tata,Punch,2026,1.2,Petrol,AMT,1599,5,1,600000
Mahindra,Thar,2022,2.2,Diesel,Automatic,42545,4,1,830000
Kia,Seltos,2018,1.5,Petrol,Manual,89417,5,1,430000
Maruti Suzuki,Ertiga,2023,1.5,Petrol,Automatic,30006,7,1,485000
Mahindra,XUV700,2017,2.2,Diesel,Manual,65699,7,2,410000
Maruti Suzuki,Baleno,2020,1.2,Petrol,AMT,76622,5,1,170000
Maruti Suzuki,Baleno,2026,1.2,Petrol,Manual,2863,5,1,490000
Tata,Altroz,2023,1.1,Petrol,DCT,32788,5,1,410000
Volvo,XC60,2026,2.0,Petrol Hybrid,Automatic,3077,5,1,7740000
Kia,Sonet,2021,1.0,Petrol,iMT,42358,5,1,475000
Mahindra,Thar,2025,2.0,Petrol,Automatic,8843,4,1,940000
Tata,Punch,2025,1.2,Petrol,AMT,12906,5,1,510000
Hyundai,i20,2022,1.0,Petrol,Manual,32397,5,1,315000
Honda,Amaze,2017,1.2,Petrol,Manual,207759,5,4,200000
Hyundai,Verna,2025,1.5,Petrol,Manual,10455,5,1,865000
Hyundai,i20,2023,1.2,Petrol,Manual,19083,5,1,255000
Mahindra,XUV300,2017,1.2,Petrol,AMT,220000,5,3,200000
Kia,Seltos,2018,1.5,Diesel,Manual,67575,5,2,415000
Mahindra,XUV300,2026,1.2,Petrol,AMT,1500,5,1,935000
Mercedes-Benz,A-Class Limousine,2019,1.3,Petrol,DCT,49616,5,1,1660000
Tata,Nexon,2022,1.3,Petrol,DCT,27486,5,1,455000
Maruti Suzuki,Baleno,2022,1.2,Petrol,AMT,51148,5,2,290000
Maruti Suzuki,Brezza,2024,1.5,Petrol,Manual,35625,5,1,345000
Honda,City,2026,1.5,Petrol Hybrid,e-CVT,2280,5,1,1720000
Tata,Nexon EV,2023,0.0,EV,Automatic,45109,5,1,595000
Tata,Punch,2015,1.1,Petrol,AMT,113908,5,3,135000
Maruti Suzuki,Ertiga,2022,1.5,Petrol,Automatic,68561,7,1,360000
Toyota,Urban Cruiser Hyryder,2025,1.5,Petrol,Automatic,11516,5,1,1340000
Tata,Nexon,2022,1.2,Petrol,Manual,69581,5,2,360000
Kia,Seltos,2024,1.5,Petrol,IVT,22234,5,1,840000
Mahindra,Thar,2023,2.0,Petrol,Automatic,22202,4,1,835000
Kia,Seltos,2021,1.5,Diesel,Manual,111410,5,2,520000
Hyundai,i20,2026,1.2,Petrol,Manual,3146,5,1,460000
Tata,Nexon EV,2024,0.0,EV,Automatic,12478,5,1,1110000
Tata,Tiago,2026,1.1,Petrol,Manual,2423,5,1,375000
Maruti Suzuki,Ertiga,2020,1.6,Petrol,Automatic,87196,7,2,335000
Hyundai,Venue,2017,1.0,Petrol,Manual,116797,5,3,205000
Hyundai,i20,2023,1.0,Petrol,DCT,33784,5,1,530000
Mahindra,XUV700,2026,2.2,Diesel,Manual,5797,7,1,1620000
Tata,Tiago,2022,1.2,Petrol,AMT,25607,5,1,270000
Kia,Seltos,2018,1.5,Diesel,Manual,122972,5,3,335000
Tata,Harrier,2023,2.0,Diesel,Automatic,23751,5,1,1160000
Toyota,Urban Cruiser Hyryder,2016,1.5,Petrol,Manual,120168,5,4,295000
Kia,Seltos,2026,1.5,Petrol,Manual,3790,5,1,1275000
Hyundai,Creta,2026,1.5,Diesel,Manual,3694,5,1,985000
Hyundai,Verna,2021,1.6,Petrol,Manual,42837,5,2,640000
Honda,Amaze,2026,1.2,Petrol,CVT,2448,5,1,710000
Hyundai,i20,2023,1.2,Petrol,Manual,22317,5,1,380000
Mercedes-Benz,GLA,2021,1.3,Petrol,DCT,89376,5,2,2355000
Toyota,Glanza,2023,1.2,Petrol,Manual,22644,5,1,540000
Hyundai,Creta,2026,1.5,Petrol,Automatic,3684,5,1,1270000
Mahindra,XUV300,2023,1.1,Petrol,Manual,56079,5,1,495000
Mahindra,Scorpio N,2023,2.2,Diesel,Manual,33464,7,2,715000
Mahindra,XUV700,2019,2.0,Petrol,Manual,106307,7,2,560000
Toyota,Urban Cruiser Hyryder,2020,1.5,Petrol Hybrid,e-CVT,75217,5,1,590000
Skoda,Kushaq,2016,1.6,Petrol,DCT,220000,5,1,260000
Mercedes-Benz,A-Class Limousine,2018,1.3,Petrol,DCT,92315,5,2,2045000
Mahindra,XUV700,2024,2.0,Petrol,Automatic,17612,7,1,1045000
Toyota,Urban Cruiser Hyryder,2023,1.6,Petrol,Automatic,41996,5,2,750000
Tata,Nexon EV,2023,0.0,EV,Automatic,31180,5,2,890000
Volkswagen,Taigun,2022,1.5,Petrol,DCT,61669,5,1,900000
Maruti Suzuki,Brezza,2026,1.5,Petrol,Manual,2133,5,1,660000
Maruti Suzuki,Swift,2020,1.2,Petrol,AMT,44093,5,2,145000
Maruti Suzuki,Swift,2018,1.2,Petrol,Manual,38374,5,1,145000
Honda,City,2020,1.4,Petrol Hybrid,e-CVT,66679,5,2,885000
Hyundai,Verna,2017,1.5,Petrol,IVT,83357,5,1,230000
Honda,City,2026,1.5,Petrol,Manual,3073,5,1,975000
Hyundai,Verna,2024,1.5,Petrol,IVT,27957,5,1,595000
Toyota,Urban Cruiser Hyryder,2024,1.4,Petrol,Automatic,17413,5,1,955000
Toyota,Glanza,2023,1.1,Petrol,Manual,32597,5,1,490000
Tata,Tiago,2022,1.2,Petrol,Manual,43002,5,1,245000
Toyota,Urban Cruiser Hyryder,2022,1.5,Petrol Hybrid,e-CVT,19894,5,1,970000
Hyundai,Venue,2023,1.5,Diesel,Manual,47998,5,1,355000
Maruti Suzuki,Alto K10,2018,1.0,Petrol,Manual,130014,5,3,80000
Tata,Nexon,2022,1.5,Diesel,Manual,47814,5,1,640000
Hyundai,Creta,2018,1.5,Diesel,Automatic,152654,5,2,210000
Tata,Harrier,2016,2.0,Diesel,Automatic,109693,5,3,370000
Maruti Suzuki,Swift,2023,1.2,Petrol,Manual,31709,5,1,270000
Mahindra,XUV300,2026,1.2,Petrol,Manual,4303,5,1,990000
Mahindra,XUV700,2018,2.0,Petrol,Manual,132955,7,1,375000
Tata,Safari,2025,2.0,Diesel,Manual,13694,7,1,1420000
Hyundai,Verna,2023,1.5,Petrol,DCT,39720,5,1,570000
Hyundai,i20,2023,1.2,Petrol,Manual,15572,5,1,405000
Toyota,Fortuner,2021,2.8,Diesel,Automatic,19975,7,1,2140000
Hyundai,Creta,2022,1.5,Petrol,IVT,68957,5,3,370000
Mahindra,XUV700,2021,2.0,Petrol,Automatic,80141,7,2,645000
Tata,Tiago,2017,1.1,Petrol,AMT,69589,5,2,115000
Toyota,Fortuner,2026,2.8,Diesel,Manual,3158,7,1,3170000
Mahindra,XUV300,2022,1.2,Petrol,Manual,26428,5,1,605000
Toyota,Fortuner,2024,2.8,Diesel,Automatic,20430,7,1,3000000
Kia,Carens,2021,1.5,Petrol,DCT,114478,7,1,495000
Honda,Amaze,2021,1.1,Petrol,CVT,40475,5,1,375000
Mahindra,Thar,2018,2.2,Diesel,Manual,117235,4,4,285000
Hyundai,Venue,2025,1.0,Petrol,DCT,11782,5,1,665000
Mahindra,XUV300,2023,1.2,Petrol,Manual,25976,5,1,350000
Mahindra,XUV700,2015,2.2,Diesel,Automatic,175827,7,2,305000
Skoda,Kushaq,2023,1.5,Petrol,DCT,35820,5,1,950000
Skoda,Kushaq,2024,1.0,Petrol,Automatic,34846,5,1,810000
Hyundai,Creta,2020,1.5,Diesel,Automatic,54545,5,1,540000
Hyundai,Creta,2022,1.5,Petrol,Manual,62601,5,1,580000
Skoda,Kushaq,2024,0.9,Petrol,Automatic,25993,5,1,990000
Tata,Altroz,2026,1.2,Petrol,Manual,1545,5,1,595000
Skoda,Kushaq,2023,1.5,Petrol,DCT,46084,5,1,775000
Toyota,Urban Cruiser Hyryder,2021,1.5,Petrol Hybrid,e-CVT,29129,5,2,805000
Maruti Suzuki,Wagon R,2021,1.2,Petrol,Manual,79550,5,1,210000
Mahindra,Thar,2019,2.2,Diesel,Automatic,87081,4,2,575000
Toyota,Innova Crysta,2026,2.4,Diesel,Automatic,2312,7,1,1490000
Maruti Suzuki,Swift,2025,1.2,Petrol,AMT,11871,5,1,295000
Tata,Punch,2021,1.2,Petrol,AMT,36812,5,2,230000
Kia,Seltos,2017,1.5,Diesel,Manual,113510,5,2,290000
Tata,Nexon EV,2023,0.0,EV,Automatic,40968,5,1,890000
Kia,Sonet,2023,1.0,Petrol,iMT,35649,5,1,510000
Tata,Altroz,2026,1.2,Petrol,Manual,2001,5,1,530000
Tata,Nexon,2019,1.2,Petrol,Manual,39751,5,2,370000
Hyundai,i20,2018,1.2,Petrol,Manual,64952,5,1,145000
Hyundai,Creta,2018,1.6,Petrol,Manual,57424,5,2,440000
Tata,Nexon,2019,1.5,Diesel,AMT,92360,5,3,290000
Tata,Nexon,2022,1.2,Petrol,DCT,53050,5,1,450000
Kia,Sonet,2024,1.5,Diesel,Manual,22968,5,1,715000
Mahindra,Thar,2026,2.0,Petrol,Manual,2027,4,1,1315000
Toyota,Glanza,2019,1.2,Petrol,Manual,46705,5,1,200000
Hyundai,Venue,2019,1.5,Diesel,Manual,41634,5,1,345000
Tata,Altroz,2023,1.3,Petrol,DCT,43961,5,1,380000
Tata,Punch,2019,1.2,Petrol,AMT,47011,5,2,205000
Hyundai,Verna,2024,1.5,Petrol,DCT,29162,5,1,735000
Hyundai,Creta,2019,1.5,Petrol,Automatic,63126,5,2,395000
Hyundai,Grand i10 Nios,2024,1.2,Petrol,Manual,23412,5,1,310000
Toyota,Urban Cruiser Hyryder,2026,1.5,Petrol Hybrid,e-CVT,2564,5,1,1870000
Kia,Seltos,2022,1.5,Petrol,Manual,34245,5,1,685000
Toyota,Urban Cruiser Hyryder,2026,1.5,Petrol,Manual,2266,5,1,1395000
Skoda,Kushaq,2025,1.5,Petrol,DCT,9569,5,1,1025000
Toyota,Glanza,2018,1.2,Petrol,Manual,66680,5,4,220000
Tata,Nexon EV,2026,0.0,EV,Automatic,3692,5,1,975000
Hyundai,Creta,2022,1.5,Petrol,Manual,64995,5,2,480000
Mahindra,XUV700,2022,2.2,Diesel,Automatic,24194,7,1,985000
Audi,A4,2019,2.0,Petrol,DCT,58138,5,1,2200000
Hyundai,i20,2026,1.2,Petrol,Manual,4658,5,1,545000
Toyota,Innova Crysta,2021,2.4,Diesel,Automatic,53866,7,1,880000
Volvo,XC60,2016,2.0,Petrol Hybrid,Automatic,96939,5,3,1790000
BYD,Atto 3,2017,0.0,EV,Automatic,89735,5,2,1115000
Tata,Harrier,2022,2.0,Diesel,Automatic,32150,5,2,775000
Mahindra,XUV300,2017,1.2,Petrol,Manual,106302,5,2,240000
Hyundai,i20,2024,1.3,Petrol,Manual,22113,5,1,340000
Hyundai,Creta,2024,1.4,Petrol,Manual,29249,5,1,865000
Hyundai,Venue,2026,1.0,Petrol,DCT,5891,5,1,760000
Mahindra,Thar,2021,2.2,Diesel,Automatic,49701,4,2,755000
Toyota,Glanza,2023,1.1,Petrol,Manual,20046,5,1,510000
Volkswagen,Virtus,2018,0.9,Petrol,Manual,123346,5,5,305000
Maruti Suzuki,Swift,2023,1.2,Petrol,AMT,35726,5,1,295000
Kia,Sonet,2023,1.0,Petrol,Manual,28283,5,1,605000
Maruti Suzuki,Swift,2021,1.1,Petrol,Manual,41086,5,3,220000
Toyota,Urban Cruiser Hyryder,2022,1.5,Petrol Hybrid,e-CVT,25748,5,2,1095000
Honda,City,2023,1.5,Petrol,CVT,38119,5,1,590000
Hyundai,Venue,2022,0.9,Petrol,Manual,84040,5,3,340000
Toyota,Urban Cruiser Hyryder,2020,1.5,Petrol,Automatic,87606,5,3,460000
Tata,Nexon,2019,1.5,Diesel,AMT,74470,5,3,240000
Toyota,Innova Crysta,2020,2.4,Diesel,Automatic,64319,7,3,945000
Mahindra,Thar,2024,2.2,Diesel,Manual,10317,4,1,920000
Mahindra,Scorpio N,2022,2.2,Diesel,Manual,58061,7,1,870000
Volvo,XC60,2026,2.0,Petrol Hybrid,Automatic,2285,5,1,6150000
Honda,City,2019,1.5,Petrol,CVT,95129,5,1,295000
Kia,Seltos,2021,1.5,Diesel,Manual,56367,5,1,550000
Hyundai,i20,2024,1.0,Petrol,Manual,16833,5,1,625000
Tata,Altroz,2019,1.2,Petrol,DCT,112526,5,2,235000
Toyota,Innova Crysta,2016,2.4,Diesel,Automatic,111050,7,3,455000
Hyundai,Verna,2023,1.5,Petrol,IVT,31916,5,1,620000
Honda,City,2020,1.5,Petrol Hybrid,e-CVT,53645,5,4,660000
Maruti Suzuki,Brezza,2023,1.5,Petrol,Manual,44570,5,1,285000
Mahindra,Scorpio N,2021,2.2,Diesel,Automatic,37593,7,2,785000
Maruti Suzuki,Alto K10,2018,1.0,Petrol,AMT,96158,5,3,85000
Mahindra,Thar,2026,2.0,Petrol,Manual,1625,4,1,1480000
Maruti Suzuki,Swift,2019,1.2,Petrol,Manual,53748,5,2,175000
Volkswagen,Taigun,2025,1.0,Petrol,Automatic,13023,5,1,1115000
Toyota,Urban Cruiser Hyryder,2021,1.5,Petrol,Manual,57637,5,1,835000
Toyota,Fortuner,2026,2.8,Diesel,Automatic,2105,7,1,2755000
Mahindra,XUV700,2019,2.0,Petrol,Manual,90266,7,2,460000
Hyundai,i20,2024,1.2,Petrol,Manual,28736,5,1,480000
Mahindra,XUV300,2025,1.2,Petrol,Manual,10451,5,1,720000
Hyundai,i20,2025,1.2,Petrol,Manual,8790,5,1,520000
Toyota,Innova Crysta,2023,2.3,Diesel,Manual,45655,7,1,1080000
Honda,Amaze,2024,1.2,Petrol,CVT,39830,5,1,595000
Honda,City,2023,1.5,Petrol Hybrid,e-CVT,33696,5,1,790000
Tata,Tiago,2026,1.1,Petrol,Manual,3140,5,1,390000
Hyundai,Verna,2019,1.5,Petrol,Manual,53151,5,2,425000
Volvo,XC60,2024,2.0,Petrol Hybrid,Automatic,20618,5,1,5550000
Tata,Nexon,2026,1.2,Petrol,DCT,3430,5,1,825000
Hyundai,i20,2025,1.2,Petrol,Manual,13703,5,1,500000
Toyota,Urban Cruiser Hyryder,2021,1.5,Petrol,Manual,65722,5,1,465000
Tata,Nexon,2023,1.1,Petrol,Manual,27064,5,2,515000
Mahindra,XUV700,2020,2.2,Diesel,Manual,87754,7,1,730000
Mahindra,Scorpio N,2025,2.3,Diesel,Manual,23300,7,1,940000
Toyota,Urban Cruiser Hyryder,2024,1.4,Petrol Hybrid,e-CVT,24490,5,1,1410000
Mahindra,Thar,2021,2.2,Diesel,Manual,55177,4,3,625000
Hyundai,Creta,2023,1.5,Petrol,Automatic,36546,5,1,920000
Tata,Safari,2025,2.0,Diesel,Manual,9225,7,1,1040000
Volkswagen,Taigun,2019,1.0,Petrol,Manual,203324,5,5,220000
Tata,Safari,2023,1.9,Diesel,Manual,20798,7,1,1290000
Hyundai,i20,2019,1.0,Petrol,Manual,39101,5,2,285000
Mahindra,XUV300,2025,1.2,Petrol,Manual,6540,5,1,640000
Volvo,XC60,2021,2.0,Petrol Hybrid,Automatic,36984,5,2,4305000
Volkswagen,Taigun,2024,1.5,Petrol,DCT,22623,5,1,890000
Mahindra,XUV300,2015,1.2,Petrol,AMT,155392,5,3,200000
Hyundai,Creta,2025,1.5,Petrol,DCT,18201,5,1,1290000
Hyundai,Venue,2022,1.0,Petrol,DCT,24102,5,1,450000
Tata,Nexon EV,2024,0.0,EV,Automatic,22578,5,1,1045000
Hyundai,i20,2020,1.0,Petrol,Manual,94436,5,3,285000
Hyundai,Creta,2026,1.5,Petrol,Manual,4682,5,1,1045000
Tata,Nexon EV,2025,0.0,EV,Automatic,9802,5,1,1165000
Hyundai,Creta,2020,1.5,Petrol,Manual,110807,5,2,415000
Toyota,Urban Cruiser Hyryder,2022,1.5,Petrol,Automatic,46321,5,2,720000
Toyota,Fortuner,2018,2.8,Diesel,Automatic,46645,7,4,1045000
Volkswagen,Virtus,2026,1.0,Petrol,Manual,2281,5,1,1145000
Tata,Safari,2019,2.0,Diesel,Manual,112624,7,4,590000
Maruti Suzuki,Swift,2023,1.2,Petrol,Manual,22262,5,1,235000
Tata,Nexon,2022,1.5,Diesel,Manual,56636,5,2,545000
Volkswagen,Virtus,2022,1.5,Petrol,DCT,24575,5,1,655000
Hyundai,i20,2022,1.2,Petrol,Manual,38740,5,1,295000
Hyundai,Verna,2018,1.6,Petrol,DCT,94828,5,1,365000
Hyundai,Venue,2022,1.0,Petrol,DCT,63546,5,2,320000
Mahindra,Scorpio N,2021,2.2,Diesel,Manual,62699,7,2,650000
Mahindra,XUV700,2025,2.2,Diesel,Manual,10820,7,1,1135000
Tata,Nexon,2025,1.1,Petrol,DCT,8500,5,1,750000
Tata,Altroz,2026,1.3,Petrol,Manual,2960,5,1,660000
Kia,Carens,2017,1.5,Petrol,DCT,217081,7,3,265000
Tata,Safari,2024,2.0,Diesel,Automatic,27307,7,1,1115000
Tata,Safari,2022,1.9,Diesel,Automatic,59806,7,1,845000
Tata,Altroz,2022,1.2,Petrol,DCT,34998,5,1,450000
Volkswagen,Taigun,2021,1.5,Petrol,DCT,107540,5,1,585000
Mercedes-Benz,C-Class,2018,1.5,Petrol,Automatic,57484,5,1,2445000
Hyundai,Creta,2023,1.5,Petrol,Automatic,28228,5,1,865000
Skoda,Slavia,2024,1.0,Petrol,Manual,41598,5,1,915000
Maruti Suzuki,Swift,2017,1.2,Petrol,AMT,55611,5,4,115000
Kia,Seltos,2023,1.5,Petrol,IVT,34582,5,1,665000
Volkswagen,Taigun,2026,1.5,Petrol,DCT,1547,5,1,1605000
Tata,Nexon,2020,1.6,Diesel,AMT,31303,5,1,425000
Toyota,Urban Cruiser Hyryder,2021,1.5,Petrol Hybrid,e-CVT,94464,5,1,820000
Mahindra,Scorpio N,2022,2.2,Diesel,Manual,61651,7,1,840000
Hyundai,Creta,2025,1.5,Petrol,Manual,13988,5,1,850000
Hyundai,Creta,2026,1.5,Petrol,Automatic,2276,5,1,1295000
Volvo,XC60,2025,2.0,Petrol Hybrid,Automatic,5741,5,1,6810000
Hyundai,Creta,2024,1.4,Diesel,Automatic,13267,5,1,615000
Mahindra,XUV700,2026,2.0,Petrol,Automatic,4559,7,1,1600000
Honda,Amaze,2023,1.2,Petrol,CVT,32261,5,1,465000
Honda,City,2026,1.5,Petrol,Manual,4611,5,1,1195000
Mahindra,Thar,2017,2.0,Petrol,Manual,153853,4,2,270000
Hyundai,Creta,2017,1.6,Petrol,Manual,84458,5,3,305000
Hyundai,i20,2026,1.0,Petrol,DCT,3311,5,1,705000
Tata,Nexon,2023,1.5,Diesel,Manual,29072,5,1,645000
Hyundai,Verna,2025,1.5,Petrol,DCT,3743,5,1,750000
Hyundai,Verna,2017,1.5,Petrol,DCT,139721,5,1,225000
Tata,Nexon,2024,1.5,Diesel,Manual,12589,5,1,760000
Maruti Suzuki,Baleno,2024,1.2,Petrol,Manual,15890,5,1,415000
Mahindra,XUV700,2025,2.0,Petrol,Manual,8649,7,1,1220000
Kia,Sonet,2025,1.0,Petrol,Manual,17507,5,1,715000
Honda,City,2025,1.5,Petrol Hybrid,e-CVT,14714,5,1,1030000
Toyota,Fortuner,2021,2.8,Diesel,Automatic,68582,7,1,1950000
Tata,Nexon EV,2021,0.0,EV,Automatic,105388,5,3,510000
Mahindra,Thar,2025,2.0,Petrol,Manual,20864,4,1,905000
Mahindra,XUV700,2025,2.0,Petrol,Automatic,12726,7,1,760000
Tata,Safari,2022,2.0,Diesel,Manual,36819,7,2,835000
Maruti Suzuki,Wagon R,2016,1.3,Petrol,Manual,53848,5,1,115000
Tata,Altroz,2021,1.2,Petrol,Manual,23159,5,1,350000
Hyundai,Creta,2025,1.5,Petrol,Manual,17315,5,1,920000
Kia,Sonet,2024,1.5,Diesel,Automatic,33526,5,1,620000
Mahindra,Thar,2023,2.0,Petrol,Manual,52650,4,1,690000
Hyundai,Venue,2020,1.0,Petrol,DCT,67812,5,2,245000
Toyota,Glanza,2021,1.3,Petrol,AMT,101451,5,1,215000
Tata,Altroz,2023,1.2,Petrol,Manual,27448,5,1,280000
Maruti Suzuki,Ertiga,2023,1.4,Petrol,Automatic,21553,7,1,555000
Hyundai,Venue,2019,1.5,Diesel,Automatic,44848,5,2,300000
Hyundai,i20,2026,1.0,Petrol,DCT,1691,5,1,800000
Mahindra,Scorpio N,2019,2.2,Diesel,Automatic,61210,7,4,565000
Tata,Nexon,2022,1.5,Diesel,Manual,31873,5,2,450000
Kia,Seltos,2022,1.5,Petrol,IVT,90117,5,1,395000
Maruti Suzuki,Baleno,2019,1.2,Petrol,Manual,43296,5,1,245000
Maruti Suzuki,Brezza,2019,1.5,Petrol,Automatic,48828,5,1,195000
Kia,Sonet,2019,1.5,Diesel,Manual,48079,5,2,335000
Maruti Suzuki,Alto K10,2023,1.0,Petrol,Manual,32276,5,1,225000
Mahindra,Thar,2025,2.2,Diesel,Manual,8925,4,1,1200000
Skoda,Slavia,2024,0.9,Petrol,Automatic,40024,5,1,750000
Kia,Seltos,2017,1.5,Petrol,Manual,71937,5,1,245000
Mahindra,Scorpio N,2026,2.3,Diesel,Manual,1913,7,1,885000
Hyundai,Venue,2022,1.0,Petrol,DCT,36531,5,1,340000
Kia,Seltos,2018,1.5,Diesel,Manual,75923,5,2,310000
Hyundai,Creta,2023,1.5,Diesel,Automatic,46700,5,1,630000
Hyundai,Creta,2019,1.5,Petrol,IVT,94785,5,1,340000
Honda,City,2022,1.6,Petrol,CVT,34179,5,2,675000
Toyota,Urban Cruiser Hyryder,2021,1.6,Petrol Hybrid,e-CVT,49749,5,1,1040000
Maruti Suzuki,Baleno,2021,1.2,Petrol,Manual,36154,5,2,240000
Tata,Nexon,2025,1.4,Diesel,AMT,6931,5,1,695000
Maruti Suzuki,Baleno,2020,1.2,Petrol,Manual,120247,5,2,215000
Maruti Suzuki,Brezza,2023,1.5,Petrol,Manual,43532,5,2,305000
Tata,Nexon EV,2018,0.0,EV,Automatic,123303,5,2,365000
Mercedes-Benz,A-Class Limousine,2025,1.3,Petrol,DCT,8966,5,1,3100000
Tata,Nexon,2020,1.2,Petrol,Manual,54344,5,2,400000
Mahindra,XUV700,2019,2.2,Diesel,Automatic,115681,7,2,510000
Mahindra,Thar,2022,2.1,Diesel,Manual,42808,4,2,775000
Lexus,ES,2022,2.5,Petrol Hybrid,e-CVT,21284,5,1,5635000
Hyundai,i20,2022,1.1,Petrol,Manual,47999,5,2,275000
Kia,Sonet,2023,1.6,Diesel,Automatic,35463,5,1,445000
Tata,Punch,2021,1.2,Petrol,Manual,93839,5,2,305000
Lexus,ES,2023,2.4,Petrol Hybrid,e-CVT,46025,5,1,4370000
Hyundai,Grand i10 Nios,2015,1.3,Petrol,AMT,98308,5,1,90000
Kia,Sonet,2021,1.5,Diesel,Manual,33241,5,1,535000
Hyundai,i20,2023,1.0,Petrol,Manual,22685,5,1,485000
Tata,Tiago,2025,1.2,Petrol,Manual,10167,5,1,250000
Kia,Sonet,2016,1.5,Diesel,Automatic,75586,5,2,290000
Kia,Seltos,2024,1.5,Petrol,Manual,35399,5,1,950000
Hyundai,Verna,2022,1.6,Petrol,IVT,55245,5,2,565000
Hyundai,i20,2021,1.3,Petrol,IVT,20031,5,1,285000
Maruti Suzuki,Baleno,2021,1.2,Petrol,Manual,37600,5,2,200000
Toyota,Urban Cruiser Hyryder,2023,1.5,Petrol Hybrid,e-CVT,94146,5,1,685000
Mahindra,Thar,2022,2.1,Diesel,Automatic,22348,4,1,735000
Mahindra,Thar,2021,2.2,Diesel,Automatic,73836,4,1,650000
Kia,Sonet,2022,1.0,Petrol,DCT,51912,5,1,530000
Hyundai,Verna,2017,1.5,Petrol,Manual,117984,5,5,215000
Hyundai,Venue,2026,1.0,Petrol,Manual,3034,5,1,780000
Toyota,Innova Crysta,2025,2.4,Diesel,Automatic,13307,7,1,1750000
Toyota,Fortuner,2016,2.8,Diesel,Manual,84151,7,2,1010000
Kia,Sonet,2026,1.5,Diesel,Automatic,3054,5,1,955000
Mahindra,XUV700,2024,2.2,Diesel,Manual,15874,7,1,1215000
Kia,Carens,2016,1.5,Petrol,Manual,61662,7,2,440000
Tata,Tiago,2026,1.3,Petrol,AMT,1500,5,1,375000
Maruti Suzuki,Swift,2026,1.2,Petrol,Manual,3645,5,1,450000
Tata,Nexon,2025,1.2,Petrol,Manual,8831,5,1,510000
Hyundai,i20,2023,1.0,Petrol,DCT,38867,5,1,600000
Hyundai,Creta,2017,1.5,Petrol,DCT,150458,5,2,330000
Toyota,Urban Cruiser Hyryder,2018,1.5,Petrol Hybrid,e-CVT,56022,5,3,605000
Toyota,Urban Cruiser Hyryder,2020,1.6,Petrol,Manual,39311,5,3,605000
Toyota,Urban Cruiser Hyryder,2019,1.5,Petrol Hybrid,e-CVT,33730,5,3,485000
Toyota,Urban Cruiser Hyryder,2021,1.5,Petrol,Automatic,72694,5,1,660000
Maruti Suzuki,Swift,2019,1.1,Petrol,AMT,140495,5,3,105000
Hyundai,Verna,2016,1.5,Petrol,Manual,104493,5,1,275000
Hyundai,Verna,2016,1.5,Petrol,DCT,183936,5,1,245000
Hyundai,Venue,2022,1.1,Petrol,Manual,23771,5,1,465000
Hyundai,i20,2015,0.9,Petrol,Manual,161111,5,1,130000
Tata,Punch,2023,1.2,Petrol,Manual,38987,5,2,315000
Mahindra,Scorpio N,2026,2.3,Diesel,Manual,6518,7,1,1120000
Tata,Harrier,2026,2.1,Diesel,Manual,2320,5,1,1575000
Mahindra,Scorpio N,2026,2.1,Diesel,Automatic,2068,7,1,1555000
Toyota,Glanza,2024,1.1,Petrol,AMT,13764,5,1,535000
Maruti Suzuki,Swift,2025,1.2,Petrol,Manual,5750,5,1,260000
Tata,Nexon,2016,1.2,Petrol,AMT,125980,5,1,220000
Volkswagen,Virtus,2023,1.5,Petrol,DCT,18576,5,1,1130000
Kia,Sonet,2020,1.5,Diesel,Manual,87952,5,1,300000
Maruti Suzuki,Alto K10,2022,1.0,Petrol,Manual,43553,5,1,210000
Hyundai,Creta,2026,1.5,Petrol,Manual,2014,5,1,775000
Mahindra,Thar,2022,2.0,Petrol,Automatic,28586,4,1,530000
Tata,Harrier,2022,2.0,Diesel,Manual,53607,5,3,680000
Toyota,Fortuner,2023,2.8,Diesel,Automatic,34003,7,2,2085000
Hyundai,Venue,2025,1.0,Petrol,DCT,12181,5,1,720000
Mahindra,XUV700,2022,2.0,Petrol,Manual,42462,7,2,630000
Toyota,Urban Cruiser Hyryder,2022,1.5,Petrol Hybrid,e-CVT,22192,5,1,1125000
Volkswagen,Taigun,2025,1.0,Petrol,Automatic,11688,5,1,1030000
Mahindra,Thar,2022,2.2,Diesel,Manual,25913,4,1,785000
Tata,Tiago,2024,1.2,Petrol,Manual,20761,5,1,295000
Hyundai,Creta,2021,1.6,Petrol,Automatic,53431,5,2,595000
Toyota,Urban Cruiser Hyryder,2026,1.6,Petrol Hybrid,e-CVT,1838,5,1,2000000
Tata,Harrier,2017,2.0,Diesel,Automatic,126063,5,3,335000
Toyota,Urban Cruiser Hyryder,2021,1.5,Petrol,Manual,87420,5,3,500000
Mahindra,Scorpio N,2015,2.2,Diesel,Automatic,75816,7,4,380000
Tata,Punch,2018,1.2,Petrol,AMT,206381,5,2,130000
Tata,Harrier,2023,2.2,Diesel,Manual,34543,5,1,1110000
Maruti Suzuki,Alto K10,2023,1.1,Petrol,Manual,54241,5,1,195000
Skoda,Kushaq,2021,1.5,Petrol,DCT,24468,5,2,840000
Hyundai,Venue,2017,1.0,Petrol,DCT,131156,5,4,185000
Mahindra,Scorpio N,2026,2.2,Diesel,Automatic,2993,7,1,1440000
Volkswagen,Virtus,2024,1.0,Petrol,Automatic,17309,5,1,990000
Toyota,Urban Cruiser Hyryder,2026,1.5,Petrol,Manual,2057,5,1,1120000
Maruti Suzuki,Ertiga,2026,1.5,Petrol,Manual,2288,7,1,600000
Tata,Harrier,2019,2.0,Diesel,Manual,46007,5,2,550000
Hyundai,Creta,2025,1.5,Petrol,Manual,9904,5,1,805000
Hyundai,Creta,2025,1.5,Petrol,IVT,10469,5,1,605000
Kia,Seltos,2017,1.5,Diesel,Automatic,55747,5,2,370000
Toyota,Urban Cruiser Hyryder,2025,1.5,Petrol Hybrid,e-CVT,7866,5,1,1480000
Kia,Carens,2015,1.5,Petrol,DCT,72206,7,4,360000
Hyundai,Creta,2025,1.5,Petrol,Automatic,9589,5,1,1230000
Tata,Harrier,2026,2.0,Diesel,Automatic,2917,5,1,1870000
Mahindra,Thar,2024,2.2,Diesel,Manual,25631,4,1,1060000
Maruti Suzuki,Ertiga,2023,1.5,Petrol,Manual,22847,7,2,520000
Audi,Q3,2023,2.0,Petrol,DCT,26335,5,1,4255000
Tata,Nexon,2023,1.2,Petrol,DCT,48795,5,1,595000
Maruti Suzuki,Swift,2023,1.2,Petrol,Manual,31355,5,2,215000
Tata,Nexon,2020,1.3,Petrol,DCT,64076,5,2,275000
Volkswagen,Virtus,2021,1.0,Petrol,Manual,72921,5,3,410000
Hyundai,Creta,2019,1.5,Petrol,DCT,56134,5,2,385000
Hyundai,i20,2019,1.0,Petrol,Manual,132256,5,1,240000
Tata,Safari,2025,2.0,Diesel,Automatic,10283,7,1,1505000
Toyota,Urban Cruiser Hyryder,2019,1.5,Petrol Hybrid,e-CVT,61204,5,1,730000
Maruti Suzuki,Brezza,2026,1.5,Petrol,Automatic,1500,5,1,635000
Maruti Suzuki,Alto K10,2021,1.1,Petrol,AMT,47769,5,1,160000
Hyundai,Venue,2021,1.5,Diesel,Manual,48035,5,1,505000
Volkswagen,Virtus,2022,1.0,Petrol,Manual,76905,5,1,695000
Hyundai,Venue,2024,1.6,Diesel,Manual,14334,5,1,735000
Toyota,Innova Crysta,2022,2.4,Diesel,Manual,44821,7,1,910000
Toyota,Urban Cruiser Hyryder,2025,1.5,Petrol,Automatic,6839,5,1,985000
Mahindra,XUV300,2026,1.2,Petrol,AMT,1500,5,1,950000
Honda,City,2022,1.5,Petrol Hybrid,e-CVT,64890,5,1,895000
Honda,City,2022,1.5,Petrol,CVT,43942,5,1,585000
Tata,Tiago,2025,1.2,Petrol,AMT,8788,5,1,210000
Hyundai,Creta,2020,1.5,Petrol,DCT,33760,5,1,705000
Mahindra,Thar,2021,2.2,Diesel,Manual,72100,4,1,675000
Toyota,Innova Crysta,2026,2.4,Diesel,Manual,1800,7,1,1330000
Maruti Suzuki,Brezza,2023,1.6,Petrol,Automatic,23377,5,1,380000
Toyota,Urban Cruiser Hyryder,2023,1.5,Petrol,Automatic,55369,5,1,790000
Hyundai,Creta,2017,1.5,Petrol,Automatic,151655,5,2,385000
Skoda,Slavia,2025,1.0,Petrol,Manual,10642,5,1,790000
Mercedes-Benz,A-Class Limousine,2023,1.3,Petrol,DCT,34489,5,1,3620000
Maruti Suzuki,Ertiga,2022,1.5,Petrol,Automatic,55569,7,1,450000
BMW,3 Series,2017,1.9,Petrol,Automatic,62940,5,3,1560000
Hyundai,Venue,2019,1.0,Petrol,Manual,58896,5,2,275000
Toyota,Urban Cruiser Hyryder,2026,1.5,Petrol Hybrid,e-CVT,2771,5,1,1590000
Kia,Sonet,2026,1.0,Petrol,iMT,1500,5,1,835000
Mahindra,Scorpio N,2017,2.2,Diesel,Automatic,95228,7,3,360000
Hyundai,Venue,2024,1.5,Diesel,Manual,11998,5,1,500000
Mahindra,XUV700,2020,2.0,Petrol,Automatic,34421,7,1,675000
Volkswagen,Taigun,2022,1.0,Petrol,Manual,27176,5,2,665000
Mahindra,Scorpio N,2022,2.2,Diesel,Manual,34254,7,1,555000
Hyundai,Grand i10 Nios,2022,1.2,Petrol,Manual,44391,5,2,200000
Honda,Amaze,2015,1.2,Petrol,Manual,107791,5,5,200000
Honda,City,2026,1.5,Petrol Hybrid,e-CVT,1752,5,1,1470000
Toyota,Urban Cruiser Hyryder,2021,1.5,Petrol Hybrid,e-CVT,81866,5,2,525000
Hyundai,Verna,2019,1.5,Petrol,Manual,99664,5,2,240000
Toyota,Urban Cruiser Hyryder,2026,1.5,Petrol,Automatic,3841,5,1,1075000
Hyundai,Creta,2018,1.5,Petrol,Automatic,65691,5,2,360000
Tata,Nexon,2025,1.4,Diesel,Manual,13993,5,1,790000
Kia,Seltos,2022,1.5,Diesel,Automatic,38232,5,1,695000
Tata,Nexon EV,2018,0.0,EV,Automatic,111326,5,1,435000
Tata,Tiago,2023,1.2,Petrol,Manual,24528,5,1,255000
Hyundai,Creta,2021,1.5,Petrol,IVT,36828,5,2,605000
BMW,X1,2018,1.5,Petrol,Automatic,167964,5,2,1225000
Skoda,Kushaq,2020,1.5,Petrol,DCT,135254,5,2,495000
Kia,Sonet,2024,1.1,Petrol,Manual,16670,5,1,515000
Hyundai,i20,2017,1.0,Petrol,DCT,71196,5,3,205000
Hyundai,Creta,2026,1.5,Petrol,Manual,2480,5,1,1065000
Hyundai,i20,2026,1.2,Petrol,IVT,1971,5,1,555000
Mahindra,Thar,2020,2.2,Diesel,Manual,166788,4,2,320000
Skoda,Slavia,2026,1.0,Petrol,Automatic,4087,5,1,965000
Toyota,Glanza,2025,1.2,Petrol,AMT,14491,5,1,525000
Maruti Suzuki,Brezza,2023,1.5,Petrol,Manual,20505,5,1,460000
Hyundai,Creta,2016,1.6,Petrol,DCT,191499,5,2,235000
Hyundai,Creta,2018,1.5,Petrol,IVT,40719,5,2,385000
Hyundai,Creta,2026,1.5,Diesel,Automatic,1500,5,1,910000
Toyota,Fortuner,2026,2.9,Diesel,Automatic,4644,7,1,3405000
Hyundai,Grand i10 Nios,2025,1.2,Petrol,Manual,7091,5,1,305000
Hyundai,Creta,2021,1.5,Petrol,IVT,63107,5,2,530000
Hyundai,Creta,2023,1.5,Diesel,Manual,49967,5,2,705000
Hyundai,Venue,2023,1.5,Diesel,Manual,33357,5,1,425000
Tata,Nexon,2023,1.2,Petrol,Manual,17047,5,1,580000
Hyundai,Verna,2026,1.5,Petrol,IVT,2763,5,1,735000
Mahindra,Thar,2022,2.0,Petrol,Manual,30453,4,1,615000
Tata,Tiago,2026,1.1,Petrol,Manual,3068,5,1,315000
Skoda,Kushaq,2024,1.5,Petrol,DCT,35462,5,1,1165000
Maruti Suzuki,Alto K10,2018,1.0,Petrol,Manual,104704,5,1,85000
Kia,Seltos,2026,1.5,Diesel,Automatic,1853,5,1,1265000
Hyundai,Creta,2023,1.5,Petrol,DCT,21936,5,1,840000
Volvo,XC40,2026,2.1,Petrol,Automatic,6497,5,1,4220000
Kia,Carens,2023,1.6,Petrol,DCT,28555,7,1,730000
Tata,Nexon,2022,1.2,Petrol,Manual,48022,5,1,485000
Hyundai,Venue,2024,1.1,Petrol,DCT,23906,5,1,505000
Maruti Suzuki,Alto K10,2025,1.0,Petrol,AMT,19524,5,1,320000
Mahindra,Thar,2026,2.2,Diesel,Automatic,2839,4,1,1505000
Mahindra,Thar,2023,2.3,Diesel,Manual,49261,4,2,850000
Kia,Sonet,2025,1.5,Diesel,Manual,11002,5,1,700000
Maruti Suzuki,Swift,2016,1.2,Petrol,Manual,102803,5,2,110000
Hyundai,Venue,2026,1.0,Petrol,Manual,1500,5,1,805000
Hyundai,Verna,2026,1.5,Petrol,Manual,1500,5,1,900000
Tata,Harrier,2026,2.1,Diesel,Automatic,2031,5,1,1740000
Maruti Suzuki,Alto K10,2023,1.0,Petrol,Manual,77160,5,1,180000
Tata,Tiago,2023,1.2,Petrol,AMT,35808,5,1,220000
Mahindra,XUV700,2020,2.0,Petrol,Automatic,49763,7,1,565000
Toyota,Urban Cruiser Hyryder,2023,1.5,Petrol,Manual,35619,5,1,845000
Tata,Altroz,2021,1.2,Petrol,Manual,50800,5,2,340000
Mahindra,Scorpio N,2016,2.2,Diesel,Manual,88007,7,5,320000
Hyundai,Creta,2021,1.4,Petrol,Automatic,69275,5,1,610000
Honda,Amaze,2018,1.2,Petrol,CVT,42756,5,1,200000
Maruti Suzuki,Wagon R,2025,1.2,Petrol,Manual,10735,5,1,270000
Hyundai,Creta,2026,1.5,Petrol,Automatic,1876,5,1,1325000
Toyota,Innova Crysta,2026,2.4,Diesel,Automatic,2876,7,1,1935000
Maruti Suzuki,Swift,2021,1.2,Petrol,Manual,87311,5,1,200000
Mercedes-Benz,GLA,2020,1.3,Petrol,DCT,80187,5,2,1590000
Hyundai,Creta,2026,1.6,Petrol,IVT,2770,5,1,1080000
Maruti Suzuki,Wagon R,2026,1.2,Petrol,AMT,7236,5,1,405000
Kia,Sonet,2021,1.0,Petrol,iMT,62014,5,1,295000
Kia,Seltos,2022,1.5,Petrol,IVT,65898,5,1,670000
Toyota,Fortuner,2022,2.8,Diesel,Automatic,48858,7,2,1610000
Tata,Nexon EV,2017,0.0,EV,Automatic,87367,5,2,280000
Maruti Suzuki,Ertiga,2022,1.5,Petrol,Manual,38968,7,1,315000
Hyundai,i20,2024,1.2,Petrol,Manual,20497,5,1,295000
Hyundai,Verna,2023,1.5,Petrol,IVT,27032,5,2,700000
Maruti Suzuki,Ertiga,2018,1.5,Petrol,Manual,59435,7,3,265000
Hyundai,Creta,2023,1.5,Diesel,Manual,23886,5,1,735000
Tata,Tiago,2024,1.2,Petrol,AMT,37477,5,1,320000
Hyundai,Creta,2024,1.5,Petrol,Automatic,15721,5,1,785000
Toyota,Urban Cruiser Hyryder,2020,1.4,Petrol Hybrid,e-CVT,46973,5,1,615000
Toyota,Urban Cruiser Hyryder,2021,1.5,Petrol,Automatic,101251,5,1,525000
Honda,City,2020,1.5,Petrol,CVT,42142,5,1,445000
Tata,Harrier,2022,2.0,Diesel,Automatic,52059,5,3,825000
Hyundai,Verna,2022,1.5,Petrol,Manual,54177,5,1,545000
Toyota,Urban Cruiser Hyryder,2026,1.5,Petrol,Automatic,1921,5,1,990000
Mahindra,Thar,2023,2.0,Petrol,Manual,23850,4,1,770000
Volkswagen,Taigun,2026,1.0,Petrol,Automatic,2923,5,1,1380000
Honda,City,2025,1.5,Petrol,CVT,16171,5,1,1045000
Tata,Safari,2025,2.0,Diesel,Automatic,13911,7,1,1760000
Toyota,Urban Cruiser Hyryder,2023,1.4,Petrol,Manual,35418,5,1,755000
Honda,Amaze,2026,1.2,Petrol,Manual,3778,5,1,755000
Mahindra,Thar,2021,2.0,Petrol,Manual,67018,4,2,745000
Tata,Nexon,2021,1.2,Petrol,DCT,28721,5,1,520000
Honda,City,2020,1.5,Petrol Hybrid,e-CVT,76822,5,2,480000
Maruti Suzuki,Wagon R,2024,1.2,Petrol,Manual,16653,5,1,315000
Tata,Altroz,2023,1.2,Petrol,DCT,10296,5,2,425000
Mahindra,Thar,2019,2.3,Diesel,Manual,48140,4,1,540000
Tata,Nexon,2026,1.4,Diesel,Manual,1500,5,1,945000
Toyota,Urban Cruiser Hyryder,2017,1.5,Petrol Hybrid,e-CVT,74928,5,1,475000
Maruti Suzuki,Wagon R,2022,1.2,Petrol,AMT,43067,5,1,200000
Honda,City,2020,1.5,Petrol,Manual,50442,5,2,370000
Volvo,XC40,2017,2.0,Petrol,Automatic,71328,5,2,1855000
Hyundai,Creta,2024,1.5,Diesel,Manual,32249,5,1,760000
Kia,Seltos,2024,1.5,Petrol,IVT,20868,5,1,705000
Hyundai,Venue,2026,1.0,Petrol,Manual,2957,5,1,615000
Honda,City,2020,1.5,Petrol,Manual,100149,5,2,485000
Mahindra,Scorpio N,2023,2.2,Diesel,Manual,32889,7,2,900000
Kia,Carens,2026,1.5,Petrol,DCT,2585,7,1,1485000
Toyota,Glanza,2026,1.2,Petrol,Manual,2009,5,1,760000
Hyundai,Creta,2018,1.6,Petrol,Automatic,66765,5,1,410000
Maruti Suzuki,Alto K10,2023,1.0,Petrol,AMT,29769,5,1,220000
BMW,5 Series,2024,2.0,Petrol,Automatic,44064,5,1,4875000
Tata,Altroz,2026,1.3,Petrol,Manual,1500,5,1,535000
Honda,Amaze,2023,1.2,Petrol,Manual,32340,5,1,435000
Maruti Suzuki,Swift,2022,1.2,Petrol,Manual,44728,5,2,200000
Hyundai,i20,2022,0.9,Petrol,Manual,63535,5,1,380000
Maruti Suzuki,Swift,2025,1.2,Petrol,Manual,18417,5,1,300000
Mahindra,XUV700,2023,2.0,Petrol,Manual,20643,7,1,690000
Toyota,Urban Cruiser Hyryder,2023,1.5,Petrol,Manual,34612,5,1,930000
Toyota,Fortuner,2019,2.9,Diesel,Automatic,64689,7,1,1275000
Mahindra,XUV700,2023,2.0,Petrol,Automatic,47840,7,1,810000
Maruti Suzuki,Baleno,2023,1.1,Petrol,Manual,30966,5,1,300000
Mahindra,Thar,2023,1.9,Petrol,Automatic,48423,4,1,750000
Mercedes-Benz,C-Class,2021,1.5,Petrol,Automatic,68973,5,1,2390000
Honda,City,2020,1.6,Petrol Hybrid,e-CVT,50238,5,2,750000
Tata,Punch,2021,1.2,Petrol,Manual,41286,5,1,305000
Hyundai,i20,2017,1.2,Petrol,IVT,66742,5,4,125000
Kia,Seltos,2026,1.5,Petrol,Manual,3806,5,1,775000
Maruti Suzuki,Swift,2018,1.2,Petrol,AMT,109707,5,1,100000
Hyundai,i20,2021,1.0,Petrol,Manual,51208,5,2,345000
Kia,Sonet,2019,1.0,Petrol,DCT,71452,5,1,280000
Tata,Nexon EV,2025,0.0,EV,Automatic,8150,5,1,1095000
Tata,Nexon EV,2019,0.0,EV,Automatic,52817,5,5,390000
Honda,City,2018,1.5,Petrol,Manual,50509,5,1,300000
Toyota,Fortuner,2022,2.8,Diesel,Manual,57877,7,1,1265000
Volkswagen,Taigun,2026,1.0,Petrol,Manual,2068,5,1,925000
Maruti Suzuki,Ertiga,2025,1.5,Petrol,Automatic,8775,7,1,645000
Toyota,Innova Crysta,2021,2.4,Diesel,Manual,33605,7,2,905000
Tata,Tiago,2019,1.2,Petrol,Manual,31057,5,1,160000
Honda,Amaze,2026,1.2,Petrol,Manual,3033,5,1,700000
Tata,Tiago,2016,1.2,Petrol,AMT,152689,5,3,95000
Tata,Altroz,2021,1.2,Petrol,DCT,57435,5,1,330000
Maruti Suzuki,Swift,2023,1.2,Petrol,Manual,33503,5,1,230000
Kia,Sonet,2023,1.5,Diesel,Manual,82460,5,1,455000
Maruti Suzuki,Alto K10,2023,1.0,Petrol,Manual,37086,5,1,190000
Honda,City,2024,1.5,Petrol,Manual,11790,5,1,770000
Mahindra,XUV700,2026,2.0,Petrol,Automatic,3483,7,1,1395000
Maruti Suzuki,Ertiga,2016,1.5,Petrol,Manual,54488,7,3,200000
Mahindra,Scorpio N,2020,2.2,Diesel,Manual,37092,7,1,640000
Mahindra,Thar,2023,2.0,Petrol,Manual,34964,4,1,735000
Mahindra,Thar,2023,2.2,Diesel,Manual,18823,4,1,1055000
Mercedes-Benz,A-Class Limousine,2017,1.3,Petrol,DCT,59465,5,1,1765000
Toyota,Urban Cruiser Hyryder,2025,1.5,Petrol Hybrid,e-CVT,13576,5,1,1225000
Tata,Tiago,2024,1.1,Petrol,Manual,16566,5,1,295000
Maruti Suzuki,Swift,2025,1.2,Petrol,Manual,13153,5,1,385000
Kia,Sonet,2017,1.5,Diesel,Automatic,53811,5,3,250000
Hyundai,Venue,2024,1.0,Petrol,DCT,25190,5,1,495000
Skoda,Kushaq,2021,1.0,Petrol,Manual,36615,5,1,575000
Tata,Punch,2019,1.1,Petrol,AMT,84838,5,2,180000
Honda,City,2026,1.5,Petrol,CVT,4907,5,1,1255000
Mahindra,Thar,2024,2.2,Diesel,Manual,28348,4,1,655000
Hyundai,Verna,2024,1.5,Petrol,DCT,8677,5,1,835000
Hyundai,Venue,2021,1.5,Diesel,Manual,59284,5,1,420000
Toyota,Glanza,2022,1.2,Petrol,Manual,31643,5,1,450000
Kia,Seltos,2018,1.4,Diesel,Automatic,80828,5,1,495000
Toyota,Glanza,2025,1.2,Petrol,Manual,7514,5,1,645000
Toyota,Glanza,2023,1.2,Petrol,Manual,38532,5,1,360000
Maruti Suzuki,Wagon R,2021,1.2,Petrol,AMT,33344,5,1,235000
Hyundai,Venue,2023,1.0,Petrol,DCT,35778,5,1,550000
Hyundai,Venue,2022,1.5,Diesel,Automatic,35379,5,1,520000
Tata,Safari,2026,1.9,Diesel,Manual,3570,7,1,1315000
Toyota,Glanza,2026,1.1,Petrol,Manual,2523,5,1,655000
Kia,Sonet,2026,1.5,Diesel,Manual,2377,5,1,985000
Tata,Tiago,2019,1.2,Petrol,Manual,46748,5,2,150000
Skoda,Kushaq,2023,1.5,Petrol,DCT,72459,5,2,880000
Volkswagen,Taigun,2024,1.5,Petrol,DCT,8751,5,1,1350000
Tata,Harrier,2025,2.0,Diesel,Manual,7124,5,1,1410000
Mahindra,Thar,2025,2.2,Diesel,Manual,13569,4,1,1265000
Hyundai,Creta,2021,1.5,Diesel,Automatic,82981,5,1,510000
Mahindra,Scorpio N,2020,2.2,Diesel,Manual,65157,7,1,725000
Tata,Altroz,2019,1.2,Petrol,DCT,135256,5,3,160000
Tata,Altroz,2026,1.2,Petrol,Manual,3780,5,1,575000
Mahindra,Thar,2022,2.0,Petrol,Automatic,42465,4,1,770000
Volvo,XC60,2019,2.0,Petrol Hybrid,Automatic,62873,5,2,2595000
Volkswagen,Taigun,2018,1.4,Petrol,DCT,108384,5,5,430000
Maruti Suzuki,Ertiga,2023,1.5,Petrol,Automatic,26823,7,1,530000
Tata,Tiago,2024,1.2,Petrol,AMT,19998,5,1,270000
Kia,Seltos,2022,1.5,Petrol,IVT,74355,5,1,635000
Hyundai,i20,2020,1.2,Petrol,Manual,53242,5,1,255000
Tata,Altroz,2026,1.2,Petrol,Manual,4825,5,1,470000
Tata,Altroz,2020,1.3,Petrol,Manual,87986,5,2,300000
Honda,City,2022,1.5,Petrol,CVT,36329,5,2,450000
Mercedes-Benz,GLA,2023,1.4,Petrol,DCT,33103,5,1,4310000
Honda,City,2022,1.5,Petrol Hybrid,e-CVT,34972,5,1,835000
Mahindra,Thar,2026,2.0,Petrol,Manual,2010,4,1,1130000
Tata,Safari,2025,2.0,Diesel,Automatic,12334,7,1,1345000
Honda,City,2022,1.5,Petrol,Manual,24135,5,1,575000
Hyundai,Verna,2023,1.5,Petrol,Manual,53780,5,1,650000
Hyundai,i20,2015,1.0,Petrol,DCT,100673,5,2,160000
Mahindra,Thar,2017,2.2,Diesel,Manual,105184,4,3,370000
Mahindra,Scorpio N,2026,2.2,Diesel,Automatic,1587,7,1,1240000
Mahindra,XUV700,2022,2.2,Diesel,Automatic,77088,7,3,860000
BMW,X1,2025,1.5,Petrol,Automatic,7901,5,1,4205000
Tata,Safari,2026,1.9,Diesel,Manual,2672,7,1,1795000
Hyundai,Verna,2026,1.5,Petrol,Manual,3836,5,1,755000
Toyota,Urban Cruiser Hyryder,2024,1.5,Petrol,Automatic,21986,5,1,1025000
Kia,Sonet,2026,1.5,Diesel,Manual,3513,5,1,770000
Tata,Nexon EV,2024,0.0,EV,Automatic,42533,5,1,835000
Toyota,Glanza,2026,1.2,Petrol,Manual,5788,5,1,520000
Toyota,Fortuner,2015,2.8,Diesel,Manual,91977,7,2,680000
Toyota,Fortuner,2022,2.7,Diesel,Automatic,43737,7,1,2445000
Toyota,Innova Crysta,2019,2.4,Diesel,Manual,67818,7,5,660000
Hyundai,Verna,2023,1.5,Petrol,Manual,17547,5,1,630000
Tata,Nexon,2025,1.2,Petrol,Manual,6639,5,1,535000
Maruti Suzuki,Brezza,2024,1.5,Petrol,Automatic,18923,5,1,485000
Tata,Nexon,2018,1.2,Petrol,Manual,81720,5,3,275000
Maruti Suzuki,Baleno,2019,1.2,Petrol,AMT,126503,5,1,180000
Tata,Nexon,2019,1.2,Petrol,Manual,72731,5,1,330000
Hyundai,Creta,2018,1.5,Petrol,IVT,123375,5,3,290000
Volkswagen,Taigun,2021,1.0,Petrol,Manual,54141,5,1,535000
Hyundai,Venue,2026,1.0,Petrol,DCT,4036,5,1,770000
Toyota,Glanza,2024,1.2,Petrol,Manual,11381,5,1,675000
Maruti Suzuki,Swift,2016,1.2,Petrol,Manual,71700,5,4,70000
Hyundai,Grand i10 Nios,2022,1.2,Petrol,AMT,45467,5,1,265000
Tata,Tiago,2023,1.1,Petrol,AMT,53032,5,2,230000
Mahindra,Thar,2021,2.0,Petrol,Automatic,40834,4,2,470000
Hyundai,i20,2026,1.1,Petrol,IVT,3883,5,1,555000
Maruti Suzuki,Swift,2022,1.2,Petrol,Manual,38792,5,1,225000
Hyundai,Creta,2022,1.5,Diesel,Manual,13045,5,1,465000
Tata,Nexon,2021,1.4,Diesel,AMT,56401,5,3,425000
Hyundai,i20,2025,1.2,Petrol,Manual,19476,5,1,440000
Hyundai,Venue,2022,0.9,Petrol,DCT,36460,5,2,395000
Kia,Sonet,2019,1.4,Diesel,Automatic,38229,5,4,350000
Skoda,Slavia,2016,1.0,Petrol,Automatic,181455,5,1,250000
Hyundai,Grand i10 Nios,2025,1.2,Petrol,Manual,10913,5,1,250000
Kia,Seltos,2018,1.4,Diesel,Manual,50719,5,3,450000
Maruti Suzuki,Swift,2022,1.1,Petrol,Manual,54761,5,1,215000
Hyundai,i20,2018,1.2,Petrol,Manual,75972,5,1,195000
Tata,Safari,2023,2.0,Diesel,Manual,20949,7,1,1085000
Mahindra,Thar,2022,2.0,Petrol,Manual,33672,4,1,835000
Mahindra,XUV700,2018,1.9,Petrol,Manual,88355,7,2,555000
Tata,Tiago,2019,1.2,Petrol,AMT,56456,5,3,120000
Kia,Sonet,2022,1.5,Diesel,Automatic,29464,5,1,575000
Kia,Carens,2025,1.5,Petrol,DCT,13589,7,1,1160000
BMW,5 Series,2022,2.0,Petrol,Automatic,63334,5,1,4510000
Tata,Punch,2025,1.2,Petrol,AMT,10760,5,1,535000
Kia,Sonet,2024,1.5,Diesel,Manual,35239,5,1,620000
Mahindra,Thar,2019,2.2,Diesel,Automatic,98979,4,1,475000
Toyota,Urban Cruiser Hyryder,2020,1.5,Petrol,Manual,93323,5,2,535000
Maruti Suzuki,Swift,2022,1.2,Petrol,Manual,43926,5,2,235000
Honda,Amaze,2015,1.2,Petrol,CVT,103613,5,1,200000
Toyota,Urban Cruiser Hyryder,2023,1.5,Petrol Hybrid,e-CVT,38466,5,1,1155000
Toyota,Glanza,2016,1.2,Petrol,Manual,143881,5,1,200000
Skoda,Slavia,2023,1.0,Petrol,Automatic,36273,5,1,665000
Volvo,XC60,2015,2.0,Petrol Hybrid,Automatic,70071,5,4,1745000
Kia,Carens,2025,1.5,Petrol,DCT,4834,7,1,1150000
Volkswagen,Taigun,2021,1.5,Petrol,DCT,57638,5,1,740000
Toyota,Glanza,2017,1.2,Petrol,Manual,142684,5,1,200000
Honda,City,2025,1.5,Petrol,CVT,7135,5,1,1125000
Mahindra,XUV700,2024,2.0,Petrol,Manual,15930,7,1,1250000
Maruti Suzuki,Ertiga,2025,1.6,Petrol,Automatic,7853,7,1,415000
Hyundai,i20,2025,1.0,Petrol,Manual,12060,5,1,600000
Maruti Suzuki,Wagon R,2023,1.3,Petrol,Manual,26462,5,1,225000
Skoda,Slavia,2026,1.0,Petrol,Manual,2267,5,1,940000
Tata,Altroz,2016,1.1,Petrol,Manual,88512,5,4,130000
Tata,Punch,2026,1.2,Petrol,Manual,3404,5,1,710000
Mahindra,Thar,2018,2.1,Diesel,Automatic,94009,4,1,325000
Tata,Tiago,2026,1.2,Petrol,Manual,3468,5,1,295000
Toyota,Innova Crysta,2022,2.5,Diesel,Automatic,39767,7,2,890000
Hyundai,Venue,2022,1.5,Diesel,Automatic,41929,5,1,465000
Tata,Tiago,2022,1.2,Petrol,Manual,22946,5,1,260000
Maruti Suzuki,Brezza,2022,1.5,Petrol,Automatic,23025,5,1,355000
Maruti Suzuki,Wagon R,2021,1.2,Petrol,AMT,45395,5,1,235000
Honda,City,2019,1.5,Petrol Hybrid,e-CVT,61103,5,3,580000
Maruti Suzuki,Alto K10,2019,1.0,Petrol,Manual,57391,5,1,120000
Kia,Seltos,2020,1.4,Petrol,IVT,41948,5,4,455000
Kia,Seltos,2023,1.5,Diesel,Automatic,26147,5,1,800000
Kia,Seltos,2022,1.5,Petrol,Manual,32536,5,1,660000
Hyundai,Verna,2021,1.5,Petrol,Manual,43653,5,2,335000
Mahindra,Scorpio N,2026,2.2,Diesel,Manual,1509,7,1,1285000
Tata,Safari,2025,2.0,Diesel,Automatic,10033,7,1,1055000
Mahindra,Thar,2022,2.1,Petrol,Automatic,48102,4,1,550000
Tata,Nexon EV,2019,0.0,EV,Automatic,100351,5,5,385000
Tata,Altroz,2023,1.2,Petrol,Manual,49670,5,1,315000
Tata,Punch,2023,1.2,Petrol,AMT,32023,5,1,280000
Kia,Sonet,2022,1.0,Petrol,Manual,31920,5,1,515000
Honda,Amaze,2021,1.1,Petrol,Manual,90576,5,1,280000
Hyundai,i20,2019,1.3,Petrol,Manual,102725,5,1,210000
Toyota,Fortuner,2025,2.7,Diesel,Automatic,22828,7,1,3525000
Volkswagen,Virtus,2023,1.5,Petrol,DCT,60180,5,1,875000
Toyota,Urban Cruiser Hyryder,2026,1.5,Petrol,Manual,1708,5,1,835000
Hyundai,Venue,2020,1.0,Petrol,Manual,74410,5,1,320000
Kia,Sonet,2023,1.0,Petrol,Manual,28490,5,1,445000
Kia,Sonet,2020,1.5,Diesel,Manual,47198,5,2,450000
BYD,Atto 3,2019,0.0,EV,Automatic,50043,5,3,1305000
Hyundai,Grand i10 Nios,2025,1.2,Petrol,Manual,13904,5,1,345000
Maruti Suzuki,Swift,2016,1.2,Petrol,AMT,162685,5,4,85000
Maruti Suzuki,Wagon R,2025,1.2,Petrol,Manual,22864,5,1,315000
Toyota,Urban Cruiser Hyryder,2020,1.5,Petrol,Manual,78266,5,2,455000
Hyundai,Creta,2022,1.5,Petrol,DCT,50332,5,1,520000
Hyundai,Creta,2019,1.5,Diesel,Manual,61019,5,2,370000
Tata,Harrier,2020,2.0,Diesel,Automatic,66679,5,2,585000
Hyundai,Creta,2025,1.5,Petrol,IVT,14532,5,1,1030000
Volkswagen,Virtus,2025,1.5,Petrol,DCT,7144,5,1,1430000
Mahindra,XUV300,2020,1.2,Petrol,AMT,41388,5,3,435000
Mahindra,XUV700,2018,2.2,Diesel,Automatic,66726,7,3,425000
Maruti Suzuki,Alto K10,2025,1.0,Petrol,Manual,19051,5,1,290000
Maruti Suzuki,Swift,2022,1.2,Petrol,AMT,40031,5,2,195000
Mahindra,XUV300,2017,1.1,Petrol,Manual,135085,5,2,200000
Toyota,Glanza,2018,1.2,Petrol,AMT,62272,5,2,275000
Maruti Suzuki,Swift,2019,1.2,Petrol,AMT,124707,5,1,165000
Kia,Seltos,2017,1.5,Petrol,Manual,47680,5,2,275000
Hyundai,i20,2018,0.9,Petrol,DCT,85495,5,1,200000
Mahindra,XUV300,2025,1.2,Petrol,AMT,6311,5,1,550000
Tata,Punch,2023,1.2,Petrol,Manual,51853,5,2,345000
Maruti Suzuki,Swift,2025,1.2,Petrol,AMT,6657,5,1,415000
Toyota,Glanza,2025,1.2,Petrol,AMT,10446,5,1,570000
Tata,Nexon EV,2020,0.0,EV,Automatic,129097,5,2,325000
Hyundai,Creta,2026,1.4,Petrol,IVT,2856,5,1,685000
Tata,Tiago,2023,1.2,Petrol,Manual,39037,5,1,315000
Kia,Seltos,2021,1.5,Petrol,Manual,43652,5,1,505000
Hyundai,Verna,2022,1.5,Petrol,IVT,76764,5,2,510000
Hyundai,Creta,2024,1.6,Diesel,Automatic,16807,5,1,910000
Toyota,Urban Cruiser Hyryder,2020,1.5,Petrol Hybrid,e-CVT,44835,5,1,855000
Mahindra,Thar,2024,2.2,Diesel,Automatic,20458,4,1,1075000
Skoda,Slavia,2019,1.0,Petrol,Manual,97446,5,1,435000
Tata,Altroz,2016,1.2,Petrol,DCT,74446,5,2,130000
Tata,Nexon EV,2021,0.0,EV,Automatic,38178,5,1,515000
Kia,Seltos,2021,1.6,Petrol,Manual,49298,5,1,355000
Maruti Suzuki,Ertiga,2024,1.5,Petrol,Automatic,20393,7,1,495000
Volkswagen,Taigun,2019,1.4,Petrol,DCT,92388,5,2,490000
Honda,Amaze,2020,1.2,Petrol,CVT,139041,5,1,320000
Mahindra,XUV300,2020,1.3,Petrol,Manual,72791,5,1,360000
Toyota,Innova Crysta,2022,2.4,Diesel,Automatic,41830,7,2,980000
Tata,Punch,2024,1.2,Petrol,Manual,21888,5,1,460000
Honda,Amaze,2020,1.2,Petrol,Manual,70246,5,2,295000
Tata,Tiago,2026,1.2,Petrol,Manual,1500,5,1,300000
Kia,Sonet,2020,1.5,Diesel,Automatic,50854,5,1,365000
Maruti Suzuki,Brezza,2026,1.5,Petrol,Automatic,1500,5,1,725000
Kia,Sonet,2020,1.5,Diesel,Manual,72575,5,2,365000
Toyota,Urban Cruiser Hyryder,2026,1.5,Petrol,Automatic,1590,5,1,1235000
Maruti Suzuki,Alto K10,2021,1.0,Petrol,Manual,35540,5,1,125000
Kia,Seltos,2025,1.5,Petrol,Manual,11843,5,1,915000
Maruti Suzuki,Swift,2018,1.2,Petrol,AMT,98512,5,2,135000
Hyundai,Grand i10 Nios,2026,1.2,Petrol,Manual,3234,5,1,415000
Honda,City,2023,1.5,Petrol Hybrid,e-CVT,26198,5,1,1215000
Tata,Nexon EV,2020,0.0,EV,Automatic,60523,5,1,490000
Tata,Safari,2025,2.0,Diesel,Manual,13113,7,1,1280000
Skoda,Kushaq,2023,1.5,Petrol,DCT,33190,5,1,1185000
Mahindra,XUV700,2022,2.0,Petrol,Automatic,96277,7,2,645000
Mahindra,XUV700,2020,2.2,Diesel,Automatic,82030,7,3,775000
Mahindra,XUV300,2025,1.2,Petrol,Manual,18281,5,1,650000
Tata,Nexon EV,2025,0.0,EV,Automatic,11949,5,1,1060000
Toyota,Urban Cruiser Hyryder,2026,1.5,Petrol,Manual,3020,5,1,1395000
Skoda,Kushaq,2019,1.5,Petrol,DCT,86017,5,1,675000
Maruti Suzuki,Wagon R,2017,1.1,Petrol,Manual,95423,5,1,125000
Tata,Harrier,2025,1.9,Diesel,Automatic,6377,5,1,1515000
BMW,5 Series,2024,2.0,Petrol,Automatic,19866,5,1,4705000
Hyundai,Venue,2019,1.0,Petrol,DCT,88691,5,1,250000
Volkswagen,Virtus,2023,1.5,Petrol,DCT,35266,5,1,1040000
Mahindra,XUV300,2024,1.2,Petrol,Manual,37058,5,1,655000
Tata,Nexon EV,2023,0.0,EV,Automatic,15255,5,1,755000
Maruti Suzuki,Baleno,2025,1.2,Petrol,AMT,19705,5,1,415000
Mahindra,Thar,2019,2.2,Diesel,Automatic,57509,4,2,530000
Tata,Nexon,2023,1.2,Petrol,AMT,38745,5,1,575000
Kia,Carens,2025,1.5,Petrol,Manual,10326,7,1,985000
BMW,X1,2025,1.5,Petrol,Automatic,10259,5,1,4055000
BMW,5 Series,2022,2.0,Petrol,Automatic,38032,5,1,4680000
Kia,Carens,2024,1.5,Petrol,Manual,16083,7,1,1255000
Maruti Suzuki,Brezza,2022,1.5,Petrol,Automatic,34851,5,3,320000
Tata,Punch,2022,1.2,Petrol,AMT,23070,5,1,345000
Volkswagen,Taigun,2019,1.5,Petrol,DCT,77639,5,3,680000
Mahindra,Thar,2024,2.2,Diesel,Manual,10452,4,1,755000
Volkswagen,Taigun,2025,1.0,Petrol,Manual,10931,5,1,990000
Hyundai,i20,2018,1.3,Petrol,Manual,139731,5,1,85000
Tata,Tiago,2019,1.2,Petrol,Manual,74247,5,1,160000
Tata,Punch,2021,1.2,Petrol,AMT,39784,5,1,280000
Mercedes-Benz,A-Class Limousine,2017,1.3,Petrol,DCT,82073,5,4,1175000
Hyundai,Venue,2026,1.4,Diesel,Automatic,1941,5,1,725000
Volvo,XC60,2018,2.0,Petrol Hybrid,Automatic,36592,5,2,2765000
Maruti Suzuki,Ertiga,2026,1.5,Petrol,Manual,2777,7,1,560000
Hyundai,Venue,2018,1.1,Petrol,Manual,68809,5,2,240000
Tata,Safari,2021,2.0,Diesel,Manual,37602,7,2,850000
Honda,Amaze,2022,1.2,Petrol,CVT,36084,5,1,385000
Hyundai,Creta,2023,1.5,Diesel,Manual,17645,5,1,840000
Hyundai,Creta,2026,1.5,Petrol,Manual,2350,5,1,975000
Mahindra,XUV700,2023,2.1,Diesel,Automatic,23428,7,1,1105000
Toyota,Urban Cruiser Hyryder,2026,1.5,Petrol,Manual,3183,5,1,1150000
Tata,Tiago,2023,1.2,Petrol,Manual,51123,5,1,235000
Toyota,Innova Crysta,2021,2.4,Diesel,Automatic,73827,7,2,955000
Hyundai,i20,2026,1.0,Petrol,DCT,4769,5,1,740000
Skoda,Kushaq,2020,1.5,Petrol,DCT,38876,5,1,785000
Mahindra,XUV300,2026,1.1,Petrol,AMT,2493,5,1,705000
Tata,Safari,2021,2.0,Diesel,Manual,47114,7,1,705000
Maruti Suzuki,Swift,2025,1.2,Petrol,AMT,10593,5,1,310000
Hyundai,i20,2018,1.1,Petrol,DCT,104809,5,2,185000
Hyundai,i20,2022,1.0,Petrol,Manual,28890,5,1,380000
Maruti Suzuki,Swift,2024,1.2,Petrol,AMT,16263,5,1,330000
Hyundai,Venue,2021,1.5,Diesel,Manual,62365,5,1,390000
Kia,Carens,2024,1.6,Petrol,DCT,16009,7,1,1115000
Hyundai,Creta,2021,1.5,Diesel,Automatic,102642,5,2,415000
Hyundai,Verna,2025,1.5,Petrol,DCT,10960,5,1,1210000
Mahindra,XUV700,2017,2.2,Diesel,Automatic,64587,7,4,455000
Honda,City,2015,1.5,Petrol Hybrid,e-CVT,144597,5,2,240000
Skoda,Kushaq,2025,1.5,Petrol,DCT,8450,5,1,1085000
Tata,Nexon,2026,1.4,Diesel,AMT,3256,5,1,645000
Tata,Tiago,2025,1.2,Petrol,AMT,6449,5,1,380000
Maruti Suzuki,Alto K10,2026,1.0,Petrol,AMT,1909,5,1,285000
Tata,Nexon,2020,1.5,Diesel,Manual,37426,5,2,310000
Toyota,Glanza,2020,1.2,Petrol,Manual,54997,5,4,250000
Honda,City,2021,1.5,Petrol Hybrid,e-CVT,32816,5,1,1070000
Mahindra,Thar,2022,2.2,Diesel,Automatic,37497,4,1,845000
Tata,Nexon EV,2019,0.0,EV,Automatic,56994,5,2,510000
Hyundai,Verna,2026,1.5,Petrol,DCT,2406,5,1,1165000
Hyundai,Creta,2018,1.5,Diesel,Automatic,52685,5,2,325000
Mahindra,Scorpio N,2023,2.2,Diesel,Automatic,33964,7,2,1050000
Volvo,XC60,2024,2.0,Petrol Hybrid,Automatic,14194,5,1,4515000
Tata,Nexon,2023,1.5,Diesel,Manual,41034,5,1,685000
Volkswagen,Taigun,2025,1.5,Petrol,DCT,20312,5,1,1085000
Hyundai,i20,2016,1.0,Petrol,Manual,136478,5,2,120000
Hyundai,i20,2023,1.0,Petrol,DCT,33364,5,1,445000
Hyundai,i20,2016,1.2,Petrol,Manual,49844,5,2,155000
Tata,Nexon EV,2022,0.0,EV,Automatic,25740,5,3,615000
Hyundai,Venue,2023,1.5,Diesel,Manual,28823,5,2,445000
Mercedes-Benz,C-Class,2024,1.5,Petrol,Automatic,10010,5,1,6060000
Tata,Nexon,2018,1.2,Petrol,DCT,39136,5,3,285000
Tata,Altroz,2020,1.2,Petrol,Manual,44764,5,3,220000
Toyota,Fortuner,2025,2.7,Diesel,Automatic,11268,7,1,2815000
Volkswagen,Virtus,2026,1.5,Petrol,DCT,2291,5,1,1090000
Mahindra,Thar,2026,2.2,Diesel,Automatic,1500,4,1,1390000
Tata,Harrier,2025,2.1,Diesel,Automatic,10192,5,1,1225000
Hyundai,Verna,2023,1.5,Petrol,DCT,26335,5,2,490000
Maruti Suzuki,Brezza,2020,1.5,Petrol,Manual,61293,5,1,245000
Hyundai,Creta,2019,1.5,Diesel,Manual,68210,5,1,425000
Hyundai,Venue,2016,1.0,Petrol,Manual,102643,5,2,140000
Hyundai,Verna,2021,1.5,Petrol,Manual,46792,5,1,505000
Tata,Altroz,2020,1.2,Petrol,DCT,60140,5,1,300000
Mahindra,Scorpio N,2026,2.2,Diesel,Manual,3869,7,1,1395000
Toyota,Urban Cruiser Hyryder,2026,1.5,Petrol Hybrid,e-CVT,5761,5,1,1795000
Mahindra,Scorpio N,2026,2.2,Diesel,Manual,2095,7,1,1155000
Maruti Suzuki,Baleno,2021,1.2,Petrol,AMT,71020,5,1,215000
Hyundai,Venue,2025,1.1,Petrol,Manual,6578,5,1,655000
Hyundai,i20,2023,1.0,Petrol,Manual,44410,5,1,435000
Honda,City,2020,1.5,Petrol Hybrid,e-CVT,76984,5,1,680000
Mahindra,Scorpio N,2023,2.2,Diesel,Automatic,38051,7,1,885000
Maruti Suzuki,Wagon R,2021,1.2,Petrol,AMT,33454,5,1,200000
Hyundai,Creta,2017,1.5,Petrol,Manual,81110,5,2,340000
Mahindra,XUV700,2023,2.0,Petrol,Automatic,30677,7,1,1235000
Toyota,Urban Cruiser Hyryder,2017,1.5,Petrol Hybrid,e-CVT,220000,5,4,310000
Mahindra,XUV700,2020,1.9,Petrol,Automatic,44473,7,3,625000
Maruti Suzuki,Ertiga,2024,1.4,Petrol,Automatic,13592,7,1,605000
Tata,Punch,2026,1.2,Petrol,Manual,3251,5,1,435000
Tata,Tiago,2026,1.2,Petrol,AMT,3639,5,1,325000
Honda,Amaze,2023,1.2,Petrol,Manual,39006,5,1,485000
Hyundai,Verna,2021,1.5,Petrol,Manual,55544,5,1,440000
Toyota,Innova Crysta,2018,2.4,Diesel,Automatic,92498,7,1,635000
Kia,Sonet,2016,1.5,Diesel,Automatic,173933,5,3,220000
Honda,Amaze,2018,1.2,Petrol,Manual,53287,5,2,200000
Tata,Nexon,2018,1.4,Diesel,Manual,85608,5,3,265000
Tata,Altroz,2016,1.2,Petrol,Manual,118084,5,2,140000
Hyundai,Creta,2026,1.5,Petrol,DCT,4321,5,1,1205000
Toyota,Urban Cruiser Hyryder,2021,1.4,Petrol Hybrid,e-CVT,45419,5,1,955000
Honda,City,2026,1.4,Petrol,CVT,3075,5,1,875000
Skoda,Kushaq,2020,1.5,Petrol,DCT,54861,5,2,610000
Tata,Tiago,2019,1.2,Petrol,Manual,99033,5,1,155000
Maruti Suzuki,Wagon R,2026,1.2,Petrol,Manual,1539,5,1,335000
Honda,City,2026,1.5,Petrol,CVT,1840,5,1,1285000
Tata,Nexon EV,2018,0.0,EV,Automatic,32112,5,4,365000
Tata,Punch,2024,1.2,Petrol,AMT,8988,5,1,540000
Maruti Suzuki,Baleno,2023,1.2,Petrol,AMT,39995,5,1,310000
BMW,3 Series,2023,2.0,Petrol,Automatic,16004,5,1,3590000
Maruti Suzuki,Wagon R,2021,1.3,Petrol,AMT,28070,5,2,235000
Hyundai,Verna,2026,1.6,Petrol,DCT,3418,5,1,1000000
Honda,Amaze,2021,1.3,Petrol,Manual,37220,5,2,295000
Tata,Safari,2021,2.1,Diesel,Manual,32226,7,2,890000
Hyundai,i20,2024,0.9,Petrol,DCT,21404,5,1,400000
Skoda,Kushaq,2021,1.5,Petrol,DCT,29401,5,2,950000
Mahindra,XUV700,2024,2.0,Petrol,Manual,26393,7,1,955000
Volkswagen,Virtus,2021,1.0,Petrol,Automatic,47948,5,1,625000
Hyundai,Verna,2022,1.5,Petrol,IVT,38892,5,2,465000
Kia,Sonet,2022,1.5,Diesel,Manual,55814,5,1,530000
Tata,Nexon,2023,1.2,Petrol,DCT,22263,5,1,505000
Tata,Safari,2024,2.0,Diesel,Manual,15061,7,1,1240000
Maruti Suzuki,Brezza,2025,1.5,Petrol,Automatic,12964,5,1,505000
Mahindra,Scorpio N,2017,2.2,Diesel,Manual,82804,7,3,410000
Hyundai,Venue,2024,1.5,Diesel,Manual,16105,5,1,565000
Skoda,Kushaq,2023,1.5,Petrol,DCT,25114,5,2,1180000
Tata,Harrier,2021,2.0,Diesel,Automatic,69957,5,1,570000
Honda,Amaze,2025,1.3,Petrol,Manual,7521,5,1,665000
Mahindra,Thar,2021,2.2,Diesel,Manual,63097,4,2,725000
Hyundai,Venue,2022,1.5,Diesel,Manual,76478,5,2,405000
Hyundai,Creta,2021,1.5,Petrol,IVT,57176,5,1,350000
Maruti Suzuki,Swift,2025,1.2,Petrol,AMT,10051,5,1,390000
Mahindra,XUV700,2020,2.2,Diesel,Manual,44818,7,1,735000
Kia,Seltos,2025,1.5,Petrol,Manual,27653,5,1,790000
Mahindra,XUV700,2026,2.0,Petrol,Manual,3035,7,1,1225000
Skoda,Kushaq,2022,1.5,Petrol,DCT,31258,5,1,760000
Hyundai,Creta,2016,1.5,Diesel,Automatic,85385,5,3,325000
Honda,City,2023,1.5,Petrol,Manual,25059,5,1,550000
Kia,Sonet,2021,1.5,Diesel,Automatic,51198,5,2,465000
Kia,Seltos,2020,1.5,Petrol,IVT,112151,5,2,400000
Honda,City,2021,1.5,Petrol,CVT,124130,5,1,440000
Kia,Sonet,2015,1.0,Petrol,Manual,112296,5,4,205000
Toyota,Innova Crysta,2021,2.5,Diesel,Automatic,45295,7,2,905000
Toyota,Urban Cruiser Hyryder,2018,1.5,Petrol,Automatic,73789,5,2,320000
Tata,Harrier,2020,2.0,Diesel,Automatic,41847,5,2,685000
Kia,Sonet,2017,1.4,Diesel,Manual,51256,5,1,230000
Hyundai,Grand i10 Nios,2019,1.2,Petrol,AMT,158149,5,1,120000
Toyota,Glanza,2019,1.2,Petrol,AMT,64997,5,1,250000
Volkswagen,Taigun,2022,1.5,Petrol,DCT,39629,5,1,1075000
Hyundai,Grand i10 Nios,2026,1.2,Petrol,AMT,1916,5,1,385000
Tata,Nexon EV,2020,0.0,EV,Automatic,83273,5,1,600000
BMW,3 Series,2018,2.0,Petrol,Automatic,60188,5,2,2070000
Tata,Nexon EV,2018,0.0,EV,Automatic,51654,5,1,455000
Mahindra,XUV700,2024,2.0,Petrol,Automatic,18830,7,1,815000
Mahindra,XUV300,2026,1.2,Petrol,Manual,4233,5,1,865000
Skoda,Slavia,2021,1.1,Petrol,Manual,46768,5,1,565000
Honda,Amaze,2022,1.2,Petrol,Manual,31664,5,1,455000
Kia,Seltos,2021,1.6,Diesel,Manual,67564,5,2,590000
Tata,Safari,2019,2.0,Diesel,Manual,83584,7,1,475000
Tata,Altroz,2023,1.2,Petrol,DCT,75303,5,1,460000
Maruti Suzuki,Brezza,2020,1.4,Petrol,Manual,60066,5,2,255000
Hyundai,Verna,2026,1.6,Petrol,Manual,2370,5,1,990000
Mahindra,Thar,2023,2.2,Diesel,Automatic,39042,4,1,785000
Toyota,Innova Crysta,2023,2.4,Diesel,Automatic,32317,7,2,1270000
Kia,Carens,2017,1.6,Petrol,DCT,114650,7,3,375000
Hyundai,Creta,2026,1.5,Diesel,Manual,1773,5,1,1085000
Maruti Suzuki,Alto K10,2015,1.0,Petrol,Manual,104149,5,2,70000
Volkswagen,Taigun,2019,1.1,Petrol,Automatic,57349,5,3,315000
Toyota,Glanza,2025,1.2,Petrol,Manual,8588,5,1,505000
Hyundai,i20,2024,1.0,Petrol,DCT,22069,5,1,525000
Hyundai,Creta,2020,1.5,Diesel,Automatic,59751,5,2,350000
Hyundai,Venue,2023,1.5,Diesel,Automatic,24256,5,2,455000
Maruti Suzuki,Baleno,2017,1.3,Petrol,AMT,54691,5,4,155000
Volkswagen,Taigun,2019,0.9,Petrol,Automatic,49859,5,3,410000
Tata,Altroz,2026,1.2,Petrol,DCT,1500,5,1,560000
Tata,Altroz,2026,1.3,Petrol,Manual,3213,5,1,550000
Hyundai,Creta,2023,1.4,Petrol,IVT,17424,5,1,775000
Tata,Altroz,2020,1.2,Petrol,Manual,79105,5,2,275000
Toyota,Urban Cruiser Hyryder,2022,1.5,Petrol,Automatic,58008,5,1,615000
Hyundai,i20,2015,1.0,Petrol,Manual,96486,5,5,130000
Kia,Sonet,2025,1.5,Diesel,Automatic,7689,5,1,855000
Mahindra,Scorpio N,2018,2.2,Diesel,Manual,170160,7,3,325000
Tata,Nexon,2023,1.5,Diesel,AMT,49068,5,2,585000
Tata,Tiago,2018,1.2,Petrol,AMT,63022,5,1,140000
Honda,Amaze,2024,1.2,Petrol,CVT,18642,5,1,535000
Mercedes-Benz,C-Class,2026,1.5,Petrol,Automatic,3511,5,1,7470000
Toyota,Fortuner,2022,2.8,Diesel,Manual,45810,7,1,1800000
Honda,City,2015,1.5,Petrol,CVT,139290,5,4,200000
Hyundai,Venue,2026,1.0,Petrol,DCT,3898,5,1,850000
Hyundai,i20,2026,1.0,Petrol,DCT,4128,5,1,560000
Toyota,Urban Cruiser Hyryder,2023,1.6,Petrol,Manual,41044,5,1,665000
Tata,Punch,2022,1.1,Petrol,AMT,51345,5,1,315000
Mahindra,XUV700,2024,2.0,Petrol,Automatic,12745,7,1,955000
Maruti Suzuki,Baleno,2023,1.2,Petrol,AMT,27052,5,1,310000
Toyota,Glanza,2024,1.3,Petrol,AMT,14081,5,1,525000
Lexus,ES,2026,2.6,Petrol Hybrid,e-CVT,1667,5,1,6105000
Toyota,Innova Crysta,2025,2.4,Diesel,Manual,19874,7,1,1290000
Toyota,Glanza,2022,1.3,Petrol,Manual,52723,5,1,405000
Toyota,Urban Cruiser Hyryder,2023,1.5,Petrol Hybrid,e-CVT,47963,5,2,1100000
Kia,Sonet,2025,1.4,Diesel,Automatic,10341,5,1,795000
Kia,Carens,2019,1.5,Petrol,DCT,97849,7,3,460000
Maruti Suzuki,Baleno,2016,1.2,Petrol,AMT,144437,5,2,130000
Maruti Suzuki,Baleno,2026,1.2,Petrol,AMT,1737,5,1,560000
Toyota,Fortuner,2025,2.9,Diesel,Automatic,6737,7,1,1905000
Tata,Altroz,2025,1.1,Petrol,DCT,19855,5,1,555000
Maruti Suzuki,Baleno,2026,1.2,Petrol,Manual,2336,5,1,365000
Maruti Suzuki,Brezza,2025,1.4,Petrol,Automatic,8496,5,1,565000
Tata,Nexon EV,2024,0.0,EV,Automatic,27686,5,1,845000
Maruti Suzuki,Alto K10,2017,1.0,Petrol,AMT,136998,5,2,85000
Hyundai,Creta,2019,1.5,Petrol,IVT,59857,5,1,410000
Mahindra,Thar,2025,2.0,Petrol,Manual,9983,4,1,1135000
Volvo,XC60,2022,2.0,Petrol Hybrid,Automatic,77390,5,1,3435000
Hyundai,Creta,2024,1.5,Petrol,DCT,18698,5,1,820000
Kia,Sonet,2018,1.0,Petrol,DCT,47439,5,2,350000
Mahindra,Scorpio N,2022,2.2,Diesel,Manual,63860,7,1,685000
Hyundai,Venue,2021,1.6,Diesel,Automatic,94086,5,2,385000
Toyota,Urban Cruiser Hyryder,2021,1.4,Petrol Hybrid,e-CVT,51641,5,1,885000
Mahindra,Scorpio N,2018,2.2,Diesel,Manual,49814,7,3,400000
Maruti Suzuki,Ertiga,2019,1.4,Petrol,Automatic,66889,7,2,210000
Honda,City,2024,1.5,Petrol Hybrid,e-CVT,14859,5,1,1020000
Hyundai,Verna,2021,1.5,Petrol,DCT,42433,5,2,640000
Hyundai,Creta,2022,1.5,Diesel,Manual,42612,5,2,665000
Toyota,Urban Cruiser Hyryder,2023,1.5,Petrol Hybrid,e-CVT,23974,5,1,1255000
Tata,Nexon,2018,1.6,Diesel,Manual,82168,5,5,200000
Hyundai,Creta,2025,1.5,Diesel,Manual,8821,5,1,995000
Hyundai,Creta,2017,1.4,Diesel,Automatic,46619,5,1,315000
Honda,City,2025,1.5,Petrol,Manual,13612,5,1,810000
Kia,Carens,2022,1.5,Petrol,Manual,84512,7,1,625000
Honda,Amaze,2019,1.3,Petrol,Manual,102527,5,1,260000
Hyundai,Creta,2022,1.5,Diesel,Automatic,41283,5,2,445000
Mahindra,Thar,2024,2.2,Diesel,Manual,25809,4,1,1070000
Skoda,Kushaq,2022,1.5,Petrol,DCT,59203,5,1,760000
Kia,Seltos,2022,1.5,Petrol,IVT,29613,5,1,645000
Kia,Seltos,2018,1.5,Diesel,Automatic,92533,5,2,435000
Toyota,Urban Cruiser Hyryder,2022,1.5,Petrol Hybrid,e-CVT,47925,5,2,880000
Tata,Nexon EV,2024,0.0,EV,Automatic,14893,5,1,1150000
Hyundai,i20,2025,1.0,Petrol,DCT,10664,5,1,455000
Kia,Sonet,2026,1.0,Petrol,iMT,3058,5,1,685000
Kia,Sonet,2018,1.0,Petrol,Manual,153996,5,5,200000
Hyundai,Venue,2017,1.5,Diesel,Automatic,130866,5,1,265000
Toyota,Glanza,2023,1.2,Petrol,Manual,15506,5,1,450000
Kia,Sonet,2025,1.5,Diesel,Automatic,13268,5,1,815000
Mahindra,Thar,2026,2.2,Diesel,Automatic,2441,4,1,1235000
Hyundai,i20,2018,1.2,Petrol,IVT,111709,5,2,115000
Kia,Seltos,2020,1.5,Petrol,IVT,71216,5,2,365000
Toyota,Urban Cruiser Hyryder,2021,1.5,Petrol Hybrid,e-CVT,29674,5,2,795000
Volvo,XC60,2017,2.0,Petrol Hybrid,Automatic,61101,5,4,1970000
Kia,Carens,2025,1.5,Petrol,Manual,7753,7,1,1040000
Volkswagen,Taigun,2018,1.5,Petrol,DCT,66232,5,1,415000
Hyundai,Verna,2022,1.5,Petrol,DCT,37688,5,2,660000
Hyundai,Creta,2026,1.5,Petrol,Automatic,2177,5,1,960000
Hyundai,Venue,2020,1.4,Diesel,Automatic,57031,5,2,335000
Tata,Nexon,2023,1.2,Petrol,Manual,13273,5,2,535000
Toyota,Urban Cruiser Hyryder,2020,1.6,Petrol Hybrid,e-CVT,102508,5,2,590000
Hyundai,Verna,2023,1.5,Petrol,Manual,40492,5,3,660000
Kia,Seltos,2025,1.5,Petrol,Manual,4502,5,1,1020000
Hyundai,Venue,2025,1.5,Diesel,Manual,9877,5,1,595000
Maruti Suzuki,Baleno,2016,1.2,Petrol,Manual,54604,5,3,150000
Audi,A4,2019,2.0,Petrol,DCT,139584,5,3,1670000
Kia,Sonet,2023,1.5,Diesel,Manual,31496,5,1,700000
Mahindra,Thar,2021,2.2,Diesel,Manual,103008,4,1,545000
Maruti Suzuki,Brezza,2022,1.5,Petrol,Automatic,80135,5,1,260000
Tata,Nexon,2020,1.4,Diesel,AMT,66469,5,1,375000
Volkswagen,Virtus,2026,1.6,Petrol,DCT,1921,5,1,1270000
Volkswagen,Taigun,2019,1.5,Petrol,DCT,93945,5,2,550000
Tata,Tiago,2025,1.1,Petrol,Manual,9102,5,1,410000
Tata,Harrier,2025,2.0,Diesel,Manual,6559,5,1,1495000
Hyundai,i20,2023,1.2,Petrol,Manual,50816,5,1,290000
Kia,Carens,2024,1.4,Petrol,DCT,24262,7,1,650000
Hyundai,i20,2016,1.2,Petrol,Manual,93479,5,3,125000
Kia,Carens,2023,1.4,Petrol,DCT,18836,7,1,755000
Honda,City,2023,1.5,Petrol,Manual,90810,5,1,470000
Hyundai,Creta,2026,1.5,Diesel,Automatic,3691,5,1,1060000
Toyota,Urban Cruiser Hyryder,2026,1.5,Petrol Hybrid,e-CVT,3053,5,1,2090000
Toyota,Urban Cruiser Hyryder,2021,1.5,Petrol Hybrid,e-CVT,69671,5,1,1085000
Maruti Suzuki,Alto K10,2024,1.1,Petrol,AMT,22706,5,1,240000
Lexus,ES,2019,2.5,Petrol Hybrid,e-CVT,71690,5,2,2940000
Hyundai,Creta,2025,1.6,Petrol,DCT,11315,5,1,840000
Kia,Seltos,2023,1.5,Petrol,IVT,23157,5,1,515000
Hyundai,Creta,2017,1.5,Diesel,Automatic,85792,5,2,330000
Mahindra,XUV700,2022,2.2,Diesel,Manual,48644,7,1,920000
Toyota,Glanza,2025,1.2,Petrol,Manual,19285,5,1,545000
Kia,Sonet,2025,1.0,Petrol,DCT,31976,5,1,670000
Hyundai,Verna,2025,1.5,Petrol,Manual,6508,5,1,660000
Volkswagen,Virtus,2015,1.4,Petrol,DCT,58907,5,4,350000
Toyota,Urban Cruiser Hyryder,2016,1.5,Petrol,Automatic,68843,5,3,295000
Maruti Suzuki,Brezza,2017,1.5,Petrol,Automatic,111433,5,1,195000
Honda,Amaze,2025,1.1,Petrol,CVT,9533,5,1,625000
Maruti Suzuki,Wagon R,2025,1.3,Petrol,AMT,20025,5,1,370000
Tata,Nexon EV,2024,0.0,EV,Automatic,16742,5,1,1070000
Hyundai,Creta,2026,1.5,Petrol,DCT,3680,5,1,1240000
Honda,City,2020,1.5,Petrol,Manual,62098,5,2,280000
Kia,Carens,2023,1.5,Petrol,DCT,45180,7,1,865000
Toyota,Urban Cruiser Hyryder,2025,1.5,Petrol,Automatic,5282,5,1,1005000
Mahindra,XUV300,2020,1.2,Petrol,AMT,65456,5,2,345000
Volkswagen,Taigun,2024,1.0,Petrol,Automatic,23365,5,1,835000
Maruti Suzuki,Alto K10,2025,1.0,Petrol,AMT,17175,5,1,270000
Tata,Safari,2020,1.9,Diesel,Automatic,35970,7,1,610000
Kia,Seltos,2022,1.4,Diesel,Manual,36229,5,2,850000
BMW,5 Series,2021,2.1,Petrol,Automatic,41339,5,1,3265000
Hyundai,Creta,2025,1.5,Diesel,Automatic,8306,5,1,1040000
Maruti Suzuki,Swift,2025,1.3,Petrol,Manual,6924,5,1,370000
Tata,Nexon,2019,1.5,Diesel,AMT,73006,5,2,340000
Maruti Suzuki,Swift,2022,1.2,Petrol,AMT,37709,5,1,180000
Kia,Sonet,2021,1.5,Diesel,Automatic,44543,5,3,530000
Hyundai,Grand i10 Nios,2022,1.2,Petrol,Manual,45523,5,1,165000
Mahindra,XUV700,2026,2.0,Petrol,Manual,4605,7,1,1520000
Mahindra,XUV700,2020,2.2,Diesel,Manual,54678,7,1,840000
Hyundai,i20,2024,1.1,Petrol,DCT,13893,5,1,625000
Hyundai,Verna,2024,1.5,Petrol,DCT,19524,5,1,975000
Kia,Seltos,2025,1.6,Diesel,Automatic,10705,5,1,1200000
Kia,Seltos,2024,1.5,Diesel,Automatic,39042,5,1,755000
Maruti Suzuki,Swift,2021,1.1,Petrol,AMT,69014,5,1,260000
Honda,City,2024,1.5,Petrol Hybrid,e-CVT,16491,5,1,1305000
Skoda,Kushaq,2023,0.9,Petrol,Automatic,32159,5,1,575000
Maruti Suzuki,Alto K10,2016,1.0,Petrol,AMT,101283,5,5,65000
Honda,City,2021,1.5,Petrol Hybrid,e-CVT,66705,5,1,785000
Toyota,Urban Cruiser Hyryder,2022,1.5,Petrol Hybrid,e-CVT,48123,5,1,965000
Tata,Safari,2015,2.0,Diesel,Manual,97106,7,4,280000
Tata,Nexon,2017,1.2,Petrol,Manual,57362,5,1,245000
Mahindra,Thar,2019,2.2,Diesel,Automatic,64121,4,4,515000
Tata,Altroz,2018,1.2,Petrol,Manual,174171,5,2,120000
Volkswagen,Virtus,2026,1.0,Petrol,Automatic,2337,5,1,1175000
Volkswagen,Virtus,2023,1.1,Petrol,Manual,31479,5,2,730000
Tata,Punch,2017,1.2,Petrol,AMT,60694,5,2,205000
Toyota,Urban Cruiser Hyryder,2021,1.5,Petrol Hybrid,e-CVT,49300,5,1,790000
Hyundai,Grand i10 Nios,2021,1.2,Petrol,AMT,55013,5,1,205000
Volkswagen,Virtus,2023,1.0,Petrol,Manual,17628,5,2,720000
Tata,Altroz,2024,1.2,Petrol,Manual,22949,5,1,340000
Hyundai,i20,2021,1.0,Petrol,DCT,59777,5,2,335000
Mahindra,XUV300,2022,1.2,Petrol,AMT,81460,5,1,400000
Mahindra,Scorpio N,2020,2.3,Diesel,Automatic,85156,7,1,650000
Toyota,Urban Cruiser Hyryder,2023,1.5,Petrol,Manual,12271,5,1,780000
Honda,Amaze,2026,1.2,Petrol,CVT,2466,5,1,700000
Skoda,Slavia,2022,0.9,Petrol,Manual,53462,5,2,520000
Hyundai,Creta,2020,1.5,Diesel,Manual,69597,5,1,520000
Hyundai,Creta,2026,1.5,Petrol,IVT,1637,5,1,1145000
Hyundai,Creta,2021,1.4,Petrol,Automatic,29052,5,1,700000
Tata,Nexon EV,2026,0.0,EV,Automatic,3033,5,1,1070000
BMW,X1,2025,1.5,Petrol,Automatic,12067,5,1,3585000
Tata,Nexon,2022,1.2,Petrol,DCT,42046,5,1,450000
Hyundai,Grand i10 Nios,2025,1.2,Petrol,Manual,14654,5,1,365000
Maruti Suzuki,Ertiga,2020,1.5,Petrol,Automatic,63435,7,3,320000
Toyota,Urban Cruiser Hyryder,2024,1.5,Petrol Hybrid,e-CVT,34374,5,1,960000
Kia,Seltos,2022,1.6,Petrol,IVT,42857,5,2,710000
Tata,Nexon EV,2025,0.0,EV,Automatic,10788,5,1,1305000
Skoda,Kushaq,2026,1.0,Petrol,Manual,2593,5,1,1275000
Maruti Suzuki,Ertiga,2019,1.6,Petrol,Manual,40558,7,1,255000
Hyundai,Verna,2021,1.5,Petrol,DCT,52537,5,3,650000
Tata,Nexon,2018,1.2,Petrol,DCT,36702,5,2,330000
Hyundai,Verna,2025,1.5,Petrol,IVT,12082,5,1,975000
Honda,City,2020,1.5,Petrol Hybrid,e-CVT,91998,5,1,495000
Mahindra,Thar,2025,2.0,Petrol,Automatic,5101,4,1,1230000
Maruti Suzuki,Brezza,2024,1.6,Petrol,Manual,15904,5,1,520000
Hyundai,Creta,2017,1.5,Petrol,Manual,97904,5,2,270000
Toyota,Urban Cruiser Hyryder,2025,1.5,Petrol Hybrid,e-CVT,18230,5,1,1415000
Hyundai,Creta,2021,1.6,Petrol,Manual,62562,5,2,475000
Hyundai,Verna,2021,1.5,Petrol,IVT,101192,5,3,425000
Maruti Suzuki,Alto K10,2025,1.0,Petrol,AMT,8643,5,1,220000
Hyundai,Venue,2019,1.5,Diesel,Manual,76506,5,1,270000
Tata,Altroz,2023,1.2,Petrol,DCT,19178,5,2,305000
Honda,City,2022,1.5,Petrol Hybrid,e-CVT,25418,5,1,1020000
Tata,Nexon EV,2024,0.0,EV,Automatic,13654,5,1,1145000
Maruti Suzuki,Ertiga,2017,1.4,Petrol,Manual,65327,7,2,250000
Hyundai,Creta,2021,1.5,Diesel,Automatic,24508,5,1,690000
Skoda,Kushaq,2018,1.5,Petrol,DCT,67719,5,2,425000
Mahindra,Thar,2022,1.9,Petrol,Manual,53117,4,1,625000
Hyundai,Creta,2017,1.5,Petrol,Manual,97075,5,4,230000
Maruti Suzuki,Ertiga,2016,1.5,Petrol,Manual,76540,7,1,210000
Honda,City,2022,1.4,Petrol Hybrid,e-CVT,46028,5,1,775000
Kia,Sonet,2019,1.5,Diesel,Manual,77076,5,2,390000
Kia,Seltos,2026,1.5,Petrol,IVT,1946,5,1,1135000
Skoda,Kushaq,2018,1.5,Petrol,DCT,60847,5,2,550000
Hyundai,Creta,2022,1.5,Diesel,Automatic,62486,5,2,595000
Mahindra,XUV700,2022,2.2,Diesel,Automatic,36473,7,1,1065000
Tata,Nexon,2020,1.2,Petrol,AMT,43910,5,3,300000
Maruti Suzuki,Wagon R,2020,1.2,Petrol,AMT,62978,5,3,135000
Hyundai,Venue,2018,1.5,Diesel,Manual,90348,5,5,160000
Tata,Tiago,2022,1.3,Petrol,Manual,24440,5,2,260000
Kia,Seltos,2026,1.5,Diesel,Manual,1668,5,1,1240000
Tata,Harrier,2024,2.1,Diesel,Manual,29561,5,1,1220000
Honda,City,2026,1.5,Petrol Hybrid,e-CVT,1604,5,1,1660000
Toyota,Urban Cruiser Hyryder,2020,1.5,Petrol Hybrid,e-CVT,45996,5,3,790000
Hyundai,i20,2026,1.2,Petrol,IVT,1822,5,1,570000
Maruti Suzuki,Ertiga,2021,1.5,Petrol,Manual,49021,7,1,430000
Tata,Altroz,2020,1.3,Petrol,DCT,26307,5,1,255000
Hyundai,Grand i10 Nios,2025,1.2,Petrol,AMT,11090,5,1,320000
Toyota,Innova Crysta,2023,2.4,Diesel,Automatic,44544,7,1,1265000
Maruti Suzuki,Swift,2025,1.2,Petrol,AMT,8415,5,1,360000
Toyota,Innova Crysta,2021,2.4,Diesel,Manual,42199,7,1,725000
Tata,Safari,2016,2.0,Diesel,Manual,75663,7,4,465000
Honda,Amaze,2018,1.2,Petrol,Manual,136948,5,1,250000
Mahindra,Scorpio N,2025,2.3,Diesel,Manual,7540,7,1,1515000
Mahindra,XUV700,2022,2.2,Diesel,Automatic,16848,7,1,1090000
Mahindra,XUV300,2024,1.1,Petrol,AMT,12111,5,1,725000
Mahindra,XUV700,2025,2.0,Petrol,Manual,11417,7,1,1290000
Audi,A4,2021,2.0,Petrol,DCT,91662,5,2,1815000
Maruti Suzuki,Wagon R,2026,1.2,Petrol,AMT,4004,5,1,485000
Tata,Altroz,2020,1.2,Petrol,DCT,141257,5,1,260000
Tata,Tiago,2018,1.2,Petrol,Manual,90781,5,1,135000
Tata,Nexon EV,2024,0.0,EV,Automatic,18136,5,1,905000
Maruti Suzuki,Baleno,2019,1.2,Petrol,Manual,90394,5,3,145000
Toyota,Urban Cruiser Hyryder,2017,1.5,Petrol,Automatic,86784,5,1,425000
Tata,Safari,2021,1.9,Diesel,Manual,58983,7,1,825000
Hyundai,Venue,2020,1.0,Petrol,DCT,80259,5,2,300000
Hyundai,Creta,2026,1.5,Petrol,IVT,4183,5,1,1090000
Tata,Nexon,2017,1.2,Petrol,DCT,154980,5,2,190000
Kia,Carens,2022,1.5,Petrol,Manual,42861,7,1,815000
Volkswagen,Taigun,2026,1.0,Petrol,Manual,1876,5,1,995000
Kia,Sonet,2024,1.5,Diesel,Automatic,12893,5,1,720000
Volkswagen,Virtus,2025,1.5,Petrol,DCT,6241,5,1,1485000
Hyundai,Verna,2026,1.5,Petrol,Manual,2438,5,1,995000
Toyota,Glanza,2025,1.2,Petrol,AMT,8327,5,1,545000
Hyundai,Grand i10 Nios,2018,1.2,Petrol,AMT,120661,5,3,115000
Hyundai,Venue,2023,1.5,Diesel,Manual,22927,5,2,515000
Kia,Seltos,2026,1.5,Petrol,IVT,1848,5,1,1230000
Mahindra,Scorpio N,2022,2.2,Diesel,Automatic,27292,7,2,685000
Toyota,Urban Cruiser Hyryder,2026,1.5,Petrol Hybrid,e-CVT,2294,5,1,1375000
Mahindra,Thar,2018,2.2,Diesel,Automatic,43069,4,3,545000
Maruti Suzuki,Baleno,2026,1.2,Petrol,Manual,2608,5,1,500000
Tata,Nexon EV,2026,0.0,EV,Automatic,3529,5,1,1310000
Hyundai,Creta,2026,1.6,Diesel,Automatic,4547,5,1,1325000
Maruti Suzuki,Baleno,2026,1.2,Petrol,AMT,2102,5,1,595000
Tata,Tiago,2026,1.2,Petrol,Manual,3021,5,1,300000
Hyundai,i20,2024,1.2,Petrol,IVT,26890,5,1,380000
Tata,Harrier,2019,2.0,Diesel,Manual,47301,5,1,545000
Maruti Suzuki,Alto K10,2024,1.0,Petrol,AMT,26125,5,1,160000
Tata,Punch,2025,1.2,Petrol,AMT,11728,5,1,605000
Kia,Seltos,2022,1.6,Diesel,Automatic,32493,5,1,695000
Tata,Nexon,2024,1.5,Diesel,Manual,32403,5,1,565000
Mahindra,Thar,2025,2.0,Petrol,Manual,20008,4,1,940000
Volkswagen,Taigun,2020,1.5,Petrol,DCT,66100,5,1,630000
Honda,City,2023,1.5,Petrol Hybrid,e-CVT,34551,5,1,975000
Hyundai,Creta,2022,1.5,Petrol,IVT,28168,5,1,650000
Tata,Safari,2019,2.1,Diesel,Automatic,93075,7,1,745000
Honda,City,2016,1.5,Petrol,CVT,99544,5,4,240000
Hyundai,Grand i10 Nios,2026,1.1,Petrol,AMT,2084,5,1,330000
Honda,City,2024,1.4,Petrol Hybrid,e-CVT,10947,5,1,1415000
Hyundai,Grand i10 Nios,2021,1.2,Petrol,AMT,52392,5,5,195000
Hyundai,Creta,2018,1.5,Petrol,Automatic,126438,5,1,320000
Tata,Safari,2026,2.0,Diesel,Manual,2302,7,1,1415000
Toyota,Glanza,2015,1.2,Petrol,AMT,109950,5,5,200000
Kia,Carens,2019,1.5,Petrol,DCT,60039,7,2,630000
Hyundai,Creta,2019,1.6,Petrol,Automatic,121819,5,5,335000
Tata,Nexon EV,2025,0.0,EV,Automatic,6423,5,1,1280000
Kia,Sonet,2025,1.5,Diesel,Automatic,5492,5,1,915000
Toyota,Innova Crysta,2025,2.4,Diesel,Automatic,14849,7,1,1410000
Tata,Nexon,2023,1.5,Diesel,Manual,33495,5,1,640000
Toyota,Innova Crysta,2016,2.5,Diesel,Automatic,53341,7,5,395000
Skoda,Slavia,2024,1.0,Petrol,Automatic,11234,5,1,1050000
Kia,Carens,2020,1.5,Petrol,DCT,33532,7,1,465000
Hyundai,i20,2022,1.0,Petrol,DCT,76364,5,1,320000
Kia,Sonet,2026,1.5,Diesel,Automatic,3805,5,1,670000
Honda,City,2023,1.5,Petrol Hybrid,e-CVT,31960,5,1,905000
Hyundai,Verna,2018,1.6,Petrol,DCT,81356,5,3,370000
Hyundai,Venue,2024,1.0,Petrol,Manual,55466,5,1,380000
Volvo,XC40,2026,1.9,Petrol,Automatic,3888,5,1,5235000
Hyundai,Verna,2020,1.4,Petrol,DCT,39473,5,3,395000
Mahindra,XUV300,2022,1.1,Petrol,Manual,52374,5,1,375000
Mahindra,Scorpio N,2015,2.2,Diesel,Automatic,125742,7,2,345000
Volkswagen,Taigun,2023,1.0,Petrol,Automatic,29554,5,2,850000
Toyota,Glanza,2018,1.2,Petrol,AMT,52295,5,3,220000
Toyota,Innova Crysta,2020,2.5,Diesel,Manual,46298,7,4,775000
Hyundai,Grand i10 Nios,2024,1.3,Petrol,Manual,29520,5,1,305000
Mahindra,XUV300,2022,1.2,Petrol,AMT,22967,5,1,545000
Kia,Seltos,2025,1.6,Diesel,Automatic,5600,5,1,745000
Hyundai,Venue,2026,0.9,Petrol,DCT,2867,5,1,575000
Toyota,Urban Cruiser Hyryder,2022,1.5,Petrol,Manual,72811,5,1,580000
Maruti Suzuki,Brezza,2015,1.5,Petrol,Manual,120995,5,3,110000
Maruti Suzuki,Swift,2023,1.2,Petrol,Manual,54307,5,1,185000
Tata,Punch,2025,1.3,Petrol,Manual,11924,5,1,535000
Hyundai,Venue,2025,1.0,Petrol,DCT,8357,5,1,635000
Honda,Amaze,2024,1.2,Petrol,Manual,22273,5,1,495000
Mahindra,Thar,2025,2.3,Diesel,Automatic,9746,4,1,1160000
Tata,Nexon,2026,1.2,Petrol,DCT,2898,5,1,620000
Maruti Suzuki,Baleno,2026,1.1,Petrol,Manual,2346,5,1,520000
Mahindra,XUV700,2025,2.0,Petrol,Automatic,17177,7,1,960000
Honda,City,2024,1.5,Petrol,CVT,30227,5,1,935000
Hyundai,Creta,2021,1.5,Petrol,Automatic,52999,5,1,690000
Maruti Suzuki,Alto K10,2020,1.0,Petrol,AMT,74170,5,1,100000
Mercedes-Benz,C-Class,2025,1.5,Petrol,Automatic,19763,5,1,5405000
Hyundai,Creta,2018,1.5,Diesel,Manual,99635,5,2,325000
Tata,Nexon,2025,1.2,Petrol,DCT,10922,5,1,570000
Kia,Sonet,2022,1.5,Diesel,Manual,37407,5,1,430000
Maruti Suzuki,Brezza,2023,1.5,Petrol,Automatic,44599,5,2,400000
Honda,City,2020,1.6,Petrol,Manual,60806,5,2,510000
Hyundai,Creta,2018,1.5,Petrol,IVT,75260,5,4,370000
Kia,Seltos,2023,1.4,Petrol,Manual,21514,5,1,805000
Mahindra,XUV700,2016,2.0,Petrol,Automatic,220000,7,2,305000
Mahindra,XUV300,2026,1.2,Petrol,AMT,1613,5,1,840000
Hyundai,Creta,2021,1.5,Petrol,DCT,42006,5,2,490000
Kia,Seltos,2019,1.5,Diesel,Manual,92750,5,1,535000
Toyota,Glanza,2020,1.2,Petrol,AMT,34686,5,1,280000
Maruti Suzuki,Wagon R,2024,1.2,Petrol,Manual,21120,5,1,265000
Kia,Seltos,2019,1.5,Diesel,Manual,78443,5,2,445000
Mahindra,XUV700,2017,2.2,Diesel,Manual,220000,7,1,325000
Mahindra,Thar,2023,2.2,Diesel,Manual,42034,4,1,1120000
Honda,City,2022,1.5,Petrol,Manual,32184,5,1,540000
Tata,Altroz,2025,1.2,Petrol,DCT,9060,5,1,570000
Kia,Sonet,2022,1.0,Petrol,iMT,56464,5,2,430000
Tata,Safari,2023,1.9,Diesel,Automatic,28223,7,2,1270000
Kia,Sonet,2023,1.5,Diesel,Automatic,32229,5,1,580000
Mahindra,Thar,2019,2.2,Diesel,Manual,61787,4,1,610000
Honda,City,2023,1.5,Petrol,CVT,37519,5,1,585000
Tata,Nexon EV,2022,0.0,EV,Automatic,80821,5,1,765000
Maruti Suzuki,Wagon R,2026,1.3,Petrol,Manual,4332,5,1,420000
Kia,Seltos,2025,1.5,Diesel,Manual,9346,5,1,1295000
Volkswagen,Virtus,2024,1.5,Petrol,DCT,13443,5,1,850000
Honda,City,2022,1.5,Petrol,Manual,36047,5,1,710000
Tata,Safari,2018,2.0,Diesel,Manual,64807,7,2,410000
Tata,Nexon EV,2026,0.0,EV,Automatic,1616,5,1,1105000
Hyundai,Verna,2018,1.5,Petrol,Manual,56388,5,3,240000
Hyundai,Verna,2021,1.6,Petrol,Manual,40047,5,4,460000
Hyundai,Creta,2022,1.5,Petrol,Automatic,24445,5,2,695000
Mercedes-Benz,A-Class Limousine,2020,1.2,Petrol,DCT,61965,5,1,2315000
Tata,Nexon,2026,1.2,Petrol,AMT,2504,5,1,755000
Maruti Suzuki,Alto K10,2024,1.0,Petrol,AMT,34752,5,1,170000
Kia,Carens,2021,1.5,Petrol,Manual,53084,7,1,770000
Skoda,Kushaq,2018,1.5,Petrol,DCT,60555,5,4,410000
Maruti Suzuki,Alto K10,2024,1.0,Petrol,AMT,23054,5,1,210000
Hyundai,Venue,2016,1.0,Petrol,DCT,139724,5,5,130000
Tata,Punch,2022,1.2,Petrol,AMT,31511,5,2,350000
Toyota,Innova Crysta,2017,2.4,Diesel,Automatic,143440,7,1,440000
Skoda,Slavia,2025,0.9,Petrol,Manual,25306,5,1,815000
Hyundai,Creta,2020,1.5,Diesel,Automatic,25234,5,2,635000
Mahindra,XUV300,2021,1.2,Petrol,Manual,122556,5,2,350000
Hyundai,Venue,2026,1.6,Diesel,Automatic,2559,5,1,905000
Hyundai,Venue,2021,1.1,Petrol,Manual,76320,5,2,325000
Audi,Q3,2022,2.0,Petrol,DCT,40784,5,1,3685000
Volkswagen,Taigun,2026,1.5,Petrol,DCT,1788,5,1,1140000
Maruti Suzuki,Brezza,2020,1.6,Petrol,Automatic,81376,5,1,265000
Kia,Sonet,2018,1.5,Diesel,Manual,71921,5,1,275000
Skoda,Kushaq,2020,1.6,Petrol,DCT,137123,5,3,460000
Volkswagen,Virtus,2021,1.0,Petrol,Automatic,68635,5,3,465000
Toyota,Urban Cruiser Hyryder,2019,1.5,Petrol Hybrid,e-CVT,89817,5,2,725000
Honda,Amaze,2020,1.2,Petrol,Manual,22874,5,2,345000
Tata,Nexon,2022,1.5,Diesel,AMT,36648,5,1,455000
Toyota,Glanza,2023,1.2,Petrol,Manual,29208,5,2,360000
Skoda,Kushaq,2024,1.5,Petrol,DCT,40667,5,1,965000
Hyundai,Creta,2026,1.4,Petrol,IVT,2228,5,1,805000
Skoda,Kushaq,2017,1.5,Petrol,DCT,132479,5,2,450000
Hyundai,Creta,2023,1.5,Diesel,Manual,11880,5,1,760000
Skoda,Slavia,2025,1.0,Petrol,Manual,7591,5,1,835000
Toyota,Urban Cruiser Hyryder,2024,1.5,Petrol Hybrid,e-CVT,54030,5,1,1165000
Tata,Nexon,2025,1.5,Diesel,AMT,12816,5,1,710000
Hyundai,Venue,2023,1.5,Diesel,Manual,21346,5,2,590000
Maruti Suzuki,Swift,2021,1.2,Petrol,AMT,47010,5,1,215000
Hyundai,Venue,2026,1.0,Petrol,Manual,6448,5,1,815000
Kia,Sonet,2024,1.5,Diesel,Automatic,17116,5,1,660000
Kia,Carens,2021,1.5,Petrol,Manual,56794,7,1,685000
BMW,3 Series,2020,2.0,Petrol,Automatic,54527,5,1,1865000
Maruti Suzuki,Baleno,2022,1.2,Petrol,AMT,58213,5,2,230000
Toyota,Urban Cruiser Hyryder,2015,1.5,Petrol Hybrid,e-CVT,166742,5,4,245000
Hyundai,i20,2025,1.0,Petrol,Manual,12208,5,1,585000
Tata,Nexon EV,2023,0.0,EV,Automatic,28352,5,1,725000
Tata,Nexon,2022,1.3,Petrol,AMT,28839,5,1,355000
Tata,Altroz,2024,1.2,Petrol,Manual,28297,5,1,335000
Tata,Nexon,2026,1.5,Diesel,Manual,1632,5,1,840000
Volkswagen,Taigun,2026,1.5,Petrol,DCT,3701,5,1,1745000
Hyundai,Grand i10 Nios,2026,1.3,Petrol,AMT,1577,5,1,450000
Mahindra,XUV700,2021,2.1,Petrol,Automatic,59634,7,1,570000
Toyota,Urban Cruiser Hyryder,2018,1.5,Petrol Hybrid,e-CVT,43436,5,2,495000
Tata,Nexon,2015,1.5,Diesel,AMT,113872,5,3,160000
Tata,Safari,2018,2.0,Diesel,Manual,136900,7,3,425000
Tata,Nexon,2020,1.5,Diesel,Manual,71960,5,2,325000
Maruti Suzuki,Alto K10,2024,1.0,Petrol,AMT,34395,5,1,200000
Kia,Carens,2023,1.5,Petrol,Manual,27908,7,1,935000
Hyundai,Grand i10 Nios,2022,1.2,Petrol,AMT,33272,5,1,175000
Hyundai,Grand i10 Nios,2026,1.3,Petrol,AMT,1993,5,1,380000
Mahindra,XUV700,2021,2.0,Petrol,Manual,55789,7,1,890000
Kia,Sonet,2020,1.5,Diesel,Automatic,75196,5,2,515000
Toyota,Urban Cruiser Hyryder,2022,1.5,Petrol,Manual,60119,5,1,575000
Hyundai,Grand i10 Nios,2020,1.3,Petrol,AMT,34701,5,1,215000
Toyota,Glanza,2024,1.2,Petrol,Manual,14993,5,1,420000
Tata,Nexon,2023,1.5,Diesel,AMT,23200,5,1,640000
Honda,City,2022,1.5,Petrol,Manual,66641,5,1,460000
Toyota,Urban Cruiser Hyryder,2022,1.5,Petrol Hybrid,e-CVT,30164,5,2,670000
Honda,City,2024,1.5,Petrol,CVT,12390,5,1,790000
Hyundai,Venue,2026,0.9,Petrol,Manual,1500,5,1,565000
Kia,Seltos,2026,1.5,Diesel,Manual,2731,5,1,870000
Maruti Suzuki,Swift,2025,1.2,Petrol,AMT,25656,5,1,300000
Mahindra,Scorpio N,2022,2.1,Diesel,Manual,84856,7,1,715000
Maruti Suzuki,Brezza,2020,1.6,Petrol,Manual,124069,5,1,240000
Toyota,Innova Crysta,2021,2.3,Diesel,Manual,55882,7,1,1040000
Hyundai,Creta,2020,1.4,Petrol,DCT,100712,5,1,425000
Mahindra,XUV300,2017,1.1,Petrol,Manual,106171,5,4,205000
Volkswagen,Taigun,2019,1.5,Petrol,DCT,94298,5,1,550000
Mahindra,Scorpio N,2025,2.2,Diesel,Automatic,13120,7,1,1335000
Volkswagen,Taigun,2025,1.6,Petrol,DCT,9109,5,1,1205000
Kia,Carens,2019,1.5,Petrol,Manual,82418,7,1,660000
Hyundai,Grand i10 Nios,2023,1.2,Petrol,AMT,27878,5,1,200000
Mahindra,XUV700,2026,2.2,Diesel,Automatic,2361,7,1,1525000
Tata,Punch,2026,1.2,Petrol,Manual,4192,5,1,735000
Tata,Nexon EV,2016,0.0,EV,Automatic,94616,5,1,280000
Maruti Suzuki,Ertiga,2015,1.5,Petrol,Manual,100351,7,4,105000
Maruti Suzuki,Ertiga,2018,1.5,Petrol,Automatic,114101,7,2,215000
Maruti Suzuki,Ertiga,2023,1.5,Petrol,Automatic,21021,7,1,440000
Toyota,Innova Crysta,2026,2.4,Diesel,Automatic,3144,7,1,1655000
Toyota,Urban Cruiser Hyryder,2025,1.4,Petrol Hybrid,e-CVT,13046,5,1,1355000
Toyota,Urban Cruiser Hyryder,2020,1.5,Petrol Hybrid,e-CVT,66417,5,1,800000
Hyundai,Creta,2022,1.5,Petrol,Manual,33850,5,1,595000
Mahindra,Thar,2026,2.1,Petrol,Automatic,2389,4,1,955000
Honda,City,2022,1.5,Petrol Hybrid,e-CVT,33295,5,1,840000
Honda,City,2023,1.5,Petrol Hybrid,e-CVT,31340,5,1,1035000
Hyundai,Creta,2016,1.5,Diesel,Manual,115598,5,3,175000
Hyundai,Creta,2024,1.4,Petrol,DCT,16050,5,1,940000
Maruti Suzuki,Brezza,2026,1.5,Petrol,Automatic,3628,5,1,620000
Mahindra,Thar,2017,2.0,Petrol,Manual,176874,4,2,200000
Tata,Safari,2016,1.9,Diesel,Automatic,65019,7,1,370000
Mahindra,XUV700,2018,2.0,Petrol,Automatic,73335,7,3,450000
Toyota,Urban Cruiser Hyryder,2021,1.5,Petrol,Manual,109640,5,1,535000
Honda,City,2020,1.5,Petrol Hybrid,e-CVT,49401,5,2,815000
Maruti Suzuki,Brezza,2024,1.5,Petrol,Manual,21071,5,1,440000
Hyundai,Creta,2025,1.5,Diesel,Automatic,8075,5,1,950000
Hyundai,Verna,2016,1.4,Petrol,IVT,95796,5,4,165000
Hyundai,i20,2020,1.3,Petrol,Manual,75113,5,3,200000
Toyota,Urban Cruiser Hyryder,2026,1.6,Petrol,Manual,2832,5,1,940000
Tata,Safari,2024,2.0,Diesel,Automatic,31102,7,1,900000
Hyundai,Verna,2022,1.5,Petrol,DCT,44716,5,1,520000
Tata,Nexon,2020,1.2,Petrol,DCT,34723,5,4,340000
Hyundai,i20,2015,1.0,Petrol,DCT,127938,5,4,155000
Maruti Suzuki,Baleno,2023,1.2,Petrol,Manual,37434,5,1,360000
Kia,Sonet,2021,1.5,Diesel,Automatic,72174,5,1,530000
Hyundai,Grand i10 Nios,2023,1.2,Petrol,Manual,20393,5,1,200000
Hyundai,Creta,2020,1.4,Petrol,IVT,54246,5,2,435000
Mahindra,Thar,2018,2.0,Petrol,Manual,80890,4,2,335000
Maruti Suzuki,Baleno,2023,1.2,Petrol,AMT,18878,5,1,395000
Tata,Tiago,2026,1.2,Petrol,Manual,2674,5,1,430000
Honda,City,2026,1.5,Petrol,Manual,2081,5,1,870000
Toyota,Urban Cruiser Hyryder,2017,1.5,Petrol Hybrid,e-CVT,119252,5,1,555000
Hyundai,Venue,2024,1.0,Petrol,Manual,34826,5,1,575000
Toyota,Innova Crysta,2025,2.4,Diesel,Manual,9581,7,1,1815000
Hyundai,Venue,2019,1.1,Petrol,Manual,102560,5,2,240000
Maruti Suzuki,Baleno,2020,1.2,Petrol,Manual,40243,5,3,230000
Tata,Altroz,2024,1.2,Petrol,Manual,20324,5,1,365000
Maruti Suzuki,Alto K10,2022,1.0,Petrol,AMT,49467,5,1,160000
Hyundai,Verna,2020,1.5,Petrol,DCT,91119,5,2,485000
Hyundai,Grand i10 Nios,2025,1.2,Petrol,AMT,11934,5,1,345000
Hyundai,i20,2025,1.0,Petrol,Manual,8754,5,1,555000
Toyota,Innova Crysta,2019,2.4,Diesel,Manual,65285,7,3,815000
Toyota,Innova Crysta,2024,2.5,Diesel,Manual,15154,7,1,1375000
Maruti Suzuki,Ertiga,2019,1.5,Petrol,Automatic,120623,7,1,225000
Tata,Harrier,2023,2.0,Diesel,Manual,38284,5,1,1030000
Maruti Suzuki,Baleno,2022,1.1,Petrol,Manual,87695,5,1,300000
Hyundai,Creta,2024,1.5,Diesel,Manual,10812,5,1,700000
Mahindra,Thar,2025,2.2,Diesel,Automatic,11480,4,1,1225000
Tata,Nexon,2023,1.5,Diesel,Manual,42837,5,1,470000
BMW,5 Series,2024,2.0,Petrol,Automatic,14328,5,1,4985000
Kia,Seltos,2024,1.5,Petrol,Manual,36383,5,1,900000
Hyundai,Venue,2026,1.5,Diesel,Automatic,2320,5,1,655000
Hyundai,Creta,2019,1.5,Petrol,DCT,167054,5,2,330000
Tata,Nexon EV,2022,0.0,EV,Automatic,34959,5,1,880000
Honda,Amaze,2021,1.2,Petrol,CVT,50756,5,1,435000
Hyundai,Creta,2017,1.5,Diesel,Automatic,71783,5,2,285000
Mahindra,XUV300,2018,1.2,Petrol,AMT,144928,5,1,240000
Tata,Nexon EV,2026,0.0,EV,Automatic,2335,5,1,1120000
Audi,Q3,2026,2.0,Petrol,DCT,2213,5,1,4240000
Mahindra,XUV700,2026,2.0,Petrol,Automatic,2216,7,1,1360000
Tata,Altroz,2023,1.2,Petrol,DCT,29619,5,1,370000
Hyundai,Venue,2017,1.5,Diesel,Manual,184113,5,2,180000
Hyundai,Grand i10 Nios,2025,1.2,Petrol,AMT,14997,5,1,210000
Kia,Sonet,2016,1.0,Petrol,DCT,32854,5,4,280000
Hyundai,Verna,2026,1.5,Petrol,DCT,2975,5,1,1215000
Kia,Carens,2025,1.6,Petrol,Manual,10633,7,1,1100000
BMW,5 Series,2022,2.0,Petrol,Automatic,21779,5,1,6515000
Mahindra,XUV300,2025,1.2,Petrol,AMT,8683,5,1,555000
Maruti Suzuki,Ertiga,2025,1.6,Petrol,Manual,4599,7,1,485000
Tata,Nexon,2015,1.5,Diesel,Manual,116900,5,4,180000
Toyota,Urban Cruiser Hyryder,2019,1.5,Petrol Hybrid,e-CVT,73217,5,1,505000
Mahindra,Thar,2024,2.0,Petrol,Automatic,14264,4,1,1015000
Mahindra,Thar,2022,2.1,Diesel,Automatic,51121,4,1,810000
Hyundai,Verna,2025,1.5,Petrol,Manual,11794,5,1,925000
Kia,Seltos,2016,1.4,Diesel,Manual,88137,5,4,305000
Tata,Nexon EV,2022,0.0,EV,Automatic,32930,5,1,490000
Mahindra,XUV700,2024,2.0,Petrol,Manual,25230,7,1,1075000
Hyundai,Venue,2019,1.5,Diesel,Manual,84768,5,4,195000
Tata,Nexon,2021,1.5,Diesel,AMT,39788,5,1,460000
Hyundai,Venue,2015,1.0,Petrol,Manual,75391,5,5,180000
Hyundai,Venue,2022,1.0,Petrol,Manual,40353,5,1,430000
Mahindra,XUV700,2018,2.2,Diesel,Automatic,98194,7,3,555000
Mahindra,Thar,2022,2.3,Diesel,Manual,28344,4,1,650000
Honda,City,2024,1.5,Petrol,CVT,23735,5,1,880000
Toyota,Fortuner,2022,2.8,Diesel,Manual,16009,7,1,2505000
Maruti Suzuki,Wagon R,2025,1.3,Petrol,AMT,11107,5,1,295000
Honda,City,2023,1.5,Petrol,Manual,26895,5,1,750000
Hyundai,Venue,2026,1.6,Diesel,Manual,4187,5,1,760000
Tata,Nexon,2020,1.2,Petrol,AMT,33826,5,2,375000
Toyota,Urban Cruiser Hyryder,2024,1.5,Petrol,Automatic,13213,5,1,625000
Tata,Nexon,2015,1.2,Petrol,Manual,219849,5,1,105000
Mahindra,Thar,2018,2.2,Diesel,Automatic,53954,4,4,485000
Volkswagen,Taigun,2024,1.0,Petrol,Manual,37940,5,1,790000
Maruti Suzuki,Ertiga,2022,1.5,Petrol,Manual,64224,7,1,505000
Maruti Suzuki,Ertiga,2024,1.5,Petrol,Manual,54420,7,1,420000
Hyundai,Grand i10 Nios,2026,1.2,Petrol,Manual,2336,5,1,385000
Kia,Carens,2023,1.5,Petrol,DCT,22264,7,1,985000
Maruti Suzuki,Swift,2026,1.1,Petrol,AMT,1803,5,1,435000
Skoda,Kushaq,2020,1.0,Petrol,Automatic,47330,5,1,530000
Mahindra,XUV700,2020,1.9,Petrol,Automatic,88808,7,2,710000
Tata,Nexon,2026,1.2,Petrol,DCT,2772,5,1,530000
Skoda,Kushaq,2022,1.0,Petrol,Automatic,40595,5,1,815000
Maruti Suzuki,Swift,2025,1.2,Petrol,Manual,7165,5,1,400000
Hyundai,Creta,2019,1.5,Petrol,DCT,61748,5,3,400000
Tata,Safari,2026,2.0,Diesel,Automatic,4927,7,1,1680000
Mahindra,Scorpio N,2022,2.3,Diesel,Manual,42351,7,1,605000
Hyundai,i20,2019,1.2,Petrol,IVT,45143,5,2,230000
Hyundai,Verna,2024,1.5,Petrol,Manual,23571,5,1,910000
Tata,Altroz,2020,1.2,Petrol,Manual,136309,5,2,210000
Hyundai,Verna,2018,1.5,Petrol,IVT,66471,5,1,355000
Tata,Harrier,2026,2.0,Diesel,Manual,3876,5,1,1490000
Hyundai,Creta,2024,1.5,Petrol,DCT,11541,5,1,1175000
Skoda,Slavia,2019,1.0,Petrol,Automatic,49178,5,3,520000
Hyundai,Creta,2023,1.5,Petrol,Manual,25604,5,1,780000
Mahindra,Thar,2021,2.2,Diesel,Manual,100072,4,2,510000
Maruti Suzuki,Wagon R,2023,1.2,Petrol,Manual,32734,5,1,300000
Mercedes-Benz,C-Class,2017,1.5,Petrol,Automatic,77650,5,2,2360000
Toyota,Innova Crysta,2021,2.4,Diesel,Automatic,34473,7,2,850000
Tata,Harrier,2023,2.0,Diesel,Automatic,56069,5,3,805000
Honda,City,2023,1.5,Petrol Hybrid,e-CVT,18978,5,1,1075000
Toyota,Innova Crysta,2026,2.4,Diesel,Manual,4778,7,1,1250000
Hyundai,Grand i10 Nios,2017,1.2,Petrol,AMT,131840,5,3,100000
Maruti Suzuki,Baleno,2026,1.2,Petrol,Manual,1500,5,1,385000
Hyundai,i20,2019,1.2,Petrol,Manual,59997,5,2,225000
Toyota,Glanza,2021,1.2,Petrol,AMT,39493,5,2,390000
Tata,Altroz,2023,1.2,Petrol,Manual,31018,5,1,470000
Mahindra,Thar,2023,2.1,Diesel,Automatic,59365,4,1,745000
Tata,Nexon,2023,1.5,Diesel,Manual,44678,5,2,585000
Hyundai,Creta,2024,1.5,Petrol,DCT,35620,5,1,1000000
Hyundai,Creta,2022,1.5,Petrol,Automatic,24391,5,2,725000
Maruti Suzuki,Ertiga,2018,1.5,Petrol,Automatic,50309,7,4,230000
Maruti Suzuki,Wagon R,2025,1.2,Petrol,AMT,9571,5,1,370000
Hyundai,Creta,2025,1.6,Diesel,Automatic,15007,5,1,1095000
Hyundai,Creta,2025,1.5,Petrol,Automatic,8871,5,1,1350000
Hyundai,i20,2018,1.2,Petrol,IVT,113259,5,1,200000
Tata,Nexon EV,2026,0.0,EV,Automatic,1585,5,1,1225000
Skoda,Kushaq,2021,1.0,Petrol,Automatic,86409,5,2,405000
Hyundai,Venue,2017,1.0,Petrol,DCT,59786,5,1,215000
Hyundai,Creta,2021,1.6,Diesel,Automatic,96591,5,1,310000
Hyundai,Venue,2016,1.0,Petrol,Manual,89302,5,5,115000
Hyundai,Verna,2026,1.5,Petrol,Manual,2412,5,1,910000
Kia,Carens,2023,1.5,Petrol,Manual,43640,7,1,770000
Toyota,Urban Cruiser Hyryder,2023,1.4,Petrol Hybrid,e-CVT,39713,5,1,965000
Honda,City,2024,1.6,Petrol,Manual,17730,5,1,670000
Mahindra,XUV700,2021,2.2,Diesel,Manual,49703,7,2,675000
Toyota,Glanza,2018,1.2,Petrol,Manual,95907,5,1,200000
Hyundai,Grand i10 Nios,2016,1.2,Petrol,Manual,158064,5,5,65000
Mahindra,XUV700,2026,2.2,Diesel,Manual,2878,7,1,1750000
Mercedes-Benz,GLA,2021,1.3,Petrol,DCT,78520,5,1,2160000
Volkswagen,Taigun,2022,1.0,Petrol,Manual,39925,5,2,615000
Toyota,Urban Cruiser Hyryder,2026,1.5,Petrol,Manual,2804,5,1,1180000
Tata,Nexon EV,2022,0.0,EV,Automatic,30593,5,1,680000
Tata,Nexon EV,2024,0.0,EV,Automatic,25558,5,1,1075000
Skoda,Kushaq,2023,1.0,Petrol,Automatic,18045,5,1,845000
Hyundai,Creta,2019,1.5,Petrol,IVT,76271,5,1,460000
Tata,Harrier,2023,1.9,Diesel,Manual,28379,5,1,1210000
Maruti Suzuki,Alto K10,2025,1.0,Petrol,Manual,16311,5,1,230000
Tata,Nexon EV,2023,0.0,EV,Automatic,29039,5,1,735000
Tata,Nexon EV,2019,0.0,EV,Automatic,106305,5,4,410000
Toyota,Urban Cruiser Hyryder,2023,1.5,Petrol,Manual,33286,5,1,775000
Kia,Carens,2026,1.5,Petrol,Manual,2423,7,1,1445000
Volkswagen,Virtus,2017,1.5,Petrol,DCT,135158,5,1,420000
Tata,Harrier,2022,2.0,Diesel,Manual,51286,5,1,875000
Mercedes-Benz,A-Class Limousine,2018,1.3,Petrol,DCT,47439,5,3,1385000
Tata,Punch,2021,1.2,Petrol,AMT,51162,5,2,265000
Mercedes-Benz,GLA,2024,1.3,Petrol,DCT,31050,5,1,4585000
Toyota,Glanza,2026,1.3,Petrol,AMT,3573,5,1,555000
Kia,Seltos,2019,1.5,Diesel,Manual,68569,5,2,395000
Tata,Safari,2019,2.0,Diesel,Manual,64629,7,2,655000
Mahindra,Thar,2023,2.2,Diesel,Automatic,18809,4,1,1125000
Toyota,Innova Crysta,2021,2.4,Diesel,Automatic,33158,7,2,850000
Hyundai,Creta,2022,1.5,Diesel,Manual,33144,5,2,480000
Tata,Tiago,2018,1.2,Petrol,AMT,106541,5,2,115000
Skoda,Kushaq,2024,1.0,Petrol,Automatic,24794,5,1,940000
Hyundai,Verna,2017,1.4,Petrol,IVT,73006,5,2,220000
Skoda,Slavia,2026,1.0,Petrol,Manual,2971,5,1,1080000
Tata,Tiago,2020,1.2,Petrol,Manual,38888,5,2,135000
Hyundai,Grand i10 Nios,2018,1.2,Petrol,Manual,163744,5,1,125000
Hyundai,i20,2025,1.0,Petrol,DCT,6709,5,1,490000
Toyota,Innova Crysta,2016,2.4,Diesel,Automatic,220000,7,3,290000
Toyota,Fortuner,2020,2.9,Diesel,Manual,35482,7,3,1920000
Mahindra,XUV700,2026,2.2,Diesel,Automatic,2497,7,1,1170000
Tata,Nexon,2022,1.5,Diesel,AMT,45846,5,2,480000
Volkswagen,Taigun,2019,1.5,Petrol,DCT,66675,5,1,525000
Volvo,XC60,2019,2.0,Petrol Hybrid,Automatic,69340,5,2,2605000
Maruti Suzuki,Baleno,2017,1.2,Petrol,Manual,38578,5,3,170000
Tata,Nexon,2025,1.5,Diesel,Manual,9975,5,1,680000
Hyundai,Creta,2022,1.5,Diesel,Automatic,32307,5,1,630000
Maruti Suzuki,Ertiga,2023,1.5,Petrol,Automatic,47329,7,1,550000
Tata,Punch,2021,1.2,Petrol,AMT,43341,5,1,290000
Audi,Q3,2016,2.0,Petrol,DCT,114166,5,2,1185000
Hyundai,i20,2026,1.2,Petrol,Manual,2161,5,1,545000
Kia,Seltos,2025,1.5,Diesel,Manual,5621,5,1,930000
Kia,Carens,2021,1.5,Petrol,DCT,53004,7,1,650000
Volkswagen,Taigun,2017,1.0,Petrol,Automatic,44984,5,2,420000
Maruti Suzuki,Wagon R,2021,1.2,Petrol,AMT,52180,5,1,190000
Kia,Seltos,2026,1.5,Petrol,IVT,2056,5,1,765000
Maruti Suzuki,Alto K10,2026,1.0,Petrol,AMT,2533,5,1,245000
Hyundai,Venue,2026,1.1,Petrol,Manual,1846,5,1,750000
Honda,City,2023,1.5,Petrol Hybrid,e-CVT,27448,5,2,1315000
Tata,Tiago,2025,1.2,Petrol,Manual,19087,5,1,330000
Tata,Nexon,2020,1.2,Petrol,DCT,92431,5,1,390000
Maruti Suzuki,Alto K10,2025,1.0,Petrol,Manual,11044,5,1,285000
Toyota,Urban Cruiser Hyryder,2023,1.5,Petrol,Manual,37382,5,1,845000
Toyota,Innova Crysta,2024,2.4,Diesel,Automatic,14442,7,1,1325000
Toyota,Urban Cruiser Hyryder,2019,1.4,Petrol Hybrid,e-CVT,93290,5,3,450000
Maruti Suzuki,Swift,2023,1.2,Petrol,Manual,30968,5,2,215000
Toyota,Fortuner,2026,2.8,Diesel,Manual,3163,7,1,2400000
Mahindra,Scorpio N,2021,2.3,Diesel,Automatic,42723,7,1,795000
Volkswagen,Taigun,2024,1.6,Petrol,DCT,32655,5,1,795000
Tata,Safari,2023,2.0,Diesel,Automatic,16438,7,1,1200000
Kia,Seltos,2023,1.5,Petrol,Manual,27968,5,1,765000
BMW,X1,2026,1.5,Petrol,Automatic,1599,5,1,4090000
Hyundai,Verna,2023,1.5,Petrol,DCT,23321,5,2,775000
Hyundai,Venue,2019,1.0,Petrol,Manual,70514,5,2,240000
Volvo,XC60,2021,2.0,Petrol Hybrid,Automatic,60889,5,1,3745000
Maruti Suzuki,Brezza,2026,1.5,Petrol,Automatic,3371,5,1,675000
Skoda,Kushaq,2024,1.6,Petrol,DCT,33637,5,1,805000
Mahindra,Thar,2023,2.0,Petrol,Automatic,32236,4,1,675000
Tata,Tiago,2021,1.2,Petrol,Manual,82051,5,2,150000
Mahindra,XUV300,2017,1.2,Petrol,AMT,62520,5,3,250000
Hyundai,Venue,2026,1.5,Diesel,Manual,2482,5,1,775000
Honda,City,2020,1.5,Petrol,Manual,73927,5,5,435000
Skoda,Slavia,2025,0.9,Petrol,Manual,9478,5,1,1105000
Toyota,Glanza,2022,1.2,Petrol,AMT,50546,5,3,335000
Tata,Punch,2015,1.2,Petrol,Manual,125441,5,1,120000
Honda,City,2024,1.5,Petrol Hybrid,e-CVT,19708,5,1,1395000
Mahindra,XUV300,2025,1.2,Petrol,AMT,13720,5,1,860000
BYD,Atto 3,2023,0.0,EV,Automatic,19968,5,1,2680000
Kia,Seltos,2024,1.5,Diesel,Manual,5423,5,1,980000
Toyota,Innova Crysta,2026,2.4,Diesel,Automatic,2746,7,1,2010000
Mercedes-Benz,A-Class Limousine,2026,1.3,Petrol,DCT,3451,5,1,4470000
Toyota,Urban Cruiser Hyryder,2016,1.5,Petrol Hybrid,e-CVT,220000,5,2,345000
Mercedes-Benz,C-Class,2024,1.5,Petrol,Automatic,19873,5,1,4670000
Hyundai,Creta,2026,1.5,Petrol,Automatic,2701,5,1,1385000
Mahindra,XUV700,2024,2.3,Diesel,Manual,18150,7,1,1395000
Mahindra,Scorpio N,2022,2.2,Diesel,Manual,60102,7,2,835000
Mahindra,XUV700,2017,2.1,Diesel,Manual,83444,7,2,375000
Kia,Carens,2026,1.5,Petrol,DCT,4248,7,1,1445000
Toyota,Glanza,2026,1.2,Petrol,Manual,3537,5,1,530000
Mahindra,XUV300,2021,1.1,Petrol,AMT,37658,5,2,380000
Tata,Altroz,2016,1.2,Petrol,DCT,86282,5,4,160000
Hyundai,i20,2026,1.0,Petrol,Manual,1768,5,1,650000
Honda,Amaze,2024,1.2,Petrol,Manual,9833,5,1,610000
Hyundai,Creta,2024,1.5,Petrol,Manual,24873,5,1,615000
Tata,Tiago,2022,1.2,Petrol,Manual,34102,5,2,285000
Skoda,Kushaq,2026,1.1,Petrol,Automatic,4754,5,1,910000
Hyundai,Creta,2026,1.5,Diesel,Manual,5130,5,1,965000
Maruti Suzuki,Ertiga,2016,1.5,Petrol,Automatic,220000,7,1,110000
Hyundai,i20,2025,1.2,Petrol,Manual,16550,5,1,520000
Kia,Seltos,2025,1.5,Petrol,IVT,9403,5,1,1050000
Skoda,Kushaq,2025,1.0,Petrol,Automatic,10750,5,1,910000
Maruti Suzuki,Ertiga,2022,1.5,Petrol,Manual,30701,7,1,425000
Mahindra,XUV700,2019,2.0,Petrol,Manual,118909,7,1,470000
Tata,Harrier,2016,2.0,Diesel,Automatic,177471,5,2,365000
Hyundai,Venue,2022,1.0,Petrol,DCT,84269,5,2,345000
Hyundai,i20,2024,0.9,Petrol,DCT,16615,5,1,515000
Volvo,XC60,2018,2.0,Petrol Hybrid,Automatic,105334,5,2,2010000
Honda,City,2019,1.5,Petrol,CVT,66284,5,1,475000
Mahindra,XUV700,2026,2.2,Diesel,Manual,1716,7,1,1315000
Kia,Seltos,2023,1.5,Diesel,Manual,65721,5,1,475000
Mahindra,Thar,2025,2.2,Diesel,Automatic,7662,4,1,835000
Volkswagen,Virtus,2016,0.9,Petrol,Automatic,212284,5,2,220000
Tata,Punch,2025,1.1,Petrol,AMT,10178,5,1,560000
BYD,Atto 3,2023,0.0,EV,Automatic,44574,5,2,2440000
Hyundai,Venue,2025,1.5,Diesel,Automatic,7124,5,1,595000
Kia,Sonet,2022,1.0,Petrol,DCT,33733,5,1,450000
Tata,Nexon,2023,1.5,Diesel,Manual,23212,5,2,560000
Toyota,Urban Cruiser Hyryder,2021,1.5,Petrol,Manual,148254,5,2,470000
Honda,City,2021,1.6,Petrol,CVT,28266,5,2,610000
Mercedes-Benz,C-Class,2019,1.5,Petrol,Automatic,162643,5,1,2025000
Toyota,Urban Cruiser Hyryder,2026,1.5,Petrol Hybrid,e-CVT,3188,5,1,1655000
Tata,Punch,2017,1.2,Petrol,AMT,37090,5,1,230000
Hyundai,Creta,2018,1.4,Petrol,DCT,59769,5,2,440000
Kia,Seltos,2026,1.5,Diesel,Manual,2753,5,1,1055000
Tata,Tiago,2026,1.2,Petrol,AMT,1520,5,1,420000
Maruti Suzuki,Alto K10,2020,1.0,Petrol,AMT,110501,5,3,110000
Toyota,Urban Cruiser Hyryder,2022,1.5,Petrol Hybrid,e-CVT,34712,5,1,1090000
Hyundai,i20,2026,1.0,Petrol,Manual,1982,5,1,660000
Mahindra,Thar,2021,2.0,Petrol,Automatic,41435,4,1,700000
Kia,Seltos,2023,1.5,Petrol,IVT,31615,5,1,850000
Hyundai,Grand i10 Nios,2024,1.3,Petrol,Manual,25440,5,1,245000
Mahindra,Thar,2026,2.2,Diesel,Automatic,2247,4,1,1370000
Tata,Altroz,2023,1.2,Petrol,DCT,62707,5,1,320000
Honda,Amaze,2020,1.2,Petrol,Manual,91410,5,2,315000
Hyundai,Grand i10 Nios,2017,1.2,Petrol,AMT,104949,5,3,115000
BMW,5 Series,2017,1.9,Petrol,Automatic,85379,5,2,2335000
Maruti Suzuki,Swift,2024,1.2,Petrol,Manual,10467,5,1,300000
Mahindra,XUV700,2016,2.2,Diesel,Automatic,74995,7,3,485000
Tata,Nexon,2025,1.5,Diesel,Manual,4899,5,1,860000
Honda,City,2024,1.4,Petrol,CVT,18482,5,1,600000
Toyota,Urban Cruiser Hyryder,2022,1.5,Petrol,Manual,78278,5,2,665000
Honda,City,2024,1.5,Petrol Hybrid,e-CVT,17250,5,1,1445000
Hyundai,Creta,2026,1.6,Diesel,Manual,3171,5,1,875000
Hyundai,Creta,2020,1.4,Petrol,Automatic,33570,5,2,585000
Mahindra,XUV700,2016,2.2,Diesel,Automatic,102264,7,2,450000
Maruti Suzuki,Brezza,2018,1.5,Petrol,Automatic,126585,5,1,130000
Toyota,Urban Cruiser Hyryder,2026,1.5,Petrol Hybrid,e-CVT,2567,5,1,1550000
Tata,Altroz,2026,1.2,Petrol,Manual,3381,5,1,685000
Hyundai,Verna,2017,1.5,Petrol,Manual,145434,5,2,305000
Honda,City,2025,1.4,Petrol,Manual,5362,5,1,965000
Mahindra,XUV700,2024,2.1,Diesel,Automatic,29511,7,1,1345000
Mahindra,XUV300,2023,1.2,Petrol,Manual,13390,5,1,450000
Honda,Amaze,2022,1.1,Petrol,CVT,54297,5,2,380000
Mercedes-Benz,GLA,2026,1.4,Petrol,DCT,4123,5,1,4875000
Hyundai,Creta,2024,1.6,Diesel,Automatic,18061,5,1,855000
Tata,Safari,2024,2.0,Diesel,Manual,26703,7,1,1370000
Kia,Seltos,2021,1.5,Diesel,Automatic,45671,5,2,560000
Mahindra,Scorpio N,2023,2.2,Diesel,Automatic,25429,7,1,1115000
Volvo,XC60,2019,1.9,Petrol Hybrid,Automatic,88248,5,2,1920000
Tata,Nexon,2016,1.2,Petrol,Manual,111027,5,5,185000
Toyota,Glanza,2015,1.2,Petrol,AMT,134229,5,4,200000
Maruti Suzuki,Wagon R,2019,1.2,Petrol,AMT,129782,5,1,135000
Honda,City,2015,1.5,Petrol Hybrid,e-CVT,117634,5,5,320000
Hyundai,Verna,2026,1.5,Petrol,DCT,1587,5,1,780000
Hyundai,Venue,2018,1.6,Diesel,Automatic,117504,5,2,270000
Hyundai,Creta,2024,1.5,Petrol,Automatic,13070,5,1,830000
Honda,City,2025,1.5,Petrol Hybrid,e-CVT,11502,5,1,1200000
Tata,Punch,2020,1.2,Petrol,Manual,88126,5,2,195000
Mahindra,XUV300,2020,1.2,Petrol,Manual,53922,5,2,370000
Hyundai,Verna,2026,1.5,Petrol,Manual,1601,5,1,835000
Skoda,Kushaq,2021,0.9,Petrol,Automatic,55601,5,1,650000
Skoda,Kushaq,2026,1.5,Petrol,DCT,1500,5,1,1770000
Honda,Amaze,2026,1.1,Petrol,CVT,1642,5,1,770000
Maruti Suzuki,Alto K10,2025,1.0,Petrol,AMT,13707,5,1,245000
Honda,Amaze,2026,1.2,Petrol,Manual,2934,5,1,765000
Mahindra,XUV700,2024,2.1,Petrol,Manual,34169,7,1,960000
Kia,Seltos,2026,1.5,Petrol,Manual,1970,5,1,1385000
Hyundai,Venue,2024,1.5,Diesel,Automatic,20849,5,1,535000
Tata,Safari,2021,2.0,Diesel,Automatic,37447,7,1,915000
Kia,Carens,2024,1.5,Petrol,Manual,31877,7,1,1000000
Honda,City,2017,1.5,Petrol Hybrid,e-CVT,45921,5,1,600000
Volvo,XC40,2025,2.0,Petrol,Automatic,22673,5,1,4405000
Tata,Punch,2022,1.2,Petrol,AMT,66699,5,1,345000
Hyundai,Creta,2025,1.4,Petrol,DCT,13230,5,1,1120000
Mercedes-Benz,C-Class,2015,1.5,Petrol,Automatic,116286,5,2,1475000
Tata,Harrier,2025,2.1,Diesel,Manual,20582,5,1,1045000
Tata,Safari,2022,2.0,Diesel,Manual,58197,7,2,1015000
Toyota,Glanza,2019,1.2,Petrol,Manual,83227,5,2,280000
Maruti Suzuki,Ertiga,2026,1.4,Petrol,Manual,5701,7,1,660000
Hyundai,i20,2020,1.2,Petrol,Manual,65473,5,2,200000
Tata,Altroz,2021,1.2,Petrol,DCT,94122,5,2,250000
Tata,Altroz,2026,1.2,Petrol,Manual,2107,5,1,650000
Hyundai,Venue,2023,1.5,Diesel,Manual,38766,5,1,440000
Maruti Suzuki,Ertiga,2024,1.5,Petrol,Manual,18629,7,1,580000
Kia,Sonet,2021,0.9,Petrol,DCT,64587,5,1,360000
Toyota,Innova Crysta,2026,2.4,Diesel,Automatic,5185,7,1,1595000
Maruti Suzuki,Alto K10,2025,1.0,Petrol,Manual,7391,5,1,255000
Tata,Harrier,2022,2.0,Diesel,Manual,68274,5,1,760000
Tata,Harrier,2022,2.0,Diesel,Automatic,18054,5,2,1235000
Kia,Carens,2023,1.5,Petrol,DCT,27217,7,1,1065000
Maruti Suzuki,Brezza,2016,1.5,Petrol,Manual,151654,5,2,105000
Maruti Suzuki,Swift,2025,1.2,Petrol,Manual,9455,5,1,320000
Hyundai,i20,2026,1.0,Petrol,Manual,2656,5,1,825000
Hyundai,Venue,2024,1.5,Diesel,Automatic,8997,5,1,860000
Tata,Tiago,2016,1.2,Petrol,Manual,70884,5,2,130000
Maruti Suzuki,Baleno,2021,1.2,Petrol,Manual,50238,5,2,200000
Hyundai,i20,2019,1.3,Petrol,Manual,51861,5,3,175000
Hyundai,i20,2015,1.0,Petrol,DCT,88262,5,3,170000
Kia,Sonet,2022,1.5,Diesel,Automatic,46075,5,1,440000
Hyundai,i20,2018,1.0,Petrol,DCT,93649,5,4,215000
Kia,Seltos,2020,1.4,Petrol,IVT,101295,5,2,475000
Maruti Suzuki,Baleno,2024,1.2,Petrol,Manual,8985,5,1,305000
Mahindra,XUV700,2025,2.2,Diesel,Automatic,10987,7,1,1185000
Toyota,Fortuner,2020,2.8,Diesel,Automatic,65428,7,2,1505000
Skoda,Slavia,2015,1.1,Petrol,Automatic,74648,5,2,270000
Hyundai,Creta,2023,1.5,Petrol,IVT,41882,5,1,745000
Maruti Suzuki,Brezza,2019,1.5,Petrol,Automatic,194808,5,2,190000
Tata,Tiago,2018,1.2,Petrol,Manual,56635,5,1,130000
Hyundai,i20,2024,1.2,Petrol,Manual,37949,5,1,410000
Hyundai,Verna,2016,1.4,Petrol,Manual,76317,5,5,255000
Tata,Safari,2021,2.0,Diesel,Manual,31212,7,2,765000
Tata,Harrier,2021,2.0,Diesel,Manual,46708,5,1,580000
Hyundai,i20,2024,1.3,Petrol,Manual,24850,5,1,350000
Honda,City,2025,1.6,Petrol,Manual,8057,5,1,955000
Maruti Suzuki,Wagon R,2024,1.1,Petrol,Manual,13744,5,1,240000
Maruti Suzuki,Brezza,2015,1.5,Petrol,Automatic,86184,5,4,115000
Hyundai,Venue,2022,1.5,Diesel,Automatic,56158,5,1,430000
Hyundai,Creta,2016,1.5,Petrol,IVT,122807,5,2,275000
Hyundai,Venue,2025,1.4,Diesel,Automatic,16299,5,1,770000
Toyota,Innova Crysta,2026,2.4,Diesel,Manual,3492,7,1,1565000
Mercedes-Benz,GLA,2026,1.3,Petrol,DCT,2035,5,1,5760000
Kia,Carens,2025,1.5,Petrol,DCT,9298,7,1,1210000
Kia,Seltos,2025,1.5,Diesel,Manual,4566,5,1,825000
BMW,X1,2026,1.5,Petrol,Automatic,3067,5,1,6230000
Kia,Sonet,2016,1.0,Petrol,Manual,68580,5,1,225000
Tata,Punch,2020,1.1,Petrol,AMT,116951,5,3,230000
Volkswagen,Virtus,2024,1.0,Petrol,Automatic,19368,5,1,990000
Honda,Amaze,2025,1.2,Petrol,CVT,8756,5,1,690000
Toyota,Urban Cruiser Hyryder,2021,1.4,Petrol,Manual,53590,5,1,530000
Toyota,Innova Crysta,2024,2.4,Diesel,Manual,13988,7,1,1455000
Tata,Nexon,2023,1.2,Petrol,Manual,39046,5,1,475000
Toyota,Innova Crysta,2023,2.5,Diesel,Automatic,28955,7,1,1060000
Maruti Suzuki,Baleno,2023,1.2,Petrol,Manual,21251,5,1,300000
Hyundai,Verna,2019,1.6,Petrol,DCT,52624,5,1,490000
Hyundai,i20,2026,1.2,Petrol,Manual,1754,5,1,575000
Hyundai,Creta,2021,1.5,Petrol,DCT,115414,5,2,605000
Toyota,Urban Cruiser Hyryder,2026,1.6,Petrol Hybrid,e-CVT,3358,5,1,1580000
Hyundai,Grand i10 Nios,2018,1.3,Petrol,Manual,107437,5,2,105000
Toyota,Fortuner,2021,2.8,Diesel,Manual,41581,7,2,1595000
BYD,Atto 3,2022,0.0,EV,Automatic,19257,5,3,1750000
Toyota,Urban Cruiser Hyryder,2017,1.6,Petrol Hybrid,e-CVT,97444,5,2,480000
Honda,City,2015,1.5,Petrol,CVT,168849,5,2,200000
Mahindra,XUV700,2021,2.0,Petrol,Manual,51931,7,2,785000
Kia,Carens,2026,1.5,Petrol,Manual,1675,7,1,1120000
Tata,Tiago,2026,1.2,Petrol,AMT,3263,5,1,470000
Hyundai,Creta,2024,1.6,Diesel,Automatic,19231,5,1,920000
Mahindra,Thar,2024,2.0,Petrol,Manual,14950,4,1,725000
Kia,Sonet,2020,1.4,Diesel,Automatic,44760,5,2,300000
Hyundai,Venue,2015,1.0,Petrol,Manual,84783,5,2,120000
Hyundai,Venue,2021,1.1,Petrol,DCT,22046,5,1,355000
Toyota,Fortuner,2025,2.9,Diesel,Manual,5519,7,1,3030000
Tata,Altroz,2022,1.1,Petrol,Manual,30158,5,1,260000
Kia,Seltos,2022,1.5,Petrol,Manual,60904,5,1,710000
Honda,City,2024,1.5,Petrol Hybrid,e-CVT,15182,5,1,845000
Honda,Amaze,2023,1.2,Petrol,Manual,31885,5,1,325000
Tata,Nexon EV,2023,0.0,EV,Automatic,52225,5,1,885000
Hyundai,i20,2025,1.0,Petrol,Manual,9196,5,1,565000
Hyundai,i20,2017,1.2,Petrol,IVT,50452,5,3,135000
Volkswagen,Virtus,2026,0.9,Petrol,Automatic,1500,5,1,1145000
Hyundai,Venue,2016,1.5,Diesel,Manual,61613,5,1,210000
Maruti Suzuki,Ertiga,2023,1.5,Petrol,Automatic,41550,7,1,445000
Mahindra,XUV700,2021,2.2,Diesel,Manual,27050,7,3,765000
Mahindra,XUV700,2018,2.2,Diesel,Automatic,85435,7,4,380000
Hyundai,i20,2025,1.2,Petrol,Manual,8705,5,1,460000
Maruti Suzuki,Swift,2020,1.2,Petrol,Manual,38103,5,1,200000
Tata,Nexon,2022,1.2,Petrol,AMT,58893,5,1,400000
Hyundai,Verna,2016,1.5,Petrol,Manual,102981,5,1,270000
Hyundai,Verna,2026,1.5,Petrol,IVT,1500,5,1,685000
Tata,Punch,2024,1.1,Petrol,Manual,21785,5,1,500000
Kia,Sonet,2025,1.4,Diesel,Manual,6698,5,1,755000
Maruti Suzuki,Wagon R,2024,1.2,Petrol,AMT,48641,5,1,245000
Toyota,Innova Crysta,2025,2.4,Diesel,Manual,8183,7,1,1650000
Mahindra,Thar,2026,2.2,Diesel,Automatic,3944,4,1,1295000
Volkswagen,Virtus,2023,1.5,Petrol,DCT,46274,5,3,765000
Tata,Harrier,2026,2.0,Diesel,Automatic,1910,5,1,1265000
Maruti Suzuki,Brezza,2016,1.5,Petrol,Manual,146852,5,1,155000
Kia,Sonet,2025,1.1,Petrol,iMT,10292,5,1,775000
Kia,Carens,2022,1.5,Petrol,DCT,76626,7,1,700000
Hyundai,Venue,2026,1.0,Petrol,Manual,1500,5,1,620000
Tata,Nexon,2015,1.5,Diesel,AMT,81237,5,2,195000
Mahindra,Thar,2025,1.9,Petrol,Automatic,10794,4,1,985000
Mahindra,Scorpio N,2015,2.2,Diesel,Automatic,133014,7,1,350000
Hyundai,Creta,2026,1.6,Petrol,Manual,3107,5,1,1000000
Maruti Suzuki,Wagon R,2025,1.2,Petrol,Manual,5219,5,1,375000
Audi,A4,2015,2.0,Petrol,DCT,106720,5,1,1210000
Tata,Altroz,2019,1.3,Petrol,Manual,155757,5,5,110000
Kia,Carens,2017,1.5,Petrol,DCT,121811,7,1,415000
Tata,Nexon,2021,1.2,Petrol,Manual,56646,5,2,365000
Hyundai,i20,2018,1.0,Petrol,DCT,101703,5,2,245000
Toyota,Innova Crysta,2023,2.4,Diesel,Automatic,16131,7,1,1440000
Hyundai,Grand i10 Nios,2024,1.2,Petrol,AMT,30127,5,1,255000
Volkswagen,Taigun,2021,1.5,Petrol,DCT,43406,5,1,800000
Tata,Punch,2026,1.2,Petrol,Manual,2859,5,1,675000
Toyota,Glanza,2026,1.2,Petrol,AMT,1910,5,1,785000
Kia,Sonet,2023,1.0,Petrol,Manual,44286,5,1,325000
Honda,Amaze,2019,1.2,Petrol,CVT,72183,5,3,230000
Tata,Harrier,2025,2.0,Diesel,Automatic,7163,5,1,1185000
Kia,Sonet,2018,1.0,Petrol,DCT,75560,5,1,260000
Hyundai,Venue,2023,1.0,Petrol,Manual,31127,5,1,510000
Kia,Carens,2022,1.5,Petrol,DCT,65536,7,1,805000
Mahindra,XUV300,2017,1.2,Petrol,Manual,67199,5,3,205000
Kia,Seltos,2018,1.5,Diesel,Manual,99420,5,3,275000
Tata,Nexon,2021,1.5,Diesel,Manual,104205,5,1,355000
Hyundai,i20,2017,1.0,Petrol,DCT,57352,5,2,195000
Hyundai,Venue,2025,1.5,Diesel,Automatic,8816,5,1,825000
Skoda,Kushaq,2023,1.4,Petrol,DCT,31768,5,1,860000
Skoda,Kushaq,2026,1.5,Petrol,DCT,1798,5,1,1220000
Hyundai,Verna,2025,1.5,Petrol,Manual,9779,5,1,880000
Hyundai,Verna,2022,1.5,Petrol,IVT,23498,5,1,570000
Honda,Amaze,2025,1.2,Petrol,Manual,15112,5,1,690000
Tata,Nexon,2024,1.2,Petrol,DCT,19146,5,1,675000
Hyundai,i20,2024,1.2,Petrol,Manual,21235,5,1,435000
Hyundai,Venue,2016,0.9,Petrol,DCT,68733,5,1,215000
Tata,Altroz,2015,1.2,Petrol,Manual,124368,5,1,160000
Kia,Seltos,2024,1.5,Diesel,Automatic,15416,5,1,1015000
Tata,Nexon EV,2019,0.0,EV,Automatic,72103,5,2,610000
Kia,Sonet,2025,1.0,Petrol,iMT,10715,5,1,700000
Maruti Suzuki,Wagon R,2022,1.2,Petrol,Manual,65451,5,1,135000
Mahindra,XUV300,2024,1.3,Petrol,AMT,40485,5,1,605000
Hyundai,Creta,2016,1.6,Petrol,IVT,96232,5,2,315000
Tata,Nexon,2022,1.1,Petrol,DCT,68294,5,3,370000
Tata,Altroz,2022,1.2,Petrol,Manual,56507,5,1,310000
Tata,Tiago,2018,1.2,Petrol,Manual,64418,5,1,115000
Hyundai,Creta,2026,1.5,Petrol,Manual,3984,5,1,980000
Hyundai,Verna,2021,1.6,Petrol,Manual,46464,5,2,530000
Honda,Amaze,2026,1.2,Petrol,CVT,1500,5,1,790000
Volkswagen,Virtus,2023,1.0,Petrol,Manual,52148,5,1,655000
Tata,Altroz,2019,1.2,Petrol,Manual,87865,5,1,235000
Mahindra,Thar,2022,2.2,Diesel,Manual,39008,4,1,790000
Hyundai,Creta,2021,1.5,Diesel,Automatic,35216,5,1,540000
Maruti Suzuki,Brezza,2020,1.5,Petrol,Manual,37165,5,2,310000
Toyota,Innova Crysta,2026,2.4,Diesel,Automatic,4578,7,1,1815000
Tata,Safari,2024,2.0,Diesel,Manual,17517,7,1,1210000
Toyota,Urban Cruiser Hyryder,2021,1.5,Petrol,Manual,97912,5,1,540000
Hyundai,Venue,2023,1.5,Diesel,Automatic,26795,5,1,510000
Hyundai,Creta,2025,1.5,Diesel,Automatic,7709,5,1,1105000
Mahindra,XUV700,2018,2.3,Diesel,Manual,51194,7,1,615000
Toyota,Glanza,2024,1.2,Petrol,Manual,18794,5,1,620000
Tata,Safari,2020,2.0,Diesel,Manual,28774,7,2,860000
Kia,Carens,2023,1.5,Petrol,Manual,24636,7,1,1070000
Toyota,Urban Cruiser Hyryder,2022,1.5,Petrol,Automatic,40409,5,2,585000
Hyundai,Verna,2021,1.5,Petrol,Manual,37462,5,1,665000
Tata,Altroz,2025,1.2,Petrol,DCT,24078,5,1,595000
Tata,Altroz,2024,1.3,Petrol,Manual,30022,5,1,425000
Audi,Q3,2026,2.0,Petrol,DCT,4369,5,1,5865000
Maruti Suzuki,Baleno,2024,1.2,Petrol,Manual,13743,5,1,330000
Hyundai,Creta,2016,1.5,Petrol,DCT,93550,5,5,275000
Honda,Amaze,2016,1.3,Petrol,Manual,220000,5,1,200000
Tata,Nexon,2023,1.5,Diesel,Manual,16110,5,1,635000
Toyota,Glanza,2017,1.2,Petrol,AMT,69766,5,3,250000
Mahindra,XUV300,2025,1.1,Petrol,AMT,24146,5,1,840000
Mahindra,XUV300,2023,1.2,Petrol,AMT,37699,5,1,485000
Mahindra,Thar,2024,1.9,Petrol,Automatic,14639,4,1,800000
Maruti Suzuki,Baleno,2023,1.1,Petrol,Manual,87450,5,3,280000
Tata,Tiago,2020,1.2,Petrol,AMT,81239,5,1,185000
Toyota,Innova Crysta,2025,2.4,Diesel,Manual,9934,7,1,1305000
Mahindra,XUV700,2026,2.2,Diesel,Automatic,1500,7,1,2080000
Toyota,Urban Cruiser Hyryder,2021,1.5,Petrol,Manual,61251,5,3,415000
Honda,Amaze,2023,1.3,Petrol,CVT,28987,5,1,365000
Tata,Nexon,2023,1.5,Diesel,AMT,52743,5,1,505000
Mahindra,XUV700,2019,2.1,Diesel,Automatic,114458,7,2,480000
Maruti Suzuki,Wagon R,2026,1.2,Petrol,AMT,1877,5,1,380000
Hyundai,i20,2019,1.0,Petrol,DCT,47219,5,1,335000
Skoda,Slavia,2022,1.0,Petrol,Automatic,41826,5,1,665000
Hyundai,Creta,2026,1.5,Diesel,Automatic,1500,5,1,1200000
Mahindra,XUV700,2026,2.2,Diesel,Manual,2920,7,1,1950000
Toyota,Urban Cruiser Hyryder,2019,1.5,Petrol Hybrid,e-CVT,74281,5,2,605000
Hyundai,Creta,2021,1.5,Petrol,IVT,39705,5,2,490000
Kia,Sonet,2023,1.0,Petrol,DCT,45969,5,1,615000
Toyota,Urban Cruiser Hyryder,2020,1.5,Petrol,Manual,44789,5,1,415000
Tata,Tiago,2015,1.1,Petrol,Manual,83750,5,3,110000
Kia,Sonet,2022,1.5,Diesel,Manual,44067,5,1,620000
Skoda,Kushaq,2022,1.0,Petrol,Automatic,66939,5,1,700000
Hyundai,Creta,2018,1.5,Petrol,IVT,97267,5,2,315000
Volkswagen,Virtus,2026,1.5,Petrol,DCT,1934,5,1,1105000
Maruti Suzuki,Swift,2022,1.2,Petrol,Manual,41059,5,1,200000
Kia,Seltos,2023,1.5,Petrol,Manual,16997,5,1,715000
Hyundai,i20,2026,1.0,Petrol,DCT,4553,5,1,660000
Hyundai,Creta,2021,1.5,Petrol,Manual,60285,5,1,520000
Tata,Nexon,2026,1.1,Petrol,Manual,2768,5,1,610000
Volkswagen,Taigun,2026,1.6,Petrol,DCT,1871,5,1,1230000
Toyota,Urban Cruiser Hyryder,2026,1.5,Petrol Hybrid,e-CVT,2016,5,1,1695000
Tata,Harrier,2017,1.9,Diesel,Manual,68858,5,4,420000
Hyundai,Creta,2026,1.5,Petrol,DCT,1956,5,1,880000
Kia,Carens,2021,1.5,Petrol,Manual,45561,7,2,630000
Hyundai,Verna,2021,1.5,Petrol,IVT,112807,5,2,370000
Volkswagen,Virtus,2020,1.0,Petrol,Manual,48680,5,1,600000
Maruti Suzuki,Swift,2018,1.2,Petrol,AMT,58665,5,4,110000
Hyundai,Venue,2020,1.0,Petrol,Manual,61336,5,3,255000
Kia,Seltos,2022,1.3,Petrol,Manual,71677,5,1,505000
Tata,Altroz,2020,1.2,Petrol,DCT,91826,5,3,200000
Tata,Altroz,2025,1.2,Petrol,DCT,10462,5,1,495000
Hyundai,Creta,2025,1.5,Petrol,Manual,12291,5,1,710000
Maruti Suzuki,Baleno,2022,1.2,Petrol,Manual,48546,5,1,335000
Tata,Altroz,2022,1.2,Petrol,Manual,18975,5,1,410000
Honda,City,2023,1.6,Petrol Hybrid,e-CVT,38867,5,1,935000
Mahindra,XUV300,2021,1.3,Petrol,AMT,69316,5,1,300000
Volvo,XC40,2019,1.9,Petrol,Automatic,34176,5,4,1935000
Maruti Suzuki,Ertiga,2018,1.5,Petrol,Automatic,106436,7,3,185000
Toyota,Innova Crysta,2025,2.3,Diesel,Automatic,9279,7,1,1305000
Toyota,Urban Cruiser Hyryder,2026,1.5,Petrol,Manual,3972,5,1,1140000
Toyota,Urban Cruiser Hyryder,2024,1.5,Petrol,Automatic,24010,5,1,965000
Volkswagen,Virtus,2019,1.0,Petrol,Manual,62899,5,2,315000
Kia,Sonet,2026,1.1,Petrol,Manual,2008,5,1,695000
Kia,Carens,2019,1.5,Petrol,Manual,34966,7,1,720000
Mahindra,Scorpio N,2019,2.1,Diesel,Manual,61775,7,2,510000
Maruti Suzuki,Brezza,2026,1.5,Petrol,Manual,2124,5,1,560000
Honda,City,2025,1.5,Petrol,CVT,10431,5,1,980000
Tata,Safari,2026,2.0,Diesel,Automatic,2754,7,1,1400000
Hyundai,Verna,2022,1.5,Petrol,DCT,28554,5,2,505000
Tata,Altroz,2021,1.2,Petrol,DCT,98595,5,1,320000
Mahindra,Thar,2018,2.2,Diesel,Automatic,56376,4,2,445000
Mahindra,Scorpio N,2026,2.2,Diesel,Manual,1785,7,1,1200000
Hyundai,Verna,2025,1.5,Petrol,Manual,13919,5,1,850000
Honda,City,2024,1.5,Petrol,Manual,11584,5,1,615000
Toyota,Innova Crysta,2020,2.4,Diesel,Automatic,59988,7,2,925000
Honda,City,2015,1.5,Petrol Hybrid,e-CVT,115961,5,5,370000
Maruti Suzuki,Baleno,2022,1.2,Petrol,AMT,64745,5,1,305000
Hyundai,Verna,2021,1.4,Petrol,DCT,22539,5,2,555000
Mahindra,XUV700,2026,2.0,Petrol,Manual,1500,7,1,1155000
Maruti Suzuki,Wagon R,2022,1.1,Petrol,AMT,74795,5,2,170000
Tata,Harrier,2026,2.0,Diesel,Manual,1508,5,1,1835000
Hyundai,Creta,2015,1.5,Petrol,Automatic,91135,5,3,245000
Maruti Suzuki,Brezza,2019,1.5,Petrol,Automatic,40081,5,1,210000
Mahindra,XUV300,2016,1.2,Petrol,Manual,138508,5,4,200000
Kia,Seltos,2023,1.5,Diesel,Automatic,22817,5,2,915000
Tata,Nexon,2024,1.6,Diesel,Manual,15115,5,1,830000
Hyundai,i20,2023,1.2,Petrol,Manual,43059,5,1,380000
Toyota,Glanza,2023,1.2,Petrol,Manual,19952,5,1,425000
Toyota,Glanza,2025,1.2,Petrol,Manual,6452,5,1,540000
Hyundai,Creta,2026,1.5,Petrol,Automatic,2704,5,1,1390000
Hyundai,i20,2020,1.2,Petrol,IVT,81354,5,3,185000
Volkswagen,Virtus,2020,0.9,Petrol,Automatic,65081,5,2,460000
Kia,Seltos,2022,1.5,Diesel,Automatic,21307,5,1,625000
Hyundai,Creta,2026,1.5,Diesel,Manual,1882,5,1,1060000
Kia,Sonet,2024,1.0,Petrol,iMT,6612,5,1,610000
Tata,Nexon EV,2020,0.0,EV,Automatic,92161,5,3,345000
Tata,Altroz,2018,1.1,Petrol,DCT,145419,5,3,175000
Mahindra,Thar,2025,2.0,Petrol,Manual,7704,4,1,925000
Maruti Suzuki,Ertiga,2020,1.4,Petrol,Manual,75593,7,3,350000
Tata,Nexon,2026,1.2,Petrol,AMT,3450,5,1,680000
Mahindra,Scorpio N,2015,2.1,Diesel,Manual,159335,7,3,290000
Kia,Seltos,2024,1.5,Diesel,Automatic,17285,5,1,935000
Tata,Safari,2023,2.0,Diesel,Automatic,17241,7,1,930000
Maruti Suzuki,Wagon R,2026,1.3,Petrol,AMT,1500,5,1,385000
Kia,Seltos,2021,1.5,Diesel,Manual,84963,5,1,525000
Honda,City,2020,1.5,Petrol,CVT,24533,5,1,525000
Mahindra,XUV700,2021,2.2,Diesel,Manual,44038,7,1,720000
Tata,Safari,2021,1.9,Diesel,Manual,80389,7,1,870000
Hyundai,Venue,2024,1.0,Petrol,DCT,49370,5,1,440000
Hyundai,Venue,2025,1.5,Diesel,Manual,9347,5,1,785000
Mahindra,XUV700,2021,2.0,Petrol,Automatic,47251,7,2,795000
Mahindra,XUV700,2025,1.9,Petrol,Automatic,4696,7,1,1580000
Maruti Suzuki,Alto K10,2026,1.0,Petrol,Manual,2276,5,1,285000
Kia,Seltos,2022,1.5,Petrol,IVT,55352,5,2,735000
Maruti Suzuki,Ertiga,2025,1.5,Petrol,Automatic,9883,7,1,510000
Mahindra,Thar,2022,2.2,Diesel,Manual,35451,4,1,935000
Hyundai,Creta,2020,1.4,Diesel,Automatic,58774,5,2,465000
Maruti Suzuki,Swift,2026,1.2,Petrol,Manual,2961,5,1,300000
Toyota,Glanza,2024,1.3,Petrol,Manual,24892,5,1,635000
Honda,Amaze,2025,1.1,Petrol,Manual,17008,5,1,660000
Tata,Nexon EV,2025,0.0,EV,Automatic,6863,5,1,1125000
Honda,Amaze,2018,1.2,Petrol,Manual,76018,5,3,205000
Honda,City,2015,1.5,Petrol,Manual,126397,5,2,225000
Mahindra,Thar,2021,2.2,Diesel,Manual,37462,4,1,770000
Tata,Punch,2024,1.2,Petrol,AMT,28093,5,1,475000
Maruti Suzuki,Wagon R,2023,1.2,Petrol,Manual,37245,5,1,200000
Maruti Suzuki,Swift,2019,1.3,Petrol,Manual,42429,5,1,200000
Volkswagen,Taigun,2023,1.5,Petrol,DCT,23719,5,1,970000
Kia,Seltos,2025,1.5,Diesel,Manual,12204,5,1,800000
Hyundai,i20,2019,1.2,Petrol,IVT,151419,5,2,165000
Toyota,Innova Crysta,2021,2.4,Diesel,Automatic,92968,7,1,745000
Hyundai,i20,2021,1.2,Petrol,Manual,45222,5,1,235000
Mahindra,Thar,2025,2.2,Diesel,Automatic,8746,4,1,1115000
Mahindra,Scorpio N,2023,2.2,Diesel,Automatic,30865,7,1,1015000
Hyundai,Verna,2026,1.5,Petrol,IVT,3873,5,1,745000
Honda,City,2022,1.5,Petrol,CVT,40084,5,1,505000
Hyundai,Creta,2023,1.5,Diesel,Manual,24247,5,2,745000
Tata,Nexon,2021,1.2,Petrol,AMT,58800,5,3,350000
Maruti Suzuki,Swift,2026,1.2,Petrol,AMT,1500,5,1,410000
Skoda,Slavia,2022,1.0,Petrol,Manual,41647,5,1,675000
Toyota,Fortuner,2021,2.9,Diesel,Automatic,202683,7,2,1300000
BMW,X1,2026,1.5,Petrol,Automatic,4772,5,1,4770000
Hyundai,Creta,2022,1.5,Petrol,Manual,49852,5,2,600000
Toyota,Fortuner,2021,2.7,Diesel,Manual,59004,7,2,1480000
Tata,Safari,2026,2.0,Diesel,Automatic,1904,7,1,1845000
Mahindra,XUV700,2017,2.0,Petrol,Automatic,88278,7,3,410000
Hyundai,Creta,2026,1.6,Diesel,Manual,1503,5,1,905000
Kia,Seltos,2024,1.5,Petrol,IVT,12816,5,1,965000
Maruti Suzuki,Swift,2026,1.3,Petrol,AMT,1528,5,1,445000
Skoda,Slavia,2017,0.9,Petrol,Manual,189246,5,5,200000
Tata,Nexon EV,2020,0.0,EV,Automatic,84971,5,1,670000
Mahindra,Scorpio N,2016,2.2,Diesel,Manual,70524,7,2,330000
Toyota,Glanza,2018,1.2,Petrol,Manual,157681,5,2,210000
Maruti Suzuki,Brezza,2020,1.4,Petrol,Automatic,56188,5,2,300000
Maruti Suzuki,Alto K10,2018,1.0,Petrol,AMT,81861,5,5,85000
Maruti Suzuki,Swift,2017,1.2,Petrol,Manual,88627,5,3,115000
Kia,Seltos,2024,1.5,Diesel,Automatic,17707,5,1,1010000
Toyota,Urban Cruiser Hyryder,2017,1.4,Petrol,Manual,75912,5,3,360000
Hyundai,Venue,2024,1.0,Petrol,DCT,14056,5,1,625000
Toyota,Fortuner,2025,2.8,Diesel,Automatic,10677,7,1,2505000
Hyundai,Creta,2016,1.5,Petrol,IVT,188642,5,5,215000
Hyundai,Venue,2026,1.5,Diesel,Automatic,2973,5,1,960000
Skoda,Kushaq,2026,1.0,Petrol,Automatic,3220,5,1,1300000
Toyota,Fortuner,2024,2.8,Diesel,Automatic,24532,7,1,2600000
Toyota,Innova Crysta,2026,2.4,Diesel,Manual,1823,7,1,2005000
Tata,Nexon,2021,1.5,Diesel,Manual,72976,5,3,325000
Volkswagen,Virtus,2025,1.5,Petrol,DCT,9873,5,1,1275000
Honda,City,2021,1.5,Petrol,CVT,41741,5,2,555000
Toyota,Fortuner,2024,2.8,Diesel,Automatic,15621,7,1,1940000
Volkswagen,Virtus,2025,1.5,Petrol,DCT,11574,5,1,1380000
Tata,Nexon EV,2018,0.0,EV,Automatic,71235,5,3,410000
Mahindra,XUV700,2021,2.2,Diesel,Manual,83300,7,1,475000
Maruti Suzuki,Swift,2019,1.2,Petrol,AMT,58941,5,3,105000
Kia,Seltos,2022,1.5,Petrol,IVT,27560,5,1,705000
Tata,Nexon,2018,1.1,Petrol,DCT,47690,5,1,350000
Tata,Tiago,2024,1.2,Petrol,AMT,19949,5,1,310000
Toyota,Innova Crysta,2015,2.4,Diesel,Automatic,158773,7,5,340000
Volkswagen,Virtus,2024,1.5,Petrol,DCT,30638,5,1,1175000
Mahindra,XUV700,2023,2.2,Diesel,Automatic,43795,7,1,1015000
Toyota,Glanza,2022,1.2,Petrol,AMT,25674,5,1,420000
Kia,Sonet,2023,1.5,Diesel,Automatic,49136,5,1,465000
Honda,Amaze,2019,1.1,Petrol,CVT,50346,5,2,300000
Skoda,Slavia,2020,1.0,Petrol,Automatic,66169,5,1,535000
Maruti Suzuki,Wagon R,2019,1.2,Petrol,Manual,74341,5,1,110000
Mahindra,XUV700,2023,2.1,Diesel,Manual,39312,7,1,950000
Hyundai,i20,2023,1.1,Petrol,DCT,34310,5,2,395000
Hyundai,Grand i10 Nios,2020,1.2,Petrol,Manual,115489,5,2,175000
Tata,Nexon EV,2025,0.0,EV,Automatic,20807,5,1,1270000
Hyundai,Creta,2022,1.4,Petrol,Manual,32518,5,1,600000
Hyundai,Verna,2020,1.5,Petrol,IVT,69900,5,2,450000
Mercedes-Benz,GLA,2024,1.3,Petrol,DCT,14363,5,1,4405000
Kia,Sonet,2018,1.0,Petrol,iMT,100513,5,1,310000
Kia,Sonet,2026,1.5,Diesel,Manual,2088,5,1,990000
Tata,Punch,2026,1.2,Petrol,AMT,1824,5,1,670000
Tata,Nexon,2025,1.2,Petrol,DCT,6293,5,1,790000
Mahindra,Thar,2026,2.3,Diesel,Manual,3785,4,1,1145000
Mahindra,XUV700,2020,2.0,Petrol,Manual,34014,7,2,685000
Honda,City,2025,1.5,Petrol,CVT,12734,5,1,980000
Tata,Safari,2024,2.0,Diesel,Automatic,18253,7,1,1365000
Hyundai,Verna,2021,1.5,Petrol,Manual,105224,5,3,425000
Hyundai,Venue,2018,1.0,Petrol,Manual,97144,5,2,275000
Mahindra,XUV700,2025,2.0,Petrol,Automatic,6607,7,1,1385000
Mahindra,Thar,2019,2.0,Petrol,Manual,75394,4,1,510000
Kia,Seltos,2021,1.5,Petrol,Manual,36012,5,1,570000
Hyundai,Verna,2021,1.6,Petrol,Manual,104520,5,4,440000
Honda,City,2025,1.5,Petrol,CVT,16559,5,1,630000
Hyundai,Creta,2019,1.6,Petrol,Manual,61451,5,1,360000
Honda,City,2025,1.5,Petrol Hybrid,e-CVT,6148,5,1,1595000
Tata,Altroz,2021,1.2,Petrol,Manual,29003,5,2,330000
Tata,Safari,2024,2.1,Diesel,Manual,12887,7,1,1415000
Toyota,Fortuner,2026,2.8,Diesel,Manual,2459,7,1,3460000
Skoda,Kushaq,2026,1.0,Petrol,Automatic,1500,5,1,1165000
Kia,Seltos,2026,1.4,Diesel,Manual,4062,5,1,1330000
Kia,Carens,2019,1.4,Petrol,DCT,65792,7,3,450000
Hyundai,Verna,2026,1.5,Petrol,IVT,2158,5,1,650000
Maruti Suzuki,Wagon R,2016,1.2,Petrol,AMT,97845,5,4,110000
Hyundai,Grand i10 Nios,2026,1.2,Petrol,Manual,2729,5,1,390000
Kia,Seltos,2020,1.5,Petrol,IVT,28390,5,1,530000
Toyota,Glanza,2026,1.2,Petrol,Manual,5731,5,1,750000
Mahindra,Thar,2018,2.2,Diesel,Manual,118147,4,2,410000
Mahindra,XUV700,2022,2.0,Petrol,Manual,34908,7,1,985000
Tata,Nexon EV,2026,0.0,EV,Automatic,3571,5,1,1075000
Kia,Seltos,2015,1.5,Diesel,Automatic,110570,5,1,295000
Toyota,Glanza,2023,1.2,Petrol,AMT,39432,5,2,530000
Tata,Nexon,2018,1.2,Petrol,DCT,80613,5,1,345000
Maruti Suzuki,Baleno,2026,1.2,Petrol,Manual,2386,5,1,535000
Hyundai,i20,2017,1.1,Petrol,DCT,162388,5,1,205000
Volkswagen,Taigun,2026,1.0,Petrol,Manual,3429,5,1,1150000
Mahindra,Thar,2019,2.0,Petrol,Manual,31737,4,1,565000
Mahindra,Thar,2018,2.0,Petrol,Automatic,65770,4,2,425000
Tata,Harrier,2019,2.0,Diesel,Automatic,144149,5,2,565000
Maruti Suzuki,Baleno,2017,1.2,Petrol,AMT,80867,5,2,110000
Tata,Punch,2021,1.2,Petrol,AMT,44818,5,1,345000
Maruti Suzuki,Brezza,2025,1.5,Petrol,Manual,3367,5,1,395000
Hyundai,Grand i10 Nios,2017,1.2,Petrol,AMT,55527,5,2,105000
Volkswagen,Taigun,2021,1.5,Petrol,DCT,114072,5,3,490000
Tata,Nexon EV,2016,0.0,EV,Automatic,105968,5,5,265000
Tata,Nexon,2021,1.2,Petrol,DCT,66674,5,1,470000
Tata,Tiago,2026,1.2,Petrol,Manual,2376,5,1,415000
Mahindra,Thar,2025,2.0,Petrol,Automatic,12541,4,1,950000
Toyota,Fortuner,2026,2.8,Diesel,Manual,2094,7,1,3015000
Mahindra,Thar,2024,2.2,Diesel,Manual,11887,4,1,1070000
Tata,Altroz,2023,1.1,Petrol,DCT,22789,5,2,400000
Tata,Nexon EV,2023,0.0,EV,Automatic,24931,5,1,730000
Toyota,Glanza,2020,1.1,Petrol,Manual,52945,5,2,325000
Mahindra,XUV700,2025,2.0,Petrol,Automatic,7169,7,1,1490000
Maruti Suzuki,Alto K10,2022,1.0,Petrol,AMT,59246,5,1,170000
Tata,Nexon,2023,1.4,Diesel,Manual,14333,5,1,610000
Tata,Nexon,2026,1.2,Petrol,DCT,2057,5,1,1015000
Hyundai,i20,2025,1.2,Petrol,IVT,4941,5,1,435000
Kia,Carens,2026,1.5,Petrol,DCT,1500,7,1,1965000
Hyundai,Grand i10 Nios,2025,1.2,Petrol,Manual,6096,5,1,380000
Toyota,Innova Crysta,2024,2.3,Diesel,Automatic,31728,7,1,1120000
Toyota,Urban Cruiser Hyryder,2026,1.5,Petrol Hybrid,e-CVT,3392,5,1,2000000
Mahindra,XUV300,2021,1.2,Petrol,Manual,53127,5,1,405000
Honda,City,2018,1.5,Petrol Hybrid,e-CVT,89230,5,4,480000
Maruti Suzuki,Alto K10,2020,0.9,Petrol,AMT,32306,5,5,165000
Maruti Suzuki,Brezza,2023,1.5,Petrol,Automatic,16093,5,1,430000
Kia,Carens,2024,1.5,Petrol,DCT,15562,7,1,1000000
Tata,Punch,2021,1.1,Petrol,AMT,79126,5,4,215000
Tata,Nexon,2024,1.3,Petrol,DCT,23320,5,1,750000
Kia,Sonet,2017,1.6,Diesel,Automatic,77483,5,1,255000
Maruti Suzuki,Swift,2025,1.3,Petrol,Manual,10415,5,1,315000
Hyundai,Venue,2026,1.5,Diesel,Manual,2865,5,1,795000
Tata,Nexon,2020,1.5,Diesel,Manual,63758,5,1,315000
Toyota,Fortuner,2026,2.8,Diesel,Automatic,2945,7,1,4165000
Hyundai,Creta,2021,1.4,Petrol,Manual,82940,5,1,555000
Tata,Punch,2021,1.2,Petrol,Manual,39572,5,2,245000
Tata,Tiago,2018,1.3,Petrol,Manual,96030,5,1,105000
Tata,Harrier,2026,2.0,Diesel,Manual,1500,5,1,1485000
Toyota,Urban Cruiser Hyryder,2020,1.5,Petrol Hybrid,e-CVT,76804,5,1,910000
Toyota,Fortuner,2024,2.8,Diesel,Manual,13817,7,1,2250000
Kia,Seltos,2025,1.5,Diesel,Automatic,12978,5,1,1140000
Maruti Suzuki,Baleno,2026,1.2,Petrol,Manual,2965,5,1,525000
Toyota,Urban Cruiser Hyryder,2024,1.5,Petrol Hybrid,e-CVT,15066,5,1,1155000
Tata,Harrier,2020,2.0,Diesel,Manual,106639,5,2,510000
Hyundai,i20,2025,1.2,Petrol,IVT,16827,5,1,465000
Toyota,Glanza,2024,1.2,Petrol,AMT,42092,5,1,575000
Toyota,Glanza,2021,1.2,Petrol,Manual,52272,5,1,295000
Toyota,Innova Crysta,2023,2.4,Diesel,Automatic,43807,7,1,1105000
Tata,Tiago,2022,1.1,Petrol,AMT,43802,5,1,215000
Maruti Suzuki,Ertiga,2023,1.5,Petrol,Manual,35207,7,1,375000
Hyundai,Grand i10 Nios,2023,1.2,Petrol,AMT,20531,5,1,245000
Kia,Seltos,2015,1.4,Petrol,Manual,131317,5,5,235000
Mahindra,Thar,2026,2.0,Petrol,Automatic,2371,4,1,1195000
Skoda,Kushaq,2025,1.4,Petrol,DCT,7743,5,1,1470000
Mahindra,Thar,2022,2.2,Diesel,Manual,37755,4,1,805000
Mahindra,Thar,2026,2.0,Petrol,Manual,5127,4,1,1160000
Mahindra,Thar,2019,2.0,Petrol,Manual,42014,4,1,510000
Lexus,ES,2026,2.5,Petrol Hybrid,e-CVT,2080,5,1,6975000
Skoda,Slavia,2022,1.0,Petrol,Automatic,54969,5,1,630000
Hyundai,Venue,2020,1.1,Petrol,DCT,167688,5,1,260000
Hyundai,Creta,2026,1.5,Petrol,Automatic,1611,5,1,1160000
Tata,Tiago,2018,1.2,Petrol,AMT,103395,5,2,120000
Kia,Seltos,2025,1.5,Diesel,Manual,14411,5,1,890000
Hyundai,Venue,2015,1.0,Petrol,DCT,143956,5,1,125000
Toyota,Urban Cruiser Hyryder,2020,1.5,Petrol,Manual,34548,5,5,470000
Tata,Altroz,2019,1.2,Petrol,Manual,39606,5,2,290000
Tata,Punch,2026,1.1,Petrol,Manual,1892,5,1,440000
Tata,Nexon,2025,1.6,Diesel,AMT,16782,5,1,605000
Maruti Suzuki,Wagon R,2026,1.3,Petrol,AMT,4588,5,1,460000
Honda,City,2023,1.6,Petrol,Manual,36762,5,1,770000
Kia,Carens,2022,1.5,Petrol,Manual,72694,7,1,495000
Maruti Suzuki,Swift,2023,1.2,Petrol,Manual,23044,5,1,330000
Kia,Seltos,2025,1.5,Petrol,Manual,5871,5,1,1095000
Volkswagen,Taigun,2022,1.5,Petrol,DCT,41892,5,2,665000
Honda,City,2015,1.6,Petrol Hybrid,e-CVT,94359,5,1,420000
Mahindra,XUV700,2022,2.1,Diesel,Automatic,29435,7,1,920000
Tata,Nexon EV,2018,0.0,EV,Automatic,66227,5,1,415000
Tata,Tiago,2025,1.1,Petrol,AMT,6833,5,1,420000
Toyota,Fortuner,2015,2.8,Diesel,Automatic,69912,7,2,1015000
Audi,Q3,2018,2.0,Petrol,DCT,100035,5,2,1435000
Tata,Nexon,2024,1.4,Diesel,Manual,21847,5,1,640000
Hyundai,Venue,2022,1.0,Petrol,Manual,37198,5,1,455000
Toyota,Urban Cruiser Hyryder,2019,1.5,Petrol,Automatic,68922,5,2,345000
Tata,Safari,2021,2.0,Diesel,Automatic,58447,7,2,735000
Hyundai,Creta,2020,1.5,Petrol,DCT,69355,5,1,610000
Maruti Suzuki,Brezza,2021,1.5,Petrol,Manual,33528,5,1,255000
Toyota,Fortuner,2022,2.9,Diesel,Automatic,34190,7,1,2160000
Tata,Nexon,2024,1.2,Petrol,Manual,14990,5,1,670000
Tata,Nexon EV,2018,0.0,EV,Automatic,164165,5,3,280000
Tata,Altroz,2025,1.1,Petrol,DCT,11108,5,1,500000
Skoda,Kushaq,2026,1.5,Petrol,DCT,2306,5,1,1640000
Mahindra,XUV300,2025,1.2,Petrol,Manual,9566,5,1,500000
Toyota,Glanza,2023,1.2,Petrol,AMT,29974,5,2,435000
Maruti Suzuki,Brezza,2023,1.5,Petrol,Automatic,55435,5,1,395000
Hyundai,Venue,2023,1.0,Petrol,DCT,21215,5,1,485000
Toyota,Urban Cruiser Hyryder,2026,1.5,Petrol Hybrid,e-CVT,3497,5,1,1680000
Honda,Amaze,2025,1.2,Petrol,Manual,6553,5,1,495000
Toyota,Urban Cruiser Hyryder,2026,1.5,Petrol,Automatic,3669,5,1,1090000
Mahindra,Scorpio N,2017,2.2,Diesel,Manual,116654,7,2,380000
Maruti Suzuki,Swift,2026,1.2,Petrol,AMT,1858,5,1,325000
Toyota,Fortuner,2022,2.9,Diesel,Automatic,44739,7,1,2515000
Kia,Seltos,2018,1.5,Diesel,Automatic,127601,5,2,350000
Tata,Nexon EV,2020,0.0,EV,Automatic,38634,5,1,455000
Kia,Sonet,2025,1.5,Diesel,Automatic,10927,5,1,725000
Kia,Sonet,2015,0.9,Petrol,Manual,119430,5,3,200000
Tata,Nexon,2017,1.2,Petrol,AMT,82868,5,1,200000
Mahindra,Scorpio N,2024,2.2,Diesel,Manual,19735,7,1,1240000
BMW,X1,2021,1.5,Petrol,Automatic,24402,5,1,1950000
Maruti Suzuki,Ertiga,2016,1.5,Petrol,Automatic,93904,7,3,135000
Maruti Suzuki,Baleno,2025,1.2,Petrol,Manual,7299,5,1,405000
Hyundai,i20,2021,1.0,Petrol,Manual,46815,5,1,410000
Maruti Suzuki,Baleno,2025,1.2,Petrol,AMT,11218,5,1,450000
BMW,X1,2023,1.5,Petrol,Automatic,25249,5,1,3030000
Mahindra,XUV700,2026,2.2,Diesel,Manual,3421,7,1,1680000
Skoda,Kushaq,2020,1.5,Petrol,DCT,116554,5,1,575000
Kia,Seltos,2023,1.4,Petrol,Manual,48800,5,1,490000
Toyota,Glanza,2024,1.2,Petrol,AMT,9369,5,1,520000
Hyundai,i20,2019,1.1,Petrol,DCT,143374,5,3,185000
Kia,Seltos,2019,1.5,Diesel,Automatic,114023,5,3,420000
Kia,Seltos,2019,1.5,Diesel,Automatic,132323,5,1,485000
Toyota,Innova Crysta,2023,2.4,Diesel,Automatic,54673,7,2,1160000
Mercedes-Benz,C-Class,2024,1.5,Petrol,Automatic,18834,5,1,5985000
Hyundai,Verna,2017,1.5,Petrol,Manual,99890,5,3,250000
Hyundai,Creta,2026,1.5,Diesel,Manual,4757,5,1,765000
Honda,City,2018,1.5,Petrol,CVT,125710,5,1,250000
Mahindra,XUV700,2026,2.2,Diesel,Manual,1954,7,1,1450000
Mahindra,XUV700,2024,2.0,Petrol,Automatic,23127,7,1,1215000
Maruti Suzuki,Swift,2025,1.2,Petrol,AMT,10491,5,1,345000
Honda,Amaze,2018,1.2,Petrol,Manual,138029,5,1,200000
Kia,Sonet,2019,1.0,Petrol,iMT,118449,5,2,275000
Mahindra,XUV700,2025,2.0,Petrol,Manual,9558,7,1,990000
Tata,Tiago,2022,1.3,Petrol,AMT,34954,5,2,220000
Tata,Nexon,2018,1.2,Petrol,Manual,89109,5,3,235000
Hyundai,Creta,2023,1.5,Petrol,DCT,37869,5,1,790000
Maruti Suzuki,Swift,2023,1.3,Petrol,Manual,12140,5,1,300000
BYD,Atto 3,2026,0.0,EV,Automatic,4786,5,1,4065000
Mercedes-Benz,C-Class,2018,1.4,Petrol,Automatic,62768,5,3,2125000
Maruti Suzuki,Baleno,2020,1.2,Petrol,AMT,33641,5,2,175000
BYD,Atto 3,2025,0.0,EV,Automatic,5698,5,1,4180000
Mahindra,Thar,2020,2.2,Diesel,Automatic,23601,4,1,705000
Kia,Sonet,2022,1.5,Diesel,Manual,76518,5,1,485000
Kia,Seltos,2023,1.5,Diesel,Manual,26143,5,2,830000
Kia,Sonet,2020,0.9,Petrol,Manual,47749,5,2,375000
Toyota,Urban Cruiser Hyryder,2026,1.5,Petrol,Manual,2530,5,1,1425000
Kia,Seltos,2018,1.5,Petrol,Manual,142567,5,1,315000
Tata,Punch,2020,1.2,Petrol,Manual,60907,5,3,180000
Maruti Suzuki,Baleno,2021,1.2,Petrol,Manual,45006,5,1,295000
Kia,Seltos,2026,1.5,Petrol,Manual,1809,5,1,980000
Lexus,ES,2024,2.5,Petrol Hybrid,e-CVT,40779,5,1,4795000
Tata,Harrier,2017,2.1,Diesel,Automatic,34297,5,3,405000
Honda,Amaze,2022,1.1,Petrol,CVT,24139,5,1,355000
Maruti Suzuki,Alto K10,2022,1.0,Petrol,Manual,72891,5,1,175000
Toyota,Glanza,2018,1.2,Petrol,AMT,119263,5,2,200000
Toyota,Urban Cruiser Hyryder,2018,1.5,Petrol,Automatic,59603,5,1,460000
Hyundai,i20,2021,1.0,Petrol,DCT,60752,5,1,285000
Toyota,Urban Cruiser Hyryder,2024,1.4,Petrol,Manual,20058,5,1,1035000
Volvo,XC60,2026,2.0,Petrol Hybrid,Automatic,2710,5,1,6435000
Hyundai,i20,2023,1.0,Petrol,Manual,37094,5,1,485000
Maruti Suzuki,Brezza,2021,1.5,Petrol,Automatic,40420,5,1,240000
Tata,Nexon,2023,1.2,Petrol,DCT,72496,5,1,375000
Hyundai,i20,2022,1.0,Petrol,DCT,42107,5,1,335000
Maruti Suzuki,Alto K10,2021,1.0,Petrol,AMT,55506,5,1,165000
Mahindra,Scorpio N,2019,2.2,Diesel,Manual,87686,7,2,435000
Tata,Tiago,2021,1.2,Petrol,AMT,60613,5,1,215000
Tata,Harrier,2019,2.1,Diesel,Automatic,32762,5,1,510000
Hyundai,i20,2021,1.2,Petrol,Manual,38374,5,1,240000
Hyundai,i20,2024,1.0,Petrol,DCT,38422,5,1,580000
Tata,Tiago,2025,1.3,Petrol,Manual,7705,5,1,370000
Toyota,Urban Cruiser Hyryder,2025,1.5,Petrol,Manual,18019,5,1,995000
Maruti Suzuki,Brezza,2025,1.5,Petrol,Automatic,8904,5,1,365000
Kia,Sonet,2026,1.5,Diesel,Manual,3332,5,1,840000
Mahindra,Scorpio N,2025,2.2,Diesel,Automatic,9427,7,1,1175000
Hyundai,Venue,2022,1.5,Diesel,Manual,18677,5,2,375000
Tata,Punch,2025,1.3,Petrol,Manual,11636,5,1,465000
Toyota,Urban Cruiser Hyryder,2016,1.5,Petrol,Automatic,220000,5,3,240000
Hyundai,Verna,2021,1.5,Petrol,IVT,60998,5,2,415000
Toyota,Fortuner,2026,2.8,Diesel,Manual,3475,7,1,3680000
Mahindra,Thar,2021,2.0,Petrol,Automatic,59801,4,1,620000
Maruti Suzuki,Alto K10,2022,1.0,Petrol,Manual,61429,5,2,155000
Tata,Harrier,2020,2.0,Diesel,Automatic,115710,5,1,570000
Mahindra,XUV700,2018,2.0,Petrol,Automatic,73147,7,1,485000
Toyota,Urban Cruiser Hyryder,2022,1.5,Petrol,Manual,39314,5,1,540000
Maruti Suzuki,Alto K10,2026,1.0,Petrol,Manual,2360,5,1,280000
Kia,Carens,2024,1.5,Petrol,Manual,19875,7,1,1255000
Tata,Harrier,2022,2.0,Diesel,Manual,42912,5,1,755000
Hyundai,Venue,2021,1.5,Diesel,Automatic,81469,5,5,240000
Volvo,XC40,2025,1.9,Petrol,Automatic,9241,5,1,3745000
Tata,Nexon EV,2022,0.0,EV,Automatic,33650,5,1,835000
Hyundai,i20,2021,1.0,Petrol,DCT,105737,5,1,220000
Volkswagen,Virtus,2025,1.5,Petrol,DCT,10188,5,1,1235000
Hyundai,Verna,2023,1.6,Petrol,Manual,61147,5,1,845000
Kia,Seltos,2022,1.5,Diesel,Automatic,54331,5,1,590000
Toyota,Urban Cruiser Hyryder,2022,1.5,Petrol,Manual,73182,5,1,440000
Toyota,Urban Cruiser Hyryder,2026,1.5,Petrol Hybrid,e-CVT,2614,5,1,1530000
Kia,Seltos,2019,1.5,Diesel,Manual,72117,5,1,495000
Toyota,Urban Cruiser Hyryder,2022,1.5,Petrol Hybrid,e-CVT,56227,5,1,915000
Maruti Suzuki,Swift,2016,1.2,Petrol,Manual,80229,5,3,100000
Maruti Suzuki,Ertiga,2018,1.5,Petrol,Automatic,113611,7,3,175000
Mahindra,Thar,2025,2.2,Diesel,Automatic,12770,4,1,1000000
Mahindra,Thar,2021,2.0,Petrol,Manual,52938,4,1,615000
Tata,Nexon,2026,1.5,Diesel,AMT,1500,5,1,895000
Tata,Nexon,2019,1.5,Diesel,AMT,74376,5,2,255000
Hyundai,Creta,2020,1.4,Petrol,DCT,62773,5,2,400000
Maruti Suzuki,Alto K10,2026,1.0,Petrol,Manual,2461,5,1,285000
Kia,Seltos,2019,1.5,Petrol,IVT,79603,5,1,435000
Kia,Seltos,2024,1.5,Diesel,Automatic,30838,5,1,820000
Hyundai,Creta,2021,1.5,Petrol,DCT,43257,5,2,720000
Maruti Suzuki,Alto K10,2016,1.0,Petrol,AMT,59698,5,3,65000
Toyota,Fortuner,2024,2.9,Diesel,Manual,23872,7,1,2670000
Maruti Suzuki,Wagon R,2020,1.2,Petrol,Manual,78383,5,3,160000
Tata,Harrier,2024,2.0,Diesel,Manual,19611,5,1,1180000
Honda,City,2024,1.5,Petrol,CVT,9863,5,1,675000
Skoda,Slavia,2026,1.0,Petrol,Manual,2602,5,1,1200000
Hyundai,Venue,2016,0.9,Petrol,DCT,84825,5,2,170000
Skoda,Slavia,2025,1.0,Petrol,Manual,13664,5,1,805000
Tata,Nexon EV,2025,0.0,EV,Automatic,13059,5,1,1360000
Tata,Harrier,2018,2.0,Diesel,Manual,140296,5,3,400000
Hyundai,Venue,2017,1.0,Petrol,Manual,180099,5,3,170000
Kia,Sonet,2025,1.5,Diesel,Automatic,11532,5,1,690000
Hyundai,Verna,2019,1.5,Petrol,IVT,56640,5,5,375000
Tata,Altroz,2025,1.2,Petrol,DCT,15666,5,1,520000
Mahindra,XUV300,2015,1.2,Petrol,Manual,130479,5,3,200000
Hyundai,i20,2023,1.2,Petrol,Manual,54278,5,1,395000
Mahindra,Thar,2026,2.2,Diesel,Automatic,3515,4,1,1085000
Tata,Safari,2021,2.0,Diesel,Automatic,75951,7,1,810000
Toyota,Innova Crysta,2023,2.4,Diesel,Automatic,28676,7,2,1190000
Hyundai,Verna,2022,1.5,Petrol,IVT,73112,5,1,415000
Hyundai,Venue,2026,1.0,Petrol,DCT,2390,5,1,630000
Maruti Suzuki,Wagon R,2026,1.2,Petrol,AMT,3224,5,1,460000
Mahindra,XUV700,2025,2.0,Petrol,Automatic,7339,7,1,1415000
Hyundai,Venue,2018,1.5,Diesel,Automatic,103713,5,1,295000
Hyundai,Creta,2015,1.5,Diesel,Manual,114627,5,3,210000
Tata,Nexon,2017,1.5,Diesel,Manual,220000,5,5,190000
Toyota,Fortuner,2021,2.9,Diesel,Manual,28364,7,1,1890000
Hyundai,Venue,2022,1.0,Petrol,DCT,49527,5,1,360000
Volkswagen,Virtus,2018,1.0,Petrol,Manual,69510,5,1,450000
Kia,Carens,2025,1.5,Petrol,DCT,7685,7,1,955000
Hyundai,i20,2025,1.2,Petrol,IVT,16536,5,1,465000
Toyota,Fortuner,2026,2.8,Diesel,Manual,2930,7,1,3125000
Toyota,Urban Cruiser Hyryder,2026,1.4,Petrol Hybrid,e-CVT,2374,5,1,1985000
Hyundai,Verna,2023,1.5,Petrol,DCT,39131,5,2,600000
Honda,City,2023,1.4,Petrol Hybrid,e-CVT,20498,5,1,1195000
Tata,Punch,2022,1.2,Petrol,Manual,27008,5,1,410000
Tata,Nexon EV,2024,0.0,EV,Automatic,33938,5,1,995000
Hyundai,i20,2024,1.2,Petrol,IVT,29382,5,1,470000
Honda,Amaze,2019,1.2,Petrol,CVT,96054,5,4,255000
Toyota,Urban Cruiser Hyryder,2019,1.5,Petrol Hybrid,e-CVT,122360,5,1,635000
Hyundai,i20,2026,1.0,Petrol,Manual,2276,5,1,595000
Mahindra,Scorpio N,2026,2.2,Diesel,Automatic,2875,7,1,1515000
Hyundai,Verna,2025,1.5,Petrol,IVT,8812,5,1,630000
Toyota,Innova Crysta,2025,2.5,Diesel,Manual,16388,7,1,1175000
Hyundai,Creta,2022,1.6,Diesel,Automatic,74073,5,2,645000
Honda,City,2019,1.5,Petrol,CVT,133927,5,2,335000
Tata,Nexon,2016,1.2,Petrol,Manual,78775,5,5,205000
Mahindra,Scorpio N,2020,2.2,Diesel,Automatic,77019,7,2,640000
Hyundai,Creta,2025,1.5,Diesel,Automatic,20482,5,1,795000
Mahindra,XUV700,2021,2.2,Diesel,Manual,45826,7,1,975000
Skoda,Kushaq,2020,1.5,Petrol,DCT,42745,5,1,720000
Kia,Sonet,2023,1.0,Petrol,DCT,56428,5,2,500000
Audi,Q3,2025,2.0,Petrol,DCT,14655,5,1,5860000
Toyota,Urban Cruiser Hyryder,2024,1.5,Petrol Hybrid,e-CVT,23457,5,1,1160000
Volkswagen,Taigun,2024,1.4,Petrol,DCT,40740,5,1,885000
Maruti Suzuki,Swift,2019,1.1,Petrol,AMT,89898,5,2,110000
Skoda,Slavia,2025,1.1,Petrol,Automatic,13653,5,1,910000
Honda,Amaze,2025,1.2,Petrol,CVT,10978,5,1,465000
Tata,Tiago,2018,1.2,Petrol,Manual,169932,5,2,110000
Hyundai,Creta,2018,1.5,Diesel,Manual,82159,5,3,295000
Hyundai,Grand i10 Nios,2017,1.2,Petrol,AMT,87993,5,2,95000
Hyundai,Creta,2024,1.6,Petrol,Manual,14750,5,1,905000
Hyundai,i20,2020,1.2,Petrol,IVT,70030,5,1,160000
Mahindra,XUV300,2023,1.2,Petrol,AMT,31211,5,1,495000
Tata,Safari,2020,2.0,Diesel,Manual,53559,7,2,815000
Tata,Nexon,2023,1.5,Diesel,Manual,22654,5,2,575000
Toyota,Urban Cruiser Hyryder,2015,1.5,Petrol,Manual,126656,5,4,255000
Maruti Suzuki,Ertiga,2024,1.5,Petrol,Manual,12534,7,1,585000
Kia,Sonet,2021,1.5,Diesel,Manual,55436,5,2,425000
Maruti Suzuki,Ertiga,2020,1.5,Petrol,Manual,60771,7,2,320000
Maruti Suzuki,Ertiga,2024,1.5,Petrol,Manual,33400,7,1,635000
Hyundai,Verna,2017,1.5,Petrol,DCT,50102,5,3,300000
Hyundai,Creta,2023,1.5,Petrol,IVT,27678,5,2,550000
Mahindra,XUV700,2017,2.2,Diesel,Manual,69854,7,5,500000
Toyota,Urban Cruiser Hyryder,2023,1.4,Petrol Hybrid,e-CVT,38264,5,3,1130000
Maruti Suzuki,Baleno,2017,1.2,Petrol,AMT,76775,5,2,155000
Mahindra,Scorpio N,2018,2.2,Diesel,Automatic,106863,7,2,335000
Kia,Sonet,2026,1.5,Diesel,Manual,2859,5,1,930000
Toyota,Urban Cruiser Hyryder,2021,1.6,Petrol,Manual,22434,5,4,520000
Maruti Suzuki,Alto K10,2024,1.0,Petrol,AMT,20041,5,1,250000
Hyundai,i20,2024,1.2,Petrol,IVT,23092,5,1,285000
Hyundai,Creta,2016,1.5,Petrol,Automatic,82234,5,4,305000
Maruti Suzuki,Alto K10,2020,1.1,Petrol,AMT,58109,5,2,100000
Tata,Punch,2019,1.2,Petrol,Manual,52589,5,1,185000
Tata,Punch,2015,1.2,Petrol,AMT,140872,5,2,135000
Toyota,Innova Crysta,2023,2.4,Diesel,Automatic,20363,7,1,1720000
Hyundai,i20,2026,1.1,Petrol,IVT,1972,5,1,580000
Mahindra,XUV700,2026,2.2,Diesel,Manual,2155,7,1,1540000
Mahindra,Thar,2023,2.1,Petrol,Automatic,22688,4,1,965000
Honda,Amaze,2026,1.2,Petrol,CVT,1500,5,1,715000
Hyundai,Creta,2018,1.5,Petrol,Manual,99569,5,4,245000
Tata,Nexon EV,2023,0.0,EV,Automatic,30452,5,1,825000
Toyota,Fortuner,2022,2.8,Diesel,Automatic,55085,7,1,1735000
Hyundai,Grand i10 Nios,2019,1.2,Petrol,Manual,63097,5,2,150000
Kia,Sonet,2024,1.5,Diesel,Manual,14302,5,1,855000
Mahindra,XUV700,2021,2.2,Diesel,Manual,80626,7,2,705000
Kia,Sonet,2023,1.0,Petrol,Manual,27379,5,1,505000
Hyundai,Creta,2021,1.5,Petrol,Automatic,98065,5,1,560000
Maruti Suzuki,Alto K10,2020,1.0,Petrol,Manual,91591,5,2,130000
Tata,Nexon EV,2025,0.0,EV,Automatic,10643,5,1,1220000
Tata,Nexon,2019,1.5,Diesel,AMT,67492,5,4,240000
Tata,Harrier,2026,2.1,Diesel,Manual,2006,5,1,1290000
Toyota,Fortuner,2025,2.8,Diesel,Automatic,10035,7,1,3905000
Tata,Tiago,2025,1.2,Petrol,Manual,9506,5,1,395000
Tata,Nexon,2024,1.2,Petrol,DCT,14332,5,1,695000
Hyundai,Venue,2026,1.5,Diesel,Automatic,3360,5,1,885000
Kia,Carens,2022,1.4,Petrol,Manual,47319,7,1,815000
Tata,Punch,2016,1.3,Petrol,Manual,66701,5,1,130000
Mahindra,XUV300,2020,1.2,Petrol,AMT,84735,5,2,300000
Mahindra,XUV700,2026,2.2,Diesel,Manual,1612,7,1,1495000
Tata,Nexon EV,2020,0.0,EV,Automatic,127732,5,2,500000
Kia,Carens,2022,1.4,Petrol,Manual,42536,7,2,640000
Toyota,Fortuner,2023,2.8,Diesel,Automatic,42825,7,1,1885000
Mahindra,Scorpio N,2026,2.1,Diesel,Automatic,2042,7,1,1455000
Hyundai,Venue,2019,1.5,Diesel,Automatic,220000,5,1,220000
Tata,Altroz,2019,1.2,Petrol,DCT,122619,5,1,190000
Toyota,Urban Cruiser Hyryder,2026,1.5,Petrol Hybrid,e-CVT,3350,5,1,1470000
Mahindra,XUV700,2026,2.1,Diesel,Manual,3524,7,1,1395000
Mahindra,XUV300,2018,1.2,Petrol,Manual,79388,5,3,200000
Maruti Suzuki,Baleno,2022,1.2,Petrol,Manual,45666,5,2,225000
Maruti Suzuki,Baleno,2022,1.2,Petrol,AMT,21148,5,1,315000
Toyota,Urban Cruiser Hyryder,2020,1.5,Petrol,Automatic,67739,5,1,635000
Mahindra,XUV700,2025,1.9,Petrol,Manual,10181,7,1,1190000
Skoda,Kushaq,2024,1.5,Petrol,DCT,28959,5,1,1190000
Kia,Sonet,2025,1.0,Petrol,DCT,22810,5,1,610000
Kia,Sonet,2025,1.5,Diesel,Automatic,5873,5,1,900000
Hyundai,Venue,2025,1.0,Petrol,Manual,8603,5,1,455000
Honda,City,2024,1.5,Petrol Hybrid,e-CVT,31938,5,1,1130000
Tata,Punch,2024,1.2,Petrol,AMT,15905,5,1,395000
Maruti Suzuki,Swift,2021,1.2,Petrol,AMT,110027,5,1,175000
Honda,Amaze,2018,1.2,Petrol,CVT,97361,5,1,270000
Toyota,Innova Crysta,2021,2.4,Diesel,Automatic,72340,7,1,885000
Volvo,XC40,2024,2.0,Petrol,Automatic,24449,5,1,2415000
Kia,Carens,2021,1.5,Petrol,DCT,40960,7,2,500000
Kia,Seltos,2023,1.5,Petrol,Manual,24152,5,1,890000
Hyundai,i20,2015,1.1,Petrol,Manual,63194,5,3,100000
Toyota,Urban Cruiser Hyryder,2018,1.5,Petrol Hybrid,e-CVT,110556,5,3,615000
Toyota,Glanza,2019,1.2,Petrol,AMT,82577,5,1,230000
Hyundai,Creta,2021,1.5,Diesel,Automatic,40581,5,2,645000
Tata,Nexon EV,2018,0.0,EV,Automatic,139358,5,2,380000
Hyundai,Venue,2023,1.6,Diesel,Automatic,41673,5,1,430000
Maruti Suzuki,Brezza,2015,1.5,Petrol,Automatic,97613,5,2,140000
Kia,Seltos,2024,1.5,Petrol,IVT,14304,5,1,955000
Hyundai,Venue,2024,1.0,Petrol,DCT,30393,5,1,320000
Kia,Carens,2019,1.6,Petrol,Manual,47560,7,4,390000
Kia,Carens,2026,1.5,Petrol,Manual,2063,7,1,1180000
Tata,Nexon EV,2023,0.0,EV,Automatic,36050,5,1,1030000
Tata,Nexon,2021,1.2,Petrol,Manual,38323,5,2,375000
Honda,City,2026,1.5,Petrol,Manual,6202,5,1,875000
Hyundai,Verna,2023,1.5,Petrol,IVT,17861,5,1,490000
Tata,Nexon EV,2022,0.0,EV,Automatic,40278,5,1,710000
Maruti Suzuki,Wagon R,2025,1.2,Petrol,Manual,14871,5,1,435000
Toyota,Urban Cruiser Hyryder,2017,1.5,Petrol,Manual,72381,5,2,345000
Honda,City,2025,1.5,Petrol Hybrid,e-CVT,9548,5,1,1310000
Toyota,Urban Cruiser Hyryder,2021,1.5,Petrol,Manual,75360,5,2,615000
Tata,Tiago,2025,1.2,Petrol,Manual,10686,5,1,405000
Honda,City,2025,1.5,Petrol,Manual,7677,5,1,975000
Tata,Nexon EV,2025,0.0,EV,Automatic,16180,5,1,905000
Toyota,Urban Cruiser Hyryder,2022,1.5,Petrol Hybrid,e-CVT,87923,5,2,755000
Hyundai,Creta,2018,1.5,Diesel,Manual,59076,5,1,380000
Mahindra,Scorpio N,2025,2.2,Diesel,Automatic,16964,7,1,1335000
Honda,City,2025,1.5,Petrol,Manual,13078,5,1,735000
Toyota,Glanza,2019,1.2,Petrol,Manual,196272,5,2,200000
Kia,Seltos,2016,1.5,Diesel,Manual,62763,5,1,330000
Kia,Seltos,2020,1.5,Diesel,Automatic,60333,5,1,555000
Hyundai,Creta,2024,1.5,Diesel,Automatic,11313,5,1,895000
Hyundai,Venue,2023,1.5,Diesel,Automatic,24251,5,1,705000
Kia,Carens,2019,1.5,Petrol,Manual,56365,7,1,490000
Kia,Carens,2024,1.5,Petrol,DCT,46866,7,1,950000
Kia,Seltos,2024,1.6,Petrol,IVT,8649,5,1,945000
Tata,Nexon EV,2026,0.0,EV,Automatic,1633,5,1,1555000
Kia,Carens,2022,1.5,Petrol,Manual,49814,7,1,750000
Mahindra,XUV700,2020,2.2,Diesel,Manual,56962,7,1,680000
Hyundai,Creta,2025,1.4,Petrol,Manual,9346,5,1,920000
Tata,Punch,2023,1.1,Petrol,Manual,40778,5,1,380000
Hyundai,i20,2017,1.0,Petrol,Manual,104929,5,1,215000
Mahindra,Thar,2023,2.0,Petrol,Manual,59030,4,1,860000
Tata,Altroz,2025,1.1,Petrol,Manual,20658,5,1,625000
Tata,Nexon EV,2021,0.0,EV,Automatic,53488,5,1,550000
Tata,Tiago,2022,1.2,Petrol,AMT,86415,5,1,225000
Kia,Carens,2023,1.5,Petrol,Manual,54553,7,1,870000
Hyundai,Verna,2026,1.5,Petrol,DCT,1500,5,1,935000
Kia,Carens,2021,1.6,Petrol,DCT,38642,7,1,785000
Mahindra,Thar,2022,2.0,Petrol,Automatic,22053,4,1,860000
Tata,Nexon,2021,1.2,Petrol,AMT,78762,5,2,330000
Toyota,Urban Cruiser Hyryder,2019,1.5,Petrol,Automatic,114268,5,1,505000
Hyundai,i20,2023,0.9,Petrol,DCT,52735,5,1,455000
Toyota,Urban Cruiser Hyryder,2020,1.5,Petrol,Manual,96675,5,2,440000
Tata,Nexon,2019,1.2,Petrol,Manual,59870,5,1,285000
Maruti Suzuki,Swift,2019,1.2,Petrol,AMT,105762,5,1,150000
Tata,Altroz,2022,1.2,Petrol,Manual,39439,5,2,285000
Maruti Suzuki,Wagon R,2019,1.2,Petrol,AMT,160801,5,1,125000
Maruti Suzuki,Alto K10,2018,1.0,Petrol,Manual,66670,5,1,100000
Hyundai,i20,2020,1.0,Petrol,DCT,43001,5,4,300000
Hyundai,Verna,2017,1.4,Petrol,Manual,95586,5,2,300000
Tata,Nexon,2022,1.5,Diesel,Manual,46518,5,1,515000
Honda,Amaze,2024,1.3,Petrol,CVT,22490,5,1,625000
Toyota,Fortuner,2018,2.8,Diesel,Automatic,69861,7,2,1045000
Kia,Sonet,2026,1.5,Diesel,Automatic,2357,5,1,990000
Tata,Nexon EV,2022,0.0,EV,Automatic,23689,5,1,855000
Mahindra,XUV700,2025,2.2,Diesel,Automatic,9647,7,1,1510000
Honda,City,2024,1.5,Petrol,Manual,20053,5,1,755000
Mahindra,Scorpio N,2024,2.2,Diesel,Manual,12348,7,1,1000000
Mahindra,Thar,2022,2.0,Petrol,Automatic,56291,4,2,550000
Hyundai,Venue,2021,1.1,Petrol,DCT,33490,5,2,450000
Honda,City,2020,1.5,Petrol Hybrid,e-CVT,58798,5,1,540000
Maruti Suzuki,Swift,2020,1.2,Petrol,Manual,82026,5,2,175000
Volvo,XC40,2024,2.0,Petrol,Automatic,27681,5,1,3510000
Tata,Tiago,2023,1.2,Petrol,AMT,27663,5,2,230000
Volkswagen,Taigun,2023,1.5,Petrol,DCT,37994,5,1,945000
Tata,Nexon,2023,1.2,Petrol,AMT,26637,5,1,640000
Tata,Nexon,2025,1.5,Diesel,AMT,11883,5,1,605000
Honda,City,2024,1.5,Petrol Hybrid,e-CVT,18255,5,1,995000
Tata,Nexon,2024,1.6,Diesel,Manual,33079,5,1,735000
Toyota,Urban Cruiser Hyryder,2024,1.5,Petrol Hybrid,e-CVT,34498,5,1,1350000
Honda,City,2024,1.5,Petrol Hybrid,e-CVT,31364,5,1,1360000
Toyota,Glanza,2018,1.2,Petrol,Manual,76749,5,1,265000
Tata,Safari,2025,2.1,Diesel,Manual,9326,7,1,1550000
Honda,City,2019,1.5,Petrol Hybrid,e-CVT,54235,5,1,730000
Tata,Nexon,2023,1.4,Diesel,Manual,37400,5,1,630000
Toyota,Urban Cruiser Hyryder,2021,1.5,Petrol,Manual,66462,5,1,630000
BMW,5 Series,2023,2.0,Petrol,Automatic,44482,5,1,5780000
Hyundai,Creta,2020,1.6,Petrol,DCT,83007,5,2,445000
Hyundai,Creta,2025,1.5,Petrol,DCT,11756,5,1,1120000
Maruti Suzuki,Ertiga,2026,1.5,Petrol,Manual,1562,7,1,675000
Hyundai,Verna,2023,1.4,Petrol,Manual,21087,5,1,510000
Honda,City,2026,1.4,Petrol Hybrid,e-CVT,1758,5,1,2135000
Toyota,Urban Cruiser Hyryder,2017,1.5,Petrol Hybrid,e-CVT,60985,5,2,615000
Hyundai,Venue,2023,1.5,Diesel,Automatic,50407,5,1,550000
Hyundai,Creta,2025,1.5,Petrol,Manual,9806,5,1,985000
Maruti Suzuki,Ertiga,2018,1.5,Petrol,Automatic,115488,7,1,170000
Tata,Altroz,2022,1.2,Petrol,DCT,36226,5,1,355000
Toyota,Urban Cruiser Hyryder,2021,1.5,Petrol Hybrid,e-CVT,44589,5,1,825000
Toyota,Urban Cruiser Hyryder,2023,1.5,Petrol,Automatic,30025,5,1,665000
Maruti Suzuki,Wagon R,2025,1.2,Petrol,AMT,8747,5,1,300000
Toyota,Urban Cruiser Hyryder,2023,1.5,Petrol,Manual,26853,5,1,785000
Tata,Nexon EV,2022,0.0,EV,Automatic,24973,5,1,890000
Hyundai,Verna,2025,1.5,Petrol,Manual,12343,5,1,640000
Toyota,Urban Cruiser Hyryder,2023,1.5,Petrol,Manual,41139,5,1,910000
Tata,Altroz,2021,1.2,Petrol,Manual,92959,5,1,280000
Toyota,Urban Cruiser Hyryder,2024,1.5,Petrol,Manual,24436,5,1,765000
Hyundai,Venue,2016,1.1,Petrol,Manual,187428,5,3,135000
Tata,Nexon,2026,1.5,Diesel,AMT,3058,5,1,905000
Kia,Sonet,2019,1.5,Diesel,Manual,123103,5,1,310000
Toyota,Urban Cruiser Hyryder,2022,1.5,Petrol,Manual,87904,5,3,620000
Tata,Safari,2020,1.9,Diesel,Manual,97691,7,1,735000
Hyundai,Venue,2025,1.0,Petrol,DCT,11730,5,1,685000
Mahindra,Thar,2022,2.0,Petrol,Automatic,68373,4,2,610000
Maruti Suzuki,Swift,2023,1.2,Petrol,AMT,23118,5,2,275000
Mahindra,Thar,2026,2.3,Diesel,Manual,4667,4,1,1345000
Skoda,Kushaq,2023,1.0,Petrol,Automatic,37357,5,1,775000
Hyundai,i20,2019,1.1,Petrol,IVT,103534,5,2,195000
Maruti Suzuki,Alto K10,2025,1.0,Petrol,AMT,15921,5,1,235000
Volkswagen,Taigun,2019,1.1,Petrol,Automatic,65635,5,1,420000
Mahindra,Thar,2025,2.2,Diesel,Automatic,13303,4,1,1455000
Tata,Tiago,2023,1.2,Petrol,AMT,20750,5,1,290000
Honda,City,2025,1.5,Petrol,Manual,9331,5,1,1030000
Hyundai,Creta,2022,1.5,Petrol,IVT,53038,5,2,575000
Hyundai,i20,2023,1.2,Petrol,Manual,42430,5,1,205000
Tata,Harrier,2025,2.0,Diesel,Manual,9838,5,1,1240000
Hyundai,Verna,2021,1.5,Petrol,IVT,58773,5,2,420000
Hyundai,Venue,2021,1.4,Diesel,Manual,52313,5,2,315000
Volkswagen,Virtus,2019,1.0,Petrol,Automatic,34757,5,3,540000
Mahindra,XUV700,2024,2.1,Diesel,Automatic,17669,7,1,1545000
Kia,Seltos,2022,1.5,Diesel,Manual,70952,5,1,475000
BYD,Atto 3,2019,0.0,EV,Automatic,73246,5,1,1175000
Mahindra,XUV700,2024,2.0,Petrol,Manual,12350,7,1,920000
Maruti Suzuki,Ertiga,2026,1.4,Petrol,Manual,3618,7,1,715000
Hyundai,Creta,2021,1.5,Petrol,Manual,87340,5,1,435000
Tata,Altroz,2021,1.2,Petrol,DCT,47194,5,1,310000
Maruti Suzuki,Ertiga,2015,1.5,Petrol,Manual,129278,7,3,135000
BMW,X1,2020,1.5,Petrol,Automatic,37567,5,2,2260000
Mahindra,Thar,2020,2.2,Diesel,Automatic,80530,4,3,555000
Tata,Safari,2025,2.0,Diesel,Manual,12598,7,1,1105000
Tata,Altroz,2021,1.2,Petrol,DCT,69374,5,1,300000
Volvo,XC40,2024,2.0,Petrol,Automatic,29070,5,1,3635000
Tata,Nexon EV,2025,0.0,EV,Automatic,12071,5,1,1075000
Hyundai,Venue,2026,1.5,Diesel,Manual,3158,5,1,895000
Maruti Suzuki,Wagon R,2019,1.2,Petrol,Manual,66230,5,2,160000
Mahindra,XUV700,2024,2.2,Diesel,Manual,23719,7,1,1450000
Toyota,Innova Crysta,2022,2.4,Diesel,Manual,38622,7,2,970000
Hyundai,Venue,2025,1.5,Diesel,Automatic,13678,5,1,750000
Kia,Sonet,2018,1.5,Diesel,Manual,70073,5,1,270000
Mahindra,XUV700,2021,2.0,Petrol,Manual,34068,7,2,810000
Hyundai,Creta,2024,1.5,Petrol,DCT,13999,5,1,1105000
Mahindra,XUV700,2023,2.0,Petrol,Automatic,28291,7,2,945000
Tata,Altroz,2022,1.2,Petrol,Manual,30759,5,1,230000
Hyundai,i20,2022,1.0,Petrol,Manual,32325,5,3,470000
Tata,Punch,2018,1.2,Petrol,Manual,128573,5,5,160000
Hyundai,Creta,2019,1.5,Diesel,Automatic,98861,5,1,380000
Mahindra,XUV300,2016,1.2,Petrol,Manual,124243,5,4,200000
Mahindra,Thar,2022,2.0,Petrol,Manual,49873,4,1,535000
Toyota,Innova Crysta,2026,2.4,Diesel,Manual,4466,7,1,1910000
Hyundai,Verna,2018,1.5,Petrol,DCT,55578,5,2,395000
Maruti Suzuki,Swift,2016,1.2,Petrol,AMT,62544,5,3,115000
Tata,Safari,2019,1.9,Diesel,Automatic,70667,7,2,490000
Kia,Sonet,2018,0.9,Petrol,iMT,42610,5,3,240000
Kia,Carens,2021,1.5,Petrol,Manual,38155,7,1,705000
Volkswagen,Taigun,2015,1.5,Petrol,DCT,114400,5,2,295000
Kia,Carens,2026,1.4,Petrol,DCT,3544,7,1,1375000
Mahindra,XUV700,2026,2.0,Petrol,Automatic,3603,7,1,1530000
Maruti Suzuki,Swift,2024,1.2,Petrol,AMT,25400,5,1,280000
Volkswagen,Virtus,2026,1.5,Petrol,DCT,1833,5,1,1570000
Mahindra,Thar,2024,2.0,Petrol,Manual,10868,4,1,850000
Tata,Altroz,2024,1.3,Petrol,DCT,27156,5,1,485000
Mahindra,XUV300,2017,1.2,Petrol,AMT,50591,5,2,300000
Mahindra,Thar,2026,2.0,Petrol,Manual,2737,4,1,1180000
Toyota,Urban Cruiser Hyryder,2023,1.5,Petrol,Automatic,25716,5,1,625000
Mahindra,XUV300,2021,1.2,Petrol,Manual,37912,5,3,370000
Tata,Punch,2022,1.2,Petrol,AMT,32663,5,2,345000
Hyundai,Grand i10 Nios,2025,1.2,Petrol,AMT,11373,5,1,330000
Hyundai,Creta,2021,1.5,Diesel,Automatic,44866,5,1,650000
Mahindra,Thar,2025,2.2,Diesel,Automatic,6041,4,1,1190000
Volkswagen,Virtus,2017,1.0,Petrol,Automatic,150647,5,1,330000
Maruti Suzuki,Swift,2026,1.2,Petrol,AMT,2789,5,1,325000
Maruti Suzuki,Brezza,2022,1.5,Petrol,Manual,23731,5,2,425000
Mahindra,XUV700,2016,2.2,Diesel,Automatic,136741,7,2,395000
Kia,Sonet,2024,1.0,Petrol,iMT,20988,5,1,670000
Hyundai,Creta,2022,1.5,Petrol,IVT,19884,5,1,665000
Toyota,Fortuner,2020,2.8,Diesel,Manual,68253,7,1,1160000
Hyundai,Venue,2026,1.0,Petrol,Manual,2684,5,1,600000
Honda,City,2025,1.5,Petrol,Manual,14237,5,1,1010000
Honda,Amaze,2024,1.1,Petrol,CVT,25933,5,1,485000
Maruti Suzuki,Alto K10,2026,1.1,Petrol,Manual,3495,5,1,345000
Hyundai,Verna,2016,1.5,Petrol,Manual,161719,5,2,155000
Skoda,Kushaq,2020,1.5,Petrol,DCT,28736,5,1,830000
Honda,City,2017,1.5,Petrol,CVT,181592,5,3,200000
Kia,Seltos,2023,1.4,Petrol,Manual,21269,5,1,715000
Kia,Sonet,2024,1.0,Petrol,DCT,16781,5,1,680000
Hyundai,Creta,2026,1.5,Diesel,Automatic,2933,5,1,1255000
Mahindra,XUV300,2016,1.2,Petrol,Manual,220000,5,1,200000
Mahindra,Thar,2025,2.1,Petrol,Manual,7171,4,1,755000
Tata,Altroz,2017,1.2,Petrol,DCT,41965,5,3,185000
Tata,Altroz,2019,1.2,Petrol,DCT,106223,5,1,230000
Mahindra,XUV700,2025,2.2,Diesel,Automatic,10328,7,1,1550000
Maruti Suzuki,Brezza,2025,1.5,Petrol,Automatic,9473,5,1,425000
Hyundai,Venue,2024,1.5,Diesel,Manual,27134,5,1,495000
Maruti Suzuki,Swift,2016,1.2,Petrol,AMT,143757,5,2,95000
Tata,Nexon,2023,1.4,Diesel,AMT,37838,5,1,545000
Tata,Nexon,2022,1.2,Petrol,DCT,45282,5,1,255000
Hyundai,Venue,2026,1.0,Petrol,DCT,7349,5,1,540000
Mahindra,Thar,2024,2.1,Petrol,Manual,32375,4,1,945000
Hyundai,Creta,2022,1.5,Petrol,Manual,33420,5,1,585000
Honda,Amaze,2024,1.2,Petrol,CVT,12912,5,1,485000
Maruti Suzuki,Wagon R,2026,1.2,Petrol,AMT,1500,5,1,325000
Hyundai,Grand i10 Nios,2026,1.3,Petrol,Manual,1955,5,1,495000
Mahindra,XUV300,2025,1.2,Petrol,Manual,10326,5,1,515000
Toyota,Fortuner,2025,2.8,Diesel,Manual,7039,7,1,3120000
Hyundai,Venue,2024,1.0,Petrol,DCT,22786,5,1,375000
Hyundai,Creta,2019,1.5,Diesel,Manual,100411,5,2,325000
Mahindra,Thar,2022,2.2,Diesel,Automatic,27481,4,2,650000
Kia,Sonet,2023,1.0,Petrol,DCT,28782,5,1,450000
Kia,Sonet,2026,1.0,Petrol,Manual,3560,5,1,915000
Toyota,Urban Cruiser Hyryder,2023,1.5,Petrol,Automatic,33093,5,1,710000
Kia,Carens,2026,1.5,Petrol,Manual,1760,7,1,1055000
Kia,Sonet,2026,1.5,Diesel,Manual,1520,5,1,825000
Tata,Punch,2025,1.2,Petrol,AMT,10202,5,1,525000
Toyota,Glanza,2024,1.2,Petrol,Manual,17020,5,1,520000
Maruti Suzuki,Wagon R,2024,1.1,Petrol,AMT,32080,5,1,350000
Honda,City,2022,1.5,Petrol Hybrid,e-CVT,19910,5,1,1025000
Mahindra,XUV700,2026,1.9,Petrol,Manual,1840,7,1,1720000
Honda,City,2025,1.5,Petrol,CVT,10935,5,1,1030000
Maruti Suzuki,Swift,2023,1.1,Petrol,Manual,32005,5,2,220000
Mahindra,XUV300,2017,1.3,Petrol,Manual,90574,5,1,225000
Mahindra,Scorpio N,2023,2.2,Diesel,Manual,24239,7,1,905000
Honda,City,2023,1.6,Petrol Hybrid,e-CVT,30604,5,1,890000
Skoda,Kushaq,2019,1.5,Petrol,DCT,41285,5,1,555000
Kia,Seltos,2023,1.6,Diesel,Manual,20172,5,1,775000
Toyota,Glanza,2024,1.2,Petrol,Manual,15789,5,1,525000
Tata,Safari,2025,2.0,Diesel,Automatic,8376,7,1,1400000
Tata,Altroz,2020,1.2,Petrol,Manual,52071,5,2,210000
Maruti Suzuki,Brezza,2025,1.4,Petrol,Manual,13857,5,1,395000
Hyundai,Grand i10 Nios,2020,1.2,Petrol,AMT,76441,5,2,185000
Volvo,XC40,2023,2.0,Petrol,Automatic,43331,5,1,2435000
Hyundai,i20,2025,1.0,Petrol,Manual,9673,5,1,720000
Toyota,Urban Cruiser Hyryder,2026,1.5,Petrol,Manual,1500,5,1,1190000
Maruti Suzuki,Ertiga,2025,1.4,Petrol,Automatic,9075,7,1,465000
Toyota,Innova Crysta,2022,2.4,Diesel,Automatic,55055,7,1,1135000
Honda,City,2019,1.5,Petrol,CVT,115228,5,1,385000
Tata,Altroz,2023,1.2,Petrol,DCT,34750,5,1,330000
Tata,Tiago,2025,1.2,Petrol,AMT,11914,5,1,255000
Skoda,Slavia,2024,1.0,Petrol,Manual,16015,5,1,830000
Audi,A4,2026,2.0,Petrol,DCT,1718,5,1,5335000
Maruti Suzuki,Wagon R,2026,1.1,Petrol,Manual,3647,5,1,415000
Mahindra,Scorpio N,2022,2.3,Diesel,Automatic,64018,7,3,705000
Hyundai,Venue,2022,1.5,Diesel,Manual,46986,5,1,565000
Toyota,Urban Cruiser Hyryder,2022,1.5,Petrol,Automatic,56824,5,2,650000
Tata,Altroz,2019,1.2,Petrol,DCT,73336,5,2,225000
Volkswagen,Taigun,2022,1.5,Petrol,DCT,37426,5,3,995000
Mahindra,XUV700,2025,2.2,Diesel,Manual,5869,7,1,1260000
Tata,Safari,2019,1.9,Diesel,Automatic,53817,7,1,790000
Tata,Nexon,2025,1.4,Diesel,AMT,7421,5,1,810000
Kia,Seltos,2024,1.5,Diesel,Automatic,15596,5,1,955000
Skoda,Slavia,2022,1.0,Petrol,Automatic,58639,5,1,615000
Volkswagen,Taigun,2024,1.5,Petrol,DCT,20768,5,1,1180000
Maruti Suzuki,Swift,2025,1.1,Petrol,AMT,11137,5,1,215000
Mahindra,Scorpio N,2019,2.2,Diesel,Automatic,66871,7,1,485000
Tata,Nexon EV,2015,0.0,EV,Automatic,148054,5,5,200000
Tata,Altroz,2020,1.2,Petrol,Manual,46437,5,1,255000
Kia,Sonet,2018,1.5,Diesel,Automatic,93768,5,2,235000
Mahindra,XUV700,2020,2.0,Petrol,Automatic,71580,7,4,450000
Hyundai,i20,2025,1.2,Petrol,IVT,10706,5,1,570000
Tata,Punch,2024,1.2,Petrol,AMT,17957,5,1,500000
Maruti Suzuki,Baleno,2017,1.2,Petrol,Manual,56802,5,3,140000
Mahindra,XUV700,2015,2.0,Petrol,Automatic,220000,7,2,200000
Hyundai,Creta,2025,1.5,Petrol,Automatic,13452,5,1,925000
Hyundai,Venue,2017,1.0,Petrol,DCT,72832,5,3,180000
Skoda,Kushaq,2019,1.5,Petrol,DCT,78660,5,4,565000
Hyundai,Creta,2018,1.5,Petrol,Automatic,46020,5,1,525000
Mahindra,XUV700,2022,2.2,Diesel,Manual,56431,7,2,805000
Mahindra,XUV700,2022,2.2,Diesel,Automatic,40595,7,3,740000
Toyota,Innova Crysta,2025,2.3,Diesel,Manual,6950,7,1,1560000
Toyota,Fortuner,2026,2.8,Diesel,Automatic,1826,7,1,4265000
Tata,Punch,2023,1.2,Petrol,AMT,34543,5,1,460000
Mahindra,Thar,2025,2.2,Diesel,Manual,5682,4,1,1155000
Honda,City,2025,1.5,Petrol,CVT,10229,5,1,870000
Skoda,Kushaq,2025,1.5,Petrol,DCT,13215,5,1,1575000
Maruti Suzuki,Ertiga,2021,1.6,Petrol,Manual,37145,7,2,390000
BMW,3 Series,2022,2.0,Petrol,Automatic,52180,5,2,2575000
Mahindra,Thar,2024,2.0,Petrol,Automatic,25728,4,1,980000
Mahindra,XUV700,2022,2.2,Diesel,Automatic,71983,7,2,815000
Maruti Suzuki,Ertiga,2021,1.5,Petrol,Automatic,73104,7,1,345000
Hyundai,Creta,2015,1.5,Petrol,IVT,113961,5,3,235000
Toyota,Glanza,2024,1.2,Petrol,Manual,34598,5,1,520000
Kia,Seltos,2020,1.4,Diesel,Manual,145913,5,3,480000
Honda,Amaze,2025,1.2,Petrol,CVT,8195,5,1,760000
Kia,Seltos,2021,1.5,Petrol,Manual,79707,5,1,635000
Honda,City,2019,1.5,Petrol,Manual,96824,5,2,300000
Honda,Amaze,2020,1.2,Petrol,CVT,68876,5,3,270000
Volkswagen,Virtus,2026,1.0,Petrol,Manual,1917,5,1,975000
Kia,Seltos,2026,1.6,Petrol,Manual,1995,5,1,1170000
Hyundai,Creta,2016,1.5,Petrol,Automatic,89840,5,3,350000
Maruti Suzuki,Swift,2018,1.2,Petrol,AMT,60935,5,2,160000
Hyundai,Grand i10 Nios,2025,1.2,Petrol,Manual,11157,5,1,345000
Toyota,Glanza,2024,1.1,Petrol,AMT,41974,5,1,465000
Hyundai,Verna,2021,1.5,Petrol,Manual,64765,5,1,570000
Honda,Amaze,2025,1.2,Petrol,Manual,13668,5,1,435000
Kia,Carens,2023,1.5,Petrol,Manual,51576,7,1,855000
Kia,Seltos,2016,1.5,Petrol,IVT,186676,5,2,200000
Maruti Suzuki,Swift,2025,1.2,Petrol,AMT,7681,5,1,335000
Honda,City,2023,1.5,Petrol,CVT,50012,5,1,820000
Kia,Seltos,2023,1.5,Petrol,IVT,35816,5,2,580000
Toyota,Urban Cruiser Hyryder,2022,1.5,Petrol,Manual,47626,5,1,795000
Hyundai,Verna,2017,1.6,Petrol,IVT,111214,5,2,195000
Hyundai,Creta,2025,1.5,Diesel,Manual,15384,5,1,815000
Maruti Suzuki,Alto K10,2018,1.0,Petrol,Manual,67639,5,1,110000
Toyota,Urban Cruiser Hyryder,2016,1.5,Petrol Hybrid,e-CVT,58414,5,5,550000
Maruti Suzuki,Brezza,2020,1.5,Petrol,Automatic,22603,5,2,350000
BMW,X1,2021,1.4,Petrol,Automatic,31606,5,2,2670000
Maruti Suzuki,Wagon R,2022,1.1,Petrol,Manual,78378,5,2,140000
Kia,Sonet,2023,1.5,Diesel,Automatic,20117,5,1,710000
Hyundai,Grand i10 Nios,2026,1.2,Petrol,Manual,2942,5,1,300000
Tata,Harrier,2024,2.0,Diesel,Manual,19212,5,1,1250000
Tata,Tiago,2024,1.2,Petrol,AMT,20031,5,1,350000
Toyota,Urban Cruiser Hyryder,2024,1.5,Petrol,Manual,29879,5,1,945000
Kia,Sonet,2018,1.5,Diesel,Manual,126401,5,2,225000
Kia,Seltos,2023,1.5,Petrol,Manual,18127,5,1,705000
Toyota,Fortuner,2025,2.8,Diesel,Manual,10174,7,1,4055000
Hyundai,Venue,2023,1.0,Petrol,Manual,47891,5,1,420000
Toyota,Fortuner,2022,2.8,Diesel,Manual,67193,7,1,2180000
Honda,City,2022,1.5,Petrol Hybrid,e-CVT,36222,5,1,1035000
Toyota,Fortuner,2025,2.8,Diesel,Manual,15214,7,1,3195000
Toyota,Fortuner,2026,2.8,Diesel,Automatic,4487,7,1,3165000
Maruti Suzuki,Baleno,2024,1.2,Petrol,AMT,14216,5,1,340000
Mahindra,Scorpio N,2021,2.2,Diesel,Automatic,71991,7,1,675000
Kia,Sonet,2021,1.5,Diesel,Manual,57706,5,2,440000
Tata,Altroz,2018,1.2,Petrol,Manual,97070,5,1,160000
Hyundai,i20,2026,1.2,Petrol,IVT,2399,5,1,365000
Kia,Seltos,2017,1.5,Petrol,IVT,106642,5,1,250000
Volvo,XC40,2016,2.1,Petrol,Automatic,72789,5,2,1540000
Mahindra,Scorpio N,2023,2.2,Diesel,Manual,15722,7,2,825000
Kia,Sonet,2020,1.4,Diesel,Automatic,44820,5,3,370000
Hyundai,Venue,2026,1.0,Petrol,Manual,1500,5,1,800000
Hyundai,i20,2019,1.2,Petrol,IVT,53645,5,1,160000
Mahindra,Thar,2025,2.0,Petrol,Automatic,13549,4,1,1190000
Maruti Suzuki,Alto K10,2015,1.0,Petrol,Manual,199210,5,5,65000
Honda,City,2016,1.5,Petrol,Manual,84228,5,3,235000
Toyota,Urban Cruiser Hyryder,2023,1.5,Petrol Hybrid,e-CVT,23972,5,1,1305000
Maruti Suzuki,Wagon R,2022,1.2,Petrol,Manual,33803,5,1,230000
Toyota,Glanza,2017,1.2,Petrol,AMT,109548,5,2,200000
Mahindra,Thar,2022,2.2,Diesel,Automatic,25813,4,2,690000
Maruti Suzuki,Alto K10,2018,1.0,Petrol,Manual,94430,5,4,80000
Maruti Suzuki,Wagon R,2023,1.2,Petrol,Manual,26183,5,1,285000
Tata,Harrier,2017,2.0,Diesel,Automatic,81765,5,2,475000
Tata,Harrier,2024,2.1,Diesel,Manual,29290,5,1,1240000
Mahindra,XUV700,2024,2.0,Petrol,Automatic,25645,7,1,960000
Maruti Suzuki,Brezza,2019,1.4,Petrol,Manual,41511,5,1,215000
Tata,Altroz,2026,1.2,Petrol,DCT,1714,5,1,600000
Toyota,Urban Cruiser Hyryder,2026,1.4,Petrol,Automatic,2045,5,1,1305000
Toyota,Urban Cruiser Hyryder,2024,1.5,Petrol Hybrid,e-CVT,14588,5,1,1420000
Honda,City,2026,1.5,Petrol,CVT,1623,5,1,820000
Honda,City,2026,1.5,Petrol Hybrid,e-CVT,2583,5,1,1635000
Audi,A4,2025,2.1,Petrol,DCT,7648,5,1,4840000
Kia,Seltos,2022,1.5,Petrol,Manual,43072,5,2,605000
Mahindra,Thar,2020,2.0,Petrol,Automatic,82769,4,1,375000
Honda,City,2026,1.6,Petrol,CVT,3042,5,1,1110000
Kia,Carens,2019,1.4,Petrol,DCT,58860,7,3,480000
Hyundai,Venue,2022,1.5,Diesel,Automatic,34951,5,1,370000
Mahindra,Thar,2019,2.2,Diesel,Automatic,56631,4,2,405000
Skoda,Kushaq,2026,1.0,Petrol,Automatic,2101,5,1,1175000
Mahindra,XUV700,2018,2.0,Petrol,Manual,72175,7,4,550000
Mahindra,XUV700,2020,2.0,Petrol,Automatic,30091,7,2,725000
Hyundai,Venue,2023,1.0,Petrol,Manual,18404,5,1,500000
Hyundai,i20,2025,1.1,Petrol,Manual,12891,5,1,715000
Honda,City,2021,1.5,Petrol,Manual,59394,5,2,350000
Volkswagen,Taigun,2023,1.0,Petrol,Manual,21232,5,1,825000
Hyundai,Grand i10 Nios,2024,1.2,Petrol,AMT,44216,5,1,270000
Maruti Suzuki,Baleno,2020,1.1,Petrol,AMT,75491,5,2,205000
Toyota,Innova Crysta,2019,2.4,Diesel,Manual,63337,7,3,855000
Tata,Harrier,2022,2.0,Diesel,Manual,22332,5,2,670000
Maruti Suzuki,Ertiga,2025,1.5,Petrol,Manual,6177,7,1,710000
Kia,Seltos,2022,1.5,Diesel,Manual,88797,5,1,550000
Hyundai,i20,2023,1.2,Petrol,Manual,41305,5,1,340000
Kia,Seltos,2023,1.5,Diesel,Manual,51435,5,1,870000
Tata,Nexon EV,2026,0.0,EV,Automatic,3561,5,1,1325000
Kia,Carens,2023,1.5,Petrol,DCT,26512,7,1,1025000
Volkswagen,Taigun,2024,1.5,Petrol,DCT,28609,5,1,1195000
Mahindra,Thar,2026,2.0,Petrol,Automatic,2596,4,1,1025000
Hyundai,Verna,2020,1.5,Petrol,Manual,57649,5,1,455000
Volkswagen,Taigun,2020,1.0,Petrol,Automatic,55491,5,1,525000
Toyota,Urban Cruiser Hyryder,2023,1.4,Petrol,Automatic,24642,5,1,765000
Mercedes-Benz,C-Class,2025,1.5,Petrol,Automatic,7442,5,1,4505000
Hyundai,Verna,2026,1.5,Petrol,Manual,1500,5,1,855000
Tata,Nexon,2018,1.2,Petrol,Manual,76072,5,2,270000
Maruti Suzuki,Alto K10,2023,1.0,Petrol,Manual,41317,5,1,160000
Kia,Seltos,2025,1.4,Petrol,Manual,7530,5,1,900000
Mahindra,XUV300,2022,1.2,Petrol,AMT,26315,5,2,505000
Honda,Amaze,2018,1.2,Petrol,CVT,114419,5,1,200000
Tata,Harrier,2016,1.9,Diesel,Automatic,137551,5,3,240000
Honda,City,2016,1.5,Petrol Hybrid,e-CVT,171629,5,4,290000
Hyundai,Venue,2020,1.5,Diesel,Automatic,63104,5,3,310000
Kia,Seltos,2019,1.5,Petrol,IVT,102289,5,4,320000
Mahindra,Thar,2021,2.1,Diesel,Manual,112390,4,1,650000
Hyundai,Venue,2026,1.0,Petrol,Manual,3993,5,1,805000
Maruti Suzuki,Ertiga,2016,1.5,Petrol,Manual,73942,7,2,210000
Honda,Amaze,2026,1.2,Petrol,Manual,3112,5,1,680000
Tata,Nexon,2021,1.2,Petrol,DCT,65628,5,1,380000
Tata,Nexon,2026,1.5,Diesel,AMT,4396,5,1,675000
Skoda,Kushaq,2025,1.4,Petrol,DCT,5409,5,1,1240000
Hyundai,Verna,2024,1.5,Petrol,DCT,19755,5,1,770000
Hyundai,Verna,2024,1.6,Petrol,DCT,14623,5,1,835000
Honda,Amaze,2015,1.2,Petrol,Manual,118670,5,2,200000
Maruti Suzuki,Wagon R,2020,1.1,Petrol,AMT,59706,5,3,180000
Hyundai,Verna,2021,1.5,Petrol,DCT,37000,5,2,510000
Kia,Sonet,2026,1.0,Petrol,Manual,2110,5,1,820000
Kia,Seltos,2025,1.5,Diesel,Manual,8686,5,1,960000
Maruti Suzuki,Alto K10,2024,1.0,Petrol,AMT,12990,5,1,210000
Toyota,Urban Cruiser Hyryder,2017,1.5,Petrol,Automatic,122551,5,2,370000
Maruti Suzuki,Brezza,2026,1.5,Petrol,Manual,1500,5,1,450000
Hyundai,Verna,2022,1.4,Petrol,IVT,55156,5,1,500000
Mahindra,XUV300,2022,1.2,Petrol,AMT,28587,5,1,445000
Skoda,Kushaq,2024,1.5,Petrol,DCT,24521,5,1,1155000
Volkswagen,Taigun,2016,1.0,Petrol,Automatic,155490,5,2,260000
Volkswagen,Virtus,2018,1.0,Petrol,Automatic,100575,5,1,225000
Toyota,Urban Cruiser Hyryder,2015,1.5,Petrol Hybrid,e-CVT,53588,5,1,540000
Mahindra,XUV700,2026,1.9,Petrol,Automatic,3240,7,1,995000
Kia,Seltos,2015,1.6,Diesel,Manual,104640,5,2,280000
Hyundai,Creta,2024,1.5,Petrol,IVT,36193,5,1,755000
Toyota,Urban Cruiser Hyryder,2026,1.5,Petrol Hybrid,e-CVT,4545,5,1,1820000
Kia,Seltos,2024,1.5,Diesel,Manual,20417,5,1,805000
Kia,Seltos,2021,1.4,Diesel,Automatic,21346,5,1,575000
Skoda,Slavia,2020,1.0,Petrol,Manual,66368,5,1,430000
Tata,Nexon,2024,1.4,Diesel,AMT,16589,5,1,605000
Mahindra,XUV700,2023,2.0,Petrol,Manual,30839,7,1,930000
Maruti Suzuki,Brezza,2022,1.4,Petrol,Automatic,43188,5,1,325000
Kia,Seltos,2026,1.5,Petrol,Manual,4262,5,1,750000
Maruti Suzuki,Ertiga,2018,1.5,Petrol,Automatic,53140,7,3,265000
Toyota,Glanza,2020,1.1,Petrol,Manual,94902,5,3,200000
Maruti Suzuki,Wagon R,2024,1.3,Petrol,AMT,18266,5,1,325000
Lexus,ES,2025,2.5,Petrol Hybrid,e-CVT,11799,5,1,7890000
Tata,Safari,2020,2.0,Diesel,Automatic,89870,7,2,530000
Mahindra,Scorpio N,2022,2.2,Diesel,Automatic,61696,7,3,475000
Tata,Tiago,2020,1.2,Petrol,AMT,102085,5,2,185000
Mahindra,Thar,2025,2.0,Petrol,Automatic,7505,4,1,1250000
Toyota,Urban Cruiser Hyryder,2024,1.5,Petrol,Automatic,23290,5,1,915000
Hyundai,i20,2023,1.0,Petrol,Manual,40359,5,1,325000
Mahindra,XUV300,2026,1.2,Petrol,Manual,4032,5,1,475000
Mahindra,XUV700,2020,2.0,Petrol,Manual,90457,7,2,500000
Kia,Carens,2019,1.5,Petrol,Manual,61755,7,2,550000
Hyundai,Venue,2019,1.0,Petrol,Manual,30037,5,1,305000
Kia,Sonet,2020,1.0,Petrol,Manual,73589,5,1,370000
Toyota,Glanza,2026,1.2,Petrol,AMT,1500,5,1,825000
Mahindra,XUV300,2020,1.3,Petrol,Manual,63446,5,1,385000
Mahindra,Thar,2021,2.0,Petrol,Manual,66085,4,1,690000
Hyundai,i20,2026,1.1,Petrol,Manual,2576,5,1,455000
Hyundai,Creta,2025,1.5,Petrol,IVT,9214,5,1,755000
Hyundai,i20,2021,1.1,Petrol,Manual,42210,5,1,300000
Toyota,Fortuner,2018,2.8,Diesel,Manual,130318,7,2,1025000
Maruti Suzuki,Alto K10,2022,1.0,Petrol,AMT,57111,5,2,140000
Tata,Nexon,2023,1.5,Diesel,AMT,59307,5,1,460000
Mahindra,Scorpio N,2019,2.2,Diesel,Automatic,78860,7,1,420000
Maruti Suzuki,Alto K10,2015,1.1,Petrol,AMT,141849,5,3,65000
Maruti Suzuki,Swift,2020,1.1,Petrol,AMT,123343,5,2,130000
Maruti Suzuki,Baleno,2021,1.3,Petrol,AMT,55641,5,2,200000
Hyundai,Creta,2026,1.6,Petrol,IVT,3959,5,1,930000
Maruti Suzuki,Swift,2024,1.2,Petrol,Manual,26477,5,1,265000
Kia,Sonet,2022,1.5,Diesel,Automatic,47414,5,1,515000
Toyota,Fortuner,2021,2.8,Diesel,Automatic,38622,7,2,2020000
Hyundai,Grand i10 Nios,2026,1.2,Petrol,Manual,1856,5,1,445000
Maruti Suzuki,Alto K10,2017,1.0,Petrol,Manual,73980,5,1,110000
Kia,Seltos,2024,1.4,Diesel,Manual,17008,5,1,830000
Kia,Seltos,2017,1.5,Petrol,Manual,82159,5,3,335000
Hyundai,Venue,2016,1.1,Petrol,DCT,94627,5,2,155000
Mahindra,Thar,2019,2.3,Diesel,Manual,99427,4,2,555000
Tata,Nexon EV,2024,0.0,EV,Automatic,7911,5,1,1085000
Tata,Safari,2024,1.9,Diesel,Automatic,13677,7,1,1400000
Tata,Punch,2015,1.2,Petrol,Manual,101142,5,5,145000
Honda,Amaze,2016,1.3,Petrol,CVT,86508,5,4,200000
Hyundai,Creta,2021,1.5,Petrol,Automatic,55198,5,1,595000
Toyota,Glanza,2022,1.2,Petrol,AMT,21408,5,1,455000
Tata,Safari,2025,2.0,Diesel,Automatic,16341,7,1,1270000
Tata,Safari,2026,2.0,Diesel,Manual,1758,7,1,1770000
Hyundai,Grand i10 Nios,2025,1.2,Petrol,Manual,6792,5,1,345000
Hyundai,Creta,2023,1.5,Diesel,Manual,26334,5,1,635000
Mahindra,Thar,2024,2.0,Petrol,Automatic,14663,4,1,715000
Kia,Seltos,2021,1.5,Petrol,Manual,56729,5,2,470000
Tata,Punch,2020,1.2,Petrol,AMT,88818,5,2,210000
Tata,Harrier,2026,2.0,Diesel,Automatic,1759,5,1,1545000
BYD,Atto 3,2024,0.0,EV,Automatic,30002,5,1,2300000
Hyundai,Venue,2018,1.4,Diesel,Manual,127419,5,4,210000
Kia,Sonet,2020,1.5,Diesel,Manual,61036,5,1,475000
Hyundai,Venue,2018,1.5,Diesel,Manual,83342,5,4,240000
Toyota,Glanza,2026,1.1,Petrol,AMT,2303,5,1,750000
Toyota,Glanza,2024,1.2,Petrol,Manual,25251,5,1,480000
Tata,Safari,2016,2.0,Diesel,Manual,81438,7,1,535000
Toyota,Urban Cruiser Hyryder,2021,1.5,Petrol Hybrid,e-CVT,79401,5,2,645000
Hyundai,Creta,2023,1.4,Petrol,IVT,31732,5,2,530000
Kia,Sonet,2018,1.0,Petrol,DCT,48016,5,3,220000
Mahindra,XUV700,2024,2.2,Diesel,Automatic,9874,7,1,1235000
Hyundai,Venue,2026,1.6,Diesel,Automatic,2207,5,1,820000
Maruti Suzuki,Baleno,2022,1.1,Petrol,AMT,81581,5,1,200000
Skoda,Kushaq,2024,1.5,Petrol,DCT,22558,5,1,915000
BMW,5 Series,2026,1.9,Petrol,Automatic,2349,5,1,7765000
Tata,Nexon EV,2024,0.0,EV,Automatic,32817,5,1,1035000
Hyundai,Venue,2025,1.0,Petrol,DCT,8251,5,1,455000
Toyota,Urban Cruiser Hyryder,2018,1.5,Petrol,Manual,198349,5,1,265000
BMW,X1,2023,1.5,Petrol,Automatic,30944,5,2,2515000
Mahindra,XUV700,2024,2.2,Diesel,Automatic,29932,7,1,970000
Mahindra,Thar,2016,2.0,Petrol,Automatic,86049,4,1,330000
Toyota,Innova Crysta,2018,2.4,Diesel,Manual,81954,7,3,570000
Mahindra,Thar,2020,2.2,Diesel,Automatic,85368,4,1,510000
Kia,Sonet,2025,1.0,Petrol,iMT,10764,5,1,650000
Mahindra,Thar,2019,2.0,Petrol,Automatic,47367,4,2,625000
Audi,Q3,2025,2.1,Petrol,DCT,4407,5,1,5960000
Mercedes-Benz,A-Class Limousine,2025,1.3,Petrol,DCT,15882,5,1,3555000
Maruti Suzuki,Brezza,2024,1.5,Petrol,Automatic,22600,5,1,485000
Tata,Safari,2026,2.0,Diesel,Automatic,4200,7,1,1335000
Mahindra,XUV300,2024,1.2,Petrol,Manual,28070,5,1,555000
Maruti Suzuki,Brezza,2021,1.6,Petrol,Manual,44416,5,1,335000
Kia,Sonet,2023,1.1,Petrol,iMT,61007,5,1,515000
Hyundai,Venue,2025,1.4,Diesel,Manual,9049,5,1,735000
Maruti Suzuki,Wagon R,2018,1.2,Petrol,AMT,132344,5,1,120000
Maruti Suzuki,Alto K10,2026,1.1,Petrol,AMT,1627,5,1,325000
Mahindra,XUV700,2026,2.0,Petrol,Manual,3266,7,1,1570000
Toyota,Urban Cruiser Hyryder,2023,1.6,Petrol Hybrid,e-CVT,18083,5,1,940000
Hyundai,Creta,2019,1.5,Petrol,Automatic,91398,5,1,355000
Maruti Suzuki,Ertiga,2023,1.5,Petrol,Manual,57498,7,1,540000
Tata,Nexon,2025,1.6,Diesel,Manual,8027,5,1,815000
Skoda,Slavia,2023,1.0,Petrol,Manual,50257,5,1,770000
Kia,Carens,2024,1.4,Petrol,Manual,23129,7,1,1115000
Maruti Suzuki,Ertiga,2018,1.6,Petrol,Manual,54257,7,2,200000
Hyundai,Grand i10 Nios,2026,1.3,Petrol,Manual,6470,5,1,330000
Tata,Nexon EV,2019,0.0,EV,Automatic,59122,5,3,500000
Audi,Q3,2021,2.0,Petrol,DCT,39472,5,2,2400000
Maruti Suzuki,Baleno,2020,1.3,Petrol,Manual,121499,5,1,140000
Hyundai,Venue,2019,1.5,Diesel,Automatic,110536,5,2,270000
Kia,Seltos,2022,1.5,Petrol,Manual,34105,5,1,725000
Kia,Carens,2026,1.4,Petrol,DCT,2117,7,1,1365000
Toyota,Urban Cruiser Hyryder,2024,1.5,Petrol Hybrid,e-CVT,24586,5,1,1150000
Tata,Tiago,2026,1.3,Petrol,Manual,4432,5,1,260000
Hyundai,Creta,2017,1.5,Diesel,Automatic,86445,5,2,290000
Kia,Seltos,2024,1.5,Petrol,IVT,23666,5,1,895000
BMW,3 Series,2016,2.0,Petrol,Automatic,58343,5,2,1665000
Hyundai,Creta,2024,1.5,Petrol,Automatic,20315,5,1,845000
Tata,Harrier,2025,2.0,Diesel,Automatic,15503,5,1,1395000
Hyundai,i20,2026,1.2,Petrol,Manual,1500,5,1,520000
Tata,Punch,2023,1.2,Petrol,AMT,20055,5,1,265000
Hyundai,Venue,2026,1.0,Petrol,DCT,1989,5,1,565000
Mahindra,Thar,2025,2.3,Diesel,Manual,7266,4,1,1220000
Volkswagen,Virtus,2023,1.0,Petrol,Manual,33653,5,1,725000
Honda,City,2015,1.6,Petrol Hybrid,e-CVT,76820,5,3,450000
Mahindra,XUV300,2023,1.2,Petrol,Manual,31317,5,1,525000
Hyundai,Creta,2025,1.5,Diesel,Manual,6839,5,1,675000
Tata,Nexon EV,2024,0.0,EV,Automatic,12038,5,1,1055000
Mahindra,Thar,2023,2.1,Diesel,Manual,30800,4,2,625000
Maruti Suzuki,Swift,2025,1.2,Petrol,AMT,14603,5,1,345000
Mahindra,Thar,2023,2.0,Petrol,Manual,70945,4,2,705000
Volkswagen,Taigun,2018,1.0,Petrol,Manual,83794,5,2,365000
Mahindra,XUV700,2020,2.0,Petrol,Manual,112495,7,1,680000
Hyundai,Creta,2022,1.5,Petrol,Manual,30922,5,2,585000
Kia,Sonet,2021,0.9,Petrol,iMT,24703,5,2,465000
Hyundai,Grand i10 Nios,2023,1.2,Petrol,Manual,53757,5,1,205000
Mahindra,XUV700,2019,2.1,Diesel,Automatic,48603,7,1,800000
Mahindra,Scorpio N,2023,2.2,Diesel,Manual,28289,7,1,1070000
Tata,Harrier,2026,2.0,Diesel,Manual,1994,5,1,1635000
Maruti Suzuki,Swift,2021,1.2,Petrol,AMT,55080,5,1,185000
Toyota,Urban Cruiser Hyryder,2025,1.5,Petrol,Manual,11598,5,1,1150000
Honda,City,2025,1.4,Petrol Hybrid,e-CVT,9573,5,1,1085000
Toyota,Innova Crysta,2026,2.5,Diesel,Automatic,3539,7,1,1310000
Kia,Seltos,2015,1.5,Petrol,Manual,62112,5,5,235000
Hyundai,Verna,2019,1.5,Petrol,Manual,91074,5,1,335000
Volkswagen,Virtus,2016,1.5,Petrol,DCT,56860,5,3,445000
Hyundai,Verna,2024,1.5,Petrol,Manual,25198,5,1,790000
Hyundai,Grand i10 Nios,2026,1.2,Petrol,Manual,2261,5,1,355000
Toyota,Fortuner,2018,2.8,Diesel,Manual,140891,7,2,840000
Hyundai,Verna,2022,1.5,Petrol,DCT,35419,5,2,615000
Kia,Seltos,2023,1.4,Petrol,Manual,42844,5,2,595000
Hyundai,Venue,2024,1.5,Diesel,Automatic,22861,5,1,550000
Mahindra,XUV700,2025,2.2,Diesel,Automatic,13645,7,1,1340000
Mercedes-Benz,GLA,2023,1.3,Petrol,DCT,17604,5,1,3600000
Mahindra,XUV300,2025,1.2,Petrol,AMT,8157,5,1,585000
Mahindra,Thar,2020,2.2,Diesel,Manual,86869,4,1,480000
Tata,Altroz,2017,1.2,Petrol,Manual,114861,5,1,175000
Tata,Nexon,2022,1.5,Diesel,AMT,85221,5,2,390000
Kia,Seltos,2018,1.5,Petrol,IVT,87821,5,1,320000
Honda,City,2023,1.5,Petrol,CVT,30193,5,1,600000
Tata,Tiago,2026,1.2,Petrol,Manual,2362,5,1,285000
Hyundai,Venue,2023,1.5,Diesel,Manual,24676,5,1,475000
Maruti Suzuki,Ertiga,2019,1.5,Petrol,Automatic,78757,7,1,270000
Tata,Safari,2019,2.0,Diesel,Manual,139269,7,2,480000
Maruti Suzuki,Baleno,2020,1.2,Petrol,AMT,48195,5,2,275000
Tata,Altroz,2016,1.2,Petrol,Manual,82209,5,1,105000
Audi,A4,2024,2.1,Petrol,DCT,11398,5,1,3370000
Tata,Punch,2024,1.2,Petrol,AMT,18388,5,1,470000
Hyundai,Creta,2025,1.5,Petrol,Manual,11315,5,1,1035000
Kia,Carens,2026,1.5,Petrol,DCT,1773,7,1,1260000
Tata,Harrier,2020,2.0,Diesel,Manual,83241,5,1,520000
Maruti Suzuki,Wagon R,2021,1.2,Petrol,AMT,55862,5,1,125000
Toyota,Urban Cruiser Hyryder,2018,1.6,Petrol Hybrid,e-CVT,54392,5,2,595000
Skoda,Slavia,2025,1.0,Petrol,Manual,14720,5,1,820000
Honda,City,2024,1.5,Petrol,Manual,24431,5,1,840000
Volkswagen,Virtus,2022,1.5,Petrol,DCT,22513,5,2,1135000
Tata,Punch,2017,1.2,Petrol,Manual,117595,5,2,180000
Kia,Carens,2026,1.5,Petrol,Manual,3257,7,1,1355000
Hyundai,Creta,2021,1.5,Diesel,Manual,45050,5,1,550000
Skoda,Kushaq,2026,0.9,Petrol,Manual,2516,5,1,1255000
Hyundai,Creta,2026,1.4,Petrol,IVT,2710,5,1,855000
Hyundai,Creta,2015,1.5,Petrol,Manual,126405,5,2,180000
Kia,Sonet,2023,1.0,Petrol,Manual,17418,5,1,480000
Maruti Suzuki,Alto K10,2020,1.0,Petrol,AMT,83767,5,1,105000
Mahindra,Scorpio N,2018,2.2,Diesel,Automatic,127000,7,2,365000
Hyundai,Verna,2026,1.5,Petrol,DCT,2818,5,1,800000
Mahindra,Thar,2024,2.0,Petrol,Automatic,34647,4,1,645000
Honda,Amaze,2018,1.2,Petrol,CVT,39702,5,1,255000
Maruti Suzuki,Baleno,2024,1.2,Petrol,Manual,33122,5,1,360000
Volvo,XC40,2021,2.0,Petrol,Automatic,100325,5,2,2835000
Hyundai,Venue,2024,1.0,Petrol,Manual,16911,5,1,430000
Tata,Tiago,2020,1.2,Petrol,Manual,133842,5,4,130000
Mercedes-Benz,GLA,2017,1.3,Petrol,DCT,102919,5,2,1355000
Hyundai,Creta,2022,1.5,Diesel,Manual,38346,5,1,505000
Toyota,Innova Crysta,2023,2.4,Diesel,Manual,22410,7,1,1150000
Toyota,Innova Crysta,2026,2.4,Diesel,Automatic,3673,7,1,1590000
Hyundai,Creta,2024,1.6,Petrol,DCT,17463,5,1,1010000
Tata,Nexon EV,2025,0.0,EV,Automatic,12076,5,1,1065000
Hyundai,Creta,2026,1.4,Diesel,Manual,3296,5,1,1020000
Toyota,Urban Cruiser Hyryder,2025,1.5,Petrol,Automatic,11669,5,1,1115000
Tata,Nexon,2020,1.3,Petrol,Manual,29362,5,2,365000
Maruti Suzuki,Baleno,2025,1.2,Petrol,AMT,8013,5,1,340000
Toyota,Innova Crysta,2025,2.4,Diesel,Automatic,14677,7,1,1825000
Kia,Sonet,2026,1.1,Petrol,Manual,1500,5,1,730000
Maruti Suzuki,Swift,2022,1.2,Petrol,AMT,57968,5,1,225000
Tata,Altroz,2022,1.2,Petrol,Manual,109120,5,1,325000
Hyundai,i20,2026,1.2,Petrol,IVT,3964,5,1,645000
Kia,Sonet,2017,1.0,Petrol,iMT,101699,5,4,200000
Honda,Amaze,2026,1.3,Petrol,CVT,2314,5,1,580000
Tata,Nexon,2017,1.2,Petrol,Manual,98053,5,2,220000
Mahindra,XUV700,2025,2.0,Petrol,Manual,9880,7,1,1465000
Hyundai,Grand i10 Nios,2024,1.3,Petrol,AMT,14742,5,1,275000
Hyundai,Creta,2018,1.5,Diesel,Manual,77686,5,1,420000
Tata,Nexon,2021,1.5,Diesel,AMT,41449,5,2,315000
Volkswagen,Taigun,2022,1.0,Petrol,Manual,36063,5,1,510000
Maruti Suzuki,Ertiga,2021,1.6,Petrol,Automatic,53868,7,1,355000
Honda,Amaze,2026,1.2,Petrol,Manual,1828,5,1,710000
Hyundai,i20,2024,1.2,Petrol,Manual,41387,5,1,390000
Toyota,Fortuner,2021,2.8,Diesel,Automatic,55771,7,2,1345000
Kia,Carens,2025,1.5,Petrol,Manual,15101,7,1,1285000
Mahindra,Thar,2024,2.2,Diesel,Manual,19893,4,1,1085000
Hyundai,Venue,2021,1.5,Diesel,Manual,87079,5,1,365000
Volkswagen,Virtus,2022,0.9,Petrol,Automatic,52209,5,1,585000
Hyundai,Creta,2025,1.5,Diesel,Automatic,11260,5,1,1025000
Tata,Safari,2026,1.9,Diesel,Manual,2097,7,1,1645000
Toyota,Urban Cruiser Hyryder,2021,1.5,Petrol,Manual,63992,5,2,675000
Mercedes-Benz,C-Class,2022,1.5,Petrol,Automatic,25844,5,1,4410000
Maruti Suzuki,Swift,2026,1.2,Petrol,AMT,3826,5,1,335000
Mahindra,Thar,2021,2.3,Diesel,Manual,34986,4,1,605000
Maruti Suzuki,Alto K10,2018,1.0,Petrol,Manual,59725,5,3,110000
Toyota,Glanza,2018,1.2,Petrol,Manual,87669,5,2,260000
Honda,Amaze,2022,1.3,Petrol,CVT,22515,5,1,440000
Maruti Suzuki,Brezza,2023,1.6,Petrol,Automatic,27707,5,2,465000
Kia,Seltos,2019,1.5,Diesel,Manual,26535,5,1,395000
Mahindra,XUV300,2017,1.2,Petrol,AMT,99857,5,2,245000
Toyota,Glanza,2016,1.2,Petrol,Manual,216415,5,2,200000
Kia,Carens,2022,1.5,Petrol,DCT,81272,7,2,525000
Mahindra,XUV700,2021,2.0,Petrol,Automatic,64830,7,3,515000
Tata,Nexon,2017,1.5,Diesel,Manual,55921,5,4,235000
Tata,Nexon,2023,1.2,Petrol,AMT,28964,5,1,605000
Tata,Punch,2024,1.2,Petrol,Manual,12270,5,1,545000
Hyundai,Creta,2024,1.5,Petrol,IVT,22159,5,1,805000
Tata,Punch,2018,1.2,Petrol,Manual,73324,5,5,235000
BMW,X1,2024,1.6,Petrol,Automatic,45320,5,1,3220000
Skoda,Slavia,2021,0.9,Petrol,Manual,75293,5,1,460000
Hyundai,Grand i10 Nios,2026,1.2,Petrol,Manual,4862,5,1,365000
Toyota,Glanza,2023,1.2,Petrol,AMT,17555,5,1,410000
Mercedes-Benz,GLA,2022,1.3,Petrol,DCT,34882,5,1,3265000
Hyundai,Creta,2025,1.5,Petrol,IVT,17989,5,1,675000
Hyundai,Verna,2017,1.5,Petrol,DCT,64439,5,4,190000
Tata,Nexon,2026,1.5,Diesel,AMT,2435,5,1,655000
Mahindra,XUV700,2025,2.1,Petrol,Manual,9075,7,1,1230000
Mahindra,XUV700,2025,2.0,Petrol,Automatic,10244,7,1,1485000
Mahindra,Scorpio N,2024,2.2,Diesel,Manual,10851,7,1,1165000
Honda,City,2023,1.5,Petrol,Manual,48779,5,3,675000
Tata,Safari,2024,2.0,Diesel,Manual,22552,7,1,1490000
Hyundai,Creta,2020,1.5,Diesel,Automatic,59723,5,3,515000
Hyundai,Venue,2023,1.1,Petrol,Manual,50450,5,2,465000
Toyota,Urban Cruiser Hyryder,2022,1.5,Petrol Hybrid,e-CVT,34422,5,1,920000
Mahindra,XUV700,2017,2.0,Petrol,Automatic,61027,7,1,475000
Toyota,Glanza,2019,1.2,Petrol,Manual,58230,5,2,275000
Lexus,ES,2022,2.6,Petrol Hybrid,e-CVT,44018,5,2,4135000
Hyundai,Venue,2026,1.5,Diesel,Manual,2007,5,1,760000
Maruti Suzuki,Brezza,2020,1.5,Petrol,Manual,71424,5,2,220000
Mahindra,Scorpio N,2018,2.2,Diesel,Manual,133041,7,3,380000
Kia,Sonet,2022,1.0,Petrol,Manual,51477,5,1,490000
Maruti Suzuki,Ertiga,2025,1.5,Petrol,Manual,7666,7,1,710000
Maruti Suzuki,Alto K10,2020,1.0,Petrol,Manual,125013,5,1,105000
Kia,Sonet,2026,1.5,Diesel,Automatic,2744,5,1,845000
Toyota,Urban Cruiser Hyryder,2021,1.5,Petrol,Automatic,39313,5,1,570000
Mahindra,Thar,2026,2.2,Diesel,Manual,5374,4,1,1360000
Mahindra,Thar,2025,2.0,Petrol,Automatic,9214,4,1,1150000
Honda,City,2025,1.4,Petrol,CVT,17622,5,1,865000
Maruti Suzuki,Ertiga,2022,1.5,Petrol,Automatic,52875,7,2,380000
Kia,Seltos,2023,1.5,Petrol,IVT,37563,5,1,695000
Hyundai,Creta,2025,1.5,Petrol,DCT,11413,5,1,1200000
Tata,Nexon,2017,1.2,Petrol,DCT,31497,5,3,235000
Volvo,XC60,2022,2.0,Petrol Hybrid,Automatic,25872,5,1,3660000
Maruti Suzuki,Wagon R,2018,1.3,Petrol,AMT,32602,5,5,150000
Maruti Suzuki,Alto K10,2020,1.0,Petrol,AMT,65999,5,1,125000
Kia,Seltos,2023,1.5,Petrol,IVT,34188,5,1,670000
Hyundai,Venue,2024,1.0,Petrol,Manual,25085,5,1,615000
Tata,Nexon,2015,1.5,Diesel,Manual,220000,5,3,105000
Maruti Suzuki,Baleno,2025,1.2,Petrol,AMT,8354,5,1,445000
Maruti Suzuki,Wagon R,2018,1.2,Petrol,Manual,88566,5,3,145000
Mahindra,Scorpio N,2019,2.2,Diesel,Manual,34175,7,2,520000
Hyundai,Verna,2024,1.5,Petrol,Manual,31624,5,1,505000
Mahindra,XUV700,2022,2.2,Diesel,Automatic,31906,7,2,725000
Hyundai,i20,2026,1.0,Petrol,Manual,3188,5,1,700000
Maruti Suzuki,Swift,2024,1.3,Petrol,AMT,51469,5,1,245000
Maruti Suzuki,Wagon R,2019,1.2,Petrol,AMT,55141,5,3,135000
Maruti Suzuki,Wagon R,2020,1.2,Petrol,Manual,70751,5,4,125000
Maruti Suzuki,Alto K10,2025,1.1,Petrol,Manual,7202,5,1,225000
Hyundai,Venue,2025,1.5,Diesel,Manual,8259,5,1,645000
Honda,City,2025,1.6,Petrol Hybrid,e-CVT,9771,5,1,1400000
Tata,Nexon,2022,1.5,Diesel,Manual,31129,5,1,665000
Hyundai,Venue,2022,1.5,Diesel,Automatic,52070,5,1,465000
Volkswagen,Taigun,2021,1.5,Petrol,DCT,74263,5,1,805000
Mahindra,Thar,2019,2.2,Diesel,Manual,103173,4,1,345000
Hyundai,Creta,2018,1.4,Petrol,IVT,160946,5,4,225000
Mahindra,Thar,2025,2.1,Diesel,Automatic,8948,4,1,885000
Hyundai,i20,2022,1.2,Petrol,Manual,25233,5,1,285000
Honda,City,2024,1.4,Petrol,CVT,57023,5,1,530000
Maruti Suzuki,Swift,2023,1.2,Petrol,AMT,31930,5,3,260000
Tata,Nexon EV,2024,0.0,EV,Automatic,28672,5,1,1060000
Tata,Tiago,2024,1.2,Petrol,AMT,17724,5,1,365000
Tata,Nexon EV,2026,0.0,EV,Automatic,2366,5,1,1430000
Audi,Q3,2024,2.0,Petrol,DCT,21257,5,1,4215000
Maruti Suzuki,Alto K10,2023,0.9,Petrol,Manual,61032,5,1,200000
Maruti Suzuki,Ertiga,2021,1.5,Petrol,Manual,52627,7,2,395000
Kia,Carens,2022,1.5,Petrol,Manual,20459,7,1,895000
Mahindra,XUV300,2026,1.2,Petrol,Manual,2579,5,1,785000
Maruti Suzuki,Swift,2023,1.2,Petrol,Manual,54057,5,1,305000
Hyundai,i20,2017,1.0,Petrol,Manual,83815,5,2,175000
Tata,Altroz,2016,1.3,Petrol,DCT,102640,5,1,170000
Tata,Safari,2026,2.0,Diesel,Manual,1595,7,1,1120000
Hyundai,Venue,2026,1.0,Petrol,Manual,1500,5,1,630000
Hyundai,i20,2020,1.0,Petrol,Manual,19339,5,2,345000
Tata,Nexon,2023,1.5,Diesel,AMT,37079,5,1,595000
Honda,City,2021,1.5,Petrol Hybrid,e-CVT,45424,5,1,850000
Toyota,Urban Cruiser Hyryder,2016,1.5,Petrol,Manual,117303,5,5,285000
Hyundai,Verna,2024,1.5,Petrol,IVT,35106,5,1,680000
Kia,Seltos,2023,1.5,Petrol,Manual,22754,5,2,750000
Tata,Nexon EV,2026,0.0,EV,Automatic,1962,5,1,1515000
Hyundai,Verna,2017,1.5,Petrol,DCT,90558,5,3,300000
Tata,Harrier,2026,2.0,Diesel,Automatic,3374,5,1,1595000
Volkswagen,Taigun,2021,1.0,Petrol,Automatic,98311,5,2,530000
Honda,Amaze,2021,1.2,Petrol,CVT,41976,5,1,405000
Hyundai,Verna,2020,1.5,Petrol,Manual,58013,5,2,400000
Volkswagen,Taigun,2021,1.5,Petrol,DCT,44601,5,2,730000
Mahindra,XUV300,2018,1.2,Petrol,Manual,67408,5,1,245000
Honda,Amaze,2024,1.2,Petrol,Manual,26339,5,1,420000
Mahindra,Thar,2026,2.2,Diesel,Automatic,4481,4,1,975000
Toyota,Glanza,2019,1.2,Petrol,Manual,92468,5,1,220000
Toyota,Urban Cruiser Hyryder,2025,1.5,Petrol Hybrid,e-CVT,6156,5,1,1790000
Mahindra,XUV300,2021,1.2,Petrol,Manual,60615,5,2,415000
Toyota,Urban Cruiser Hyryder,2026,1.5,Petrol Hybrid,e-CVT,1915,5,1,1365000
Hyundai,Verna,2016,1.5,Petrol,Manual,126281,5,1,185000
Mahindra,XUV700,2016,2.2,Diesel,Manual,83609,7,4,485000
Skoda,Kushaq,2023,1.4,Petrol,DCT,26273,5,1,1005000
Kia,Sonet,2018,1.5,Diesel,Automatic,50191,5,2,280000
Mahindra,Thar,2026,2.2,Diesel,Manual,2198,4,1,1300000
Volkswagen,Taigun,2017,1.5,Petrol,DCT,112058,5,2,340000
Kia,Carens,2019,1.5,Petrol,DCT,89799,7,1,640000
Toyota,Urban Cruiser Hyryder,2022,1.4,Petrol Hybrid,e-CVT,33506,5,1,1200000
Hyundai,Venue,2018,1.5,Diesel,Automatic,53814,5,5,280000
Mahindra,XUV700,2019,2.1,Petrol,Automatic,68130,7,3,520000
Tata,Harrier,2025,1.9,Diesel,Manual,17805,5,1,1360000
Hyundai,Verna,2025,1.5,Petrol,IVT,10953,5,1,755000
Tata,Safari,2023,2.1,Diesel,Automatic,30340,7,1,1225000
Skoda,Slavia,2020,1.1,Petrol,Automatic,49635,5,3,500000
Tata,Harrier,2023,2.0,Diesel,Manual,40707,5,1,960000
Kia,Sonet,2018,1.5,Diesel,Automatic,63004,5,4,285000
BMW,5 Series,2026,2.0,Petrol,Automatic,2785,5,1,8885000
Hyundai,Creta,2025,1.5,Petrol,Manual,10684,5,1,950000
Toyota,Urban Cruiser Hyryder,2020,1.4,Petrol,Automatic,69933,5,3,595000
Toyota,Glanza,2023,1.2,Petrol,Manual,22839,5,1,605000
Hyundai,Venue,2015,1.1,Petrol,DCT,220000,5,1,145000
Tata,Altroz,2023,1.2,Petrol,DCT,43138,5,2,375000
Toyota,Urban Cruiser Hyryder,2025,1.5,Petrol Hybrid,e-CVT,14396,5,1,1830000
Hyundai,Creta,2021,1.6,Petrol,DCT,33743,5,1,580000
Toyota,Fortuner,2026,2.8,Diesel,Manual,2434,7,1,2965000
Toyota,Glanza,2016,1.2,Petrol,Manual,111435,5,2,200000
Mahindra,Thar,2020,2.0,Petrol,Manual,81390,4,1,355000
Hyundai,i20,2018,0.9,Petrol,Manual,213602,5,2,145000
Hyundai,Verna,2022,1.5,Petrol,Manual,49380,5,1,425000
Toyota,Innova Crysta,2026,2.3,Diesel,Manual,3482,7,1,2090000
Tata,Nexon EV,2022,0.0,EV,Automatic,36027,5,1,820000
Honda,City,2020,1.5,Petrol,Manual,86887,5,3,450000
Maruti Suzuki,Wagon R,2020,1.2,Petrol,AMT,76009,5,1,225000
Tata,Nexon,2024,1.2,Petrol,Manual,22722,5,1,500000
Toyota,Glanza,2025,1.2,Petrol,AMT,7450,5,1,620000
Maruti Suzuki,Swift,2018,1.2,Petrol,AMT,67151,5,1,105000
Maruti Suzuki,Brezza,2026,1.6,Petrol,Automatic,2374,5,1,585000
Mahindra,Scorpio N,2025,2.3,Diesel,Automatic,10233,7,1,1345000
Maruti Suzuki,Swift,2020,1.2,Petrol,AMT,107002,5,2,155000
Hyundai,Venue,2024,1.0,Petrol,Manual,26550,5,1,425000
Mahindra,Thar,2023,2.1,Diesel,Manual,31297,4,1,935000
Maruti Suzuki,Alto K10,2025,1.0,Petrol,Manual,13375,5,1,235000
Toyota,Urban Cruiser Hyryder,2015,1.5,Petrol Hybrid,e-CVT,132743,5,2,470000
Mahindra,XUV700,2025,2.0,Petrol,Automatic,8138,7,1,1455000
Mahindra,Thar,2023,2.2,Diesel,Manual,27560,4,1,860000
Mahindra,XUV700,2025,2.2,Diesel,Automatic,16475,7,1,1575000
Skoda,Slavia,2022,1.0,Petrol,Manual,49054,5,1,630000
Mahindra,XUV700,2020,2.0,Petrol,Manual,56619,7,2,715000
Hyundai,Creta,2019,1.5,Diesel,Automatic,60659,5,2,510000
Tata,Nexon EV,2026,0.0,EV,Automatic,1967,5,1,1310000
Tata,Nexon,2023,1.5,Diesel,AMT,46043,5,2,535000
Toyota,Fortuner,2022,2.8,Diesel,Manual,34908,7,1,2130000
Hyundai,Venue,2024,1.5,Diesel,Manual,27991,5,1,700000
Mahindra,Thar,2025,2.2,Diesel,Automatic,16729,4,1,1130000
Honda,City,2024,1.4,Petrol Hybrid,e-CVT,13239,5,1,1210000
Volkswagen,Taigun,2020,1.5,Petrol,DCT,75043,5,1,695000
Skoda,Kushaq,2021,1.0,Petrol,Automatic,43439,5,1,400000
Mahindra,Scorpio N,2021,2.2,Diesel,Automatic,49818,7,2,650000
Toyota,Urban Cruiser Hyryder,2026,1.5,Petrol,Manual,1788,5,1,945000
Maruti Suzuki,Wagon R,2024,1.2,Petrol,AMT,12161,5,1,285000
Hyundai,Venue,2018,1.1,Petrol,Manual,88973,5,2,225000
Tata,Safari,2024,2.0,Diesel,Automatic,16200,7,1,1520000
Toyota,Urban Cruiser Hyryder,2020,1.5,Petrol Hybrid,e-CVT,51646,5,2,760000
Hyundai,Creta,2026,1.5,Diesel,Manual,3334,5,1,1210000
Toyota,Fortuner,2017,2.7,Diesel,Manual,69142,7,2,1040000
Maruti Suzuki,Baleno,2018,1.2,Petrol,Manual,77881,5,4,135000
Kia,Sonet,2026,1.0,Petrol,Manual,2565,5,1,715000
Maruti Suzuki,Alto K10,2019,1.0,Petrol,AMT,68036,5,1,105000
Maruti Suzuki,Swift,2024,1.2,Petrol,Manual,28419,5,1,260000
Tata,Punch,2019,1.2,Petrol,AMT,42164,5,5,220000
Kia,Sonet,2023,1.5,Diesel,Automatic,36695,5,1,620000
Hyundai,Verna,2026,1.5,Petrol,Manual,2115,5,1,735000
Maruti Suzuki,Brezza,2018,1.5,Petrol,Manual,215275,5,1,115000
Kia,Seltos,2025,1.5,Diesel,Automatic,11838,5,1,1205000
Honda,City,2019,1.5,Petrol Hybrid,e-CVT,55458,5,2,560000
Hyundai,Verna,2025,1.5,Petrol,IVT,11933,5,1,735000
Toyota,Urban Cruiser Hyryder,2019,1.5,Petrol Hybrid,e-CVT,90385,5,5,525000
Hyundai,Creta,2021,1.4,Petrol,Manual,25981,5,3,550000
Hyundai,Grand i10 Nios,2024,1.3,Petrol,AMT,41937,5,1,310000
Hyundai,Venue,2020,1.5,Diesel,Automatic,69368,5,2,220000
Tata,Safari,2023,2.1,Diesel,Automatic,53978,7,1,1045000
Mahindra,XUV700,2024,1.9,Petrol,Automatic,18418,7,1,1170000
Hyundai,Verna,2025,1.5,Petrol,IVT,20043,5,1,620000
Mahindra,Scorpio N,2024,2.2,Diesel,Manual,15907,7,1,1280000
Mahindra,XUV700,2022,2.1,Petrol,Manual,40691,7,1,700000
Hyundai,Verna,2019,1.6,Petrol,IVT,100006,5,1,425000
Maruti Suzuki,Wagon R,2018,1.2,Petrol,Manual,57745,5,2,145000
Maruti Suzuki,Baleno,2024,1.2,Petrol,AMT,14466,5,1,365000
Skoda,Kushaq,2023,1.0,Petrol,Manual,24554,5,2,985000
Toyota,Urban Cruiser Hyryder,2015,1.5,Petrol,Automatic,115045,5,5,260000
Maruti Suzuki,Wagon R,2021,1.2,Petrol,AMT,25282,5,1,205000
Volkswagen,Taigun,2020,1.0,Petrol,Automatic,59609,5,1,560000
Volkswagen,Taigun,2015,1.5,Petrol,DCT,79551,5,1,440000
Maruti Suzuki,Brezza,2023,1.5,Petrol,Manual,27991,5,1,335000
Tata,Nexon,2023,1.2,Petrol,DCT,36162,5,1,490000
Mahindra,XUV700,2021,2.0,Petrol,Automatic,44068,7,2,685000
Volkswagen,Taigun,2024,1.1,Petrol,Automatic,24981,5,1,915000
Honda,City,2016,1.5,Petrol,CVT,143834,5,4,200000
Tata,Nexon,2025,1.5,Diesel,Manual,17766,5,1,725000
Honda,City,2018,1.5,Petrol,CVT,123789,5,4,290000
Toyota,Urban Cruiser Hyryder,2024,1.5,Petrol Hybrid,e-CVT,15003,5,1,1490000
Kia,Sonet,2021,1.0,Petrol,DCT,42740,5,1,435000
Mercedes-Benz,C-Class,2023,1.5,Petrol,Automatic,24244,5,1,4010000
Tata,Nexon EV,2023,0.0,EV,Automatic,32145,5,1,935000
Mahindra,XUV700,2017,2.2,Diesel,Automatic,155466,7,2,245000
Mahindra,XUV700,2024,2.0,Petrol,Manual,29316,7,1,935000
Hyundai,Venue,2022,1.5,Diesel,Automatic,41343,5,1,545000
Maruti Suzuki,Ertiga,2024,1.5,Petrol,Automatic,20531,7,1,525000
Maruti Suzuki,Swift,2026,1.2,Petrol,AMT,1542,5,1,425000
Kia,Seltos,2023,1.5,Diesel,Manual,24070,5,1,920000
Tata,Harrier,2025,2.0,Diesel,Automatic,9832,5,1,1155000
Hyundai,Venue,2023,1.0,Petrol,DCT,36413,5,1,475000
Maruti Suzuki,Wagon R,2026,1.2,Petrol,AMT,1630,5,1,320000
Hyundai,Creta,2026,1.5,Diesel,Automatic,3249,5,1,870000
Tata,Nexon,2025,1.2,Petrol,DCT,11361,5,1,550000
Toyota,Innova Crysta,2026,2.4,Diesel,Automatic,3633,7,1,1800000
Hyundai,Creta,2019,1.6,Diesel,Automatic,41316,5,1,575000
Mahindra,XUV700,2018,2.0,Petrol,Manual,46833,7,3,455000
Tata,Safari,2025,2.0,Diesel,Manual,9690,7,1,1325000
Tata,Nexon,2022,1.3,Petrol,DCT,49644,5,1,355000
Mahindra,XUV700,2015,2.0,Petrol,Automatic,96861,7,4,250000
Honda,Amaze,2018,1.1,Petrol,Manual,119326,5,2,200000
Mahindra,XUV700,2019,2.2,Diesel,Automatic,58128,7,2,595000
Tata,Tiago,2022,1.2,Petrol,Manual,19607,5,2,245000
Toyota,Urban Cruiser Hyryder,2023,1.5,Petrol Hybrid,e-CVT,45605,5,1,1220000
Kia,Seltos,2022,1.5,Diesel,Manual,71565,5,2,640000
Maruti Suzuki,Ertiga,2026,1.4,Petrol,Manual,2670,7,1,645000
Mahindra,XUV300,2020,1.2,Petrol,AMT,120822,5,1,355000
Hyundai,Creta,2020,1.5,Petrol,Manual,80560,5,1,445000
Tata,Nexon,2023,1.2,Petrol,DCT,28180,5,1,500000
Mahindra,Thar,2025,2.0,Petrol,Automatic,5302,4,1,950000
Toyota,Urban Cruiser Hyryder,2018,1.5,Petrol,Automatic,57679,5,1,375000
Hyundai,i20,2021,1.3,Petrol,Manual,98160,5,1,245000
Maruti Suzuki,Ertiga,2026,1.5,Petrol,Automatic,2897,7,1,655000
Toyota,Urban Cruiser Hyryder,2019,1.6,Petrol Hybrid,e-CVT,119903,5,4,510000
Maruti Suzuki,Baleno,2023,1.2,Petrol,AMT,32111,5,1,335000
Tata,Nexon EV,2018,0.0,EV,Automatic,55256,5,3,585000
Toyota,Fortuner,2022,2.8,Diesel,Automatic,43378,7,1,2045000
Hyundai,Creta,2025,1.5,Diesel,Manual,12156,5,1,855000
Tata,Nexon,2019,1.5,Diesel,Manual,62724,5,5,320000
Kia,Seltos,2018,1.5,Diesel,Manual,132190,5,2,375000
Kia,Carens,2022,1.5,Petrol,Manual,36383,7,2,1015000
Mahindra,XUV300,2018,1.2,Petrol,Manual,101083,5,3,260000
Tata,Safari,2022,2.0,Diesel,Manual,59407,7,2,830000
Hyundai,Verna,2022,1.5,Petrol,DCT,67595,5,1,770000
Mahindra,Scorpio N,2021,2.1,Diesel,Manual,71468,7,1,695000
Tata,Nexon,2025,1.5,Diesel,Manual,13922,5,1,755000
Hyundai,Creta,2026,1.5,Petrol,Manual,2474,5,1,970000
Hyundai,Verna,2026,1.6,Petrol,Manual,3656,5,1,940000
Volkswagen,Taigun,2025,1.5,Petrol,DCT,10999,5,1,1160000
Mahindra,Scorpio N,2024,2.2,Diesel,Automatic,25600,7,1,1370000
Tata,Nexon EV,2015,0.0,EV,Automatic,201241,5,2,170000
Kia,Seltos,2020,1.5,Petrol,Manual,54150,5,4,470000
Skoda,Kushaq,2024,1.6,Petrol,DCT,27379,5,1,985000
Volkswagen,Taigun,2026,1.5,Petrol,DCT,3954,5,1,1660000
Hyundai,Creta,2023,1.5,Diesel,Automatic,16137,5,2,695000
Maruti Suzuki,Baleno,2020,1.1,Petrol,AMT,20640,5,1,180000
Tata,Harrier,2023,2.1,Diesel,Manual,27658,5,1,925000
Skoda,Kushaq,2025,1.0,Petrol,Automatic,9371,5,1,940000
Maruti Suzuki,Swift,2021,1.2,Petrol,Manual,67699,5,2,190000
Hyundai,Verna,2022,1.6,Petrol,IVT,42042,5,1,480000
Tata,Altroz,2018,1.2,Petrol,Manual,85401,5,2,185000
Maruti Suzuki,Swift,2024,1.2,Petrol,AMT,12563,5,1,320000
Tata,Safari,2025,2.0,Diesel,Automatic,7654,7,1,1410000
Hyundai,Venue,2019,1.1,Petrol,Manual,63590,5,2,250000
Hyundai,Creta,2024,1.5,Petrol,Manual,25761,5,1,735000
Kia,Sonet,2025,1.0,Petrol,Manual,8015,5,1,785000
Tata,Safari,2018,2.0,Diesel,Manual,76518,7,2,560000
Mahindra,XUV700,2026,2.0,Petrol,Manual,2000,7,1,1240000
Hyundai,Venue,2022,1.5,Diesel,Automatic,48107,5,1,355000
Mahindra,Thar,2023,2.0,Petrol,Manual,38390,4,1,770000
Tata,Punch,2023,1.2,Petrol,AMT,17310,5,1,395000
Maruti Suzuki,Baleno,2024,1.2,Petrol,Manual,27838,5,1,410000
Tata,Harrier,2023,2.0,Diesel,Automatic,19966,5,1,965000
Volvo,XC60,2024,1.9,Petrol Hybrid,Automatic,38142,5,1,4110000
Mahindra,XUV700,2022,2.0,Petrol,Manual,49943,7,2,1010000
Kia,Sonet,2015,1.0,Petrol,DCT,46869,5,2,230000
Tata,Harrier,2022,2.0,Diesel,Automatic,37138,5,1,745000
Honda,City,2018,1.5,Petrol,Manual,63327,5,3,285000
Tata,Harrier,2018,2.0,Diesel,Automatic,91347,5,3,465000
Mahindra,XUV700,2021,2.1,Diesel,Automatic,44328,7,2,885000
Volvo,XC60,2020,1.9,Petrol Hybrid,Automatic,64280,5,1,4110000
Tata,Nexon,2023,1.2,Petrol,DCT,28699,5,1,570000
Honda,City,2026,1.5,Petrol Hybrid,e-CVT,3303,5,1,1750000
Hyundai,Venue,2025,1.5,Diesel,Manual,9025,5,1,555000
Mahindra,Scorpio N,2023,2.2,Diesel,Manual,27920,7,1,635000
Volkswagen,Virtus,2022,1.5,Petrol,DCT,38001,5,1,870000
Volkswagen,Virtus,2024,1.0,Petrol,Manual,12912,5,1,745000
Maruti Suzuki,Baleno,2023,1.2,Petrol,AMT,22680,5,1,325000
Hyundai,i20,2026,1.0,Petrol,DCT,2873,5,1,795000
Maruti Suzuki,Swift,2020,1.2,Petrol,AMT,29074,5,2,155000
Honda,Amaze,2022,1.2,Petrol,Manual,36152,5,1,400000
Tata,Safari,2023,2.0,Diesel,Manual,9078,7,1,1355000
Volkswagen,Taigun,2018,0.9,Petrol,Manual,83385,5,2,350000
Hyundai,Verna,2026,1.5,Petrol,Manual,3474,5,1,885000
Mahindra,Thar,2025,2.2,Diesel,Automatic,10552,4,1,1155000
Hyundai,Grand i10 Nios,2017,1.2,Petrol,AMT,178595,5,3,65000
Mahindra,XUV700,2020,2.2,Diesel,Manual,41430,7,1,710000
Kia,Sonet,2017,1.0,Petrol,iMT,141014,5,2,200000
Hyundai,Venue,2025,1.4,Diesel,Manual,3534,5,1,805000
Kia,Seltos,2021,1.5,Petrol,IVT,81747,5,1,460000
Mahindra,Scorpio N,2021,2.2,Diesel,Manual,74778,7,2,655000
Maruti Suzuki,Alto K10,2026,0.9,Petrol,AMT,2635,5,1,310000
Hyundai,Creta,2019,1.5,Diesel,Manual,46310,5,2,395000
Maruti Suzuki,Alto K10,2017,1.0,Petrol,Manual,79597,5,2,90000
Tata,Nexon EV,2022,0.0,EV,Automatic,73760,5,2,585000
Hyundai,i20,2015,1.1,Petrol,Manual,166505,5,5,105000
Hyundai,Creta,2026,1.5,Diesel,Automatic,2500,5,1,1125000
Kia,Seltos,2023,1.5,Petrol,IVT,41865,5,1,555000
Toyota,Urban Cruiser Hyryder,2024,1.5,Petrol Hybrid,e-CVT,12582,5,1,1675000
Hyundai,Verna,2026,1.5,Petrol,Manual,3179,5,1,825000
Maruti Suzuki,Wagon R,2026,1.1,Petrol,Manual,3582,5,1,355000
Mahindra,Thar,2024,2.0,Petrol,Manual,8969,4,1,1070000
Toyota,Urban Cruiser Hyryder,2026,1.5,Petrol Hybrid,e-CVT,3720,5,1,1360000
Hyundai,i20,2020,1.0,Petrol,DCT,50176,5,1,340000
Hyundai,Creta,2025,1.6,Petrol,Manual,9226,5,1,625000
Mercedes-Benz,C-Class,2019,1.5,Petrol,Automatic,126069,5,2,2120000
Maruti Suzuki,Alto K10,2021,1.0,Petrol,AMT,85464,5,1,105000
Mahindra,Thar,2017,1.9,Petrol,Manual,220000,4,1,280000
Toyota,Fortuner,2015,2.8,Diesel,Automatic,119314,7,4,525000
Kia,Seltos,2026,1.5,Petrol,Manual,5629,5,1,760000
Maruti Suzuki,Ertiga,2023,1.5,Petrol,Manual,36037,7,1,425000
Hyundai,Venue,2022,1.0,Petrol,DCT,48967,5,2,405000
Hyundai,i20,2016,1.0,Petrol,DCT,131219,5,5,130000
Kia,Sonet,2026,1.5,Diesel,Manual,1500,5,1,825000
Hyundai,Venue,2019,1.0,Petrol,DCT,113806,5,1,305000
Toyota,Urban Cruiser Hyryder,2020,1.5,Petrol Hybrid,e-CVT,39788,5,1,775000
Hyundai,Venue,2019,1.0,Petrol,Manual,98209,5,2,200000
Honda,Amaze,2026,1.2,Petrol,CVT,4408,5,1,825000
Tata,Safari,2024,2.0,Diesel,Automatic,28278,7,1,1215000
Maruti Suzuki,Ertiga,2024,1.5,Petrol,Manual,13499,7,1,560000
Hyundai,Creta,2026,1.5,Petrol,Automatic,2359,5,1,1295000
Maruti Suzuki,Ertiga,2022,1.5,Petrol,Manual,53395,7,1,370000
Hyundai,Verna,2022,1.5,Petrol,Manual,39828,5,1,625000
Tata,Altroz,2026,1.2,Petrol,DCT,1500,5,1,685000
Tata,Nexon EV,2017,0.0,EV,Automatic,149739,5,1,330000
Maruti Suzuki,Swift,2024,1.3,Petrol,Manual,14264,5,1,295000
Tata,Harrier,2025,2.0,Diesel,Manual,8475,5,1,1505000
Tata,Tiago,2026,1.1,Petrol,AMT,3934,5,1,285000
Mahindra,XUV300,2018,1.2,Petrol,AMT,87850,5,1,260000
Tata,Tiago,2026,1.2,Petrol,AMT,3854,5,1,415000
Toyota,Fortuner,2020,2.8,Diesel,Automatic,150078,7,3,1330000
Tata,Nexon,2022,1.2,Petrol,AMT,39199,5,2,520000
Kia,Seltos,2021,1.5,Petrol,Manual,37285,5,2,645000
Maruti Suzuki,Alto K10,2018,1.0,Petrol,AMT,48602,5,1,90000
Kia,Carens,2024,1.5,Petrol,Manual,12283,7,1,935000
Toyota,Urban Cruiser Hyryder,2023,1.6,Petrol Hybrid,e-CVT,25021,5,1,1230000
Toyota,Urban Cruiser Hyryder,2022,1.5,Petrol,Manual,37054,5,1,800000
Honda,Amaze,2020,1.2,Petrol,CVT,90941,5,2,370000
Hyundai,Verna,2016,1.5,Petrol,DCT,149172,5,4,180000
Maruti Suzuki,Brezza,2025,1.4,Petrol,Manual,3978,5,1,370000
Maruti Suzuki,Baleno,2019,1.2,Petrol,Manual,76185,5,1,140000
Hyundai,Creta,2025,1.5,Petrol,Manual,19763,5,1,820000
Tata,Harrier,2025,2.0,Diesel,Automatic,12244,5,1,1135000
Hyundai,Verna,2018,1.5,Petrol,Manual,117100,5,3,180000
Tata,Altroz,2023,1.3,Petrol,DCT,58378,5,1,375000
Audi,Q3,2022,2.0,Petrol,DCT,57489,5,1,2710000
Toyota,Glanza,2024,1.2,Petrol,AMT,29710,5,1,365000
Hyundai,Creta,2025,1.5,Petrol,IVT,7973,5,1,1070000
Hyundai,Creta,2018,1.5,Diesel,Manual,63762,5,4,375000
Mahindra,XUV700,2024,2.0,Petrol,Automatic,32253,7,1,1320000
Toyota,Urban Cruiser Hyryder,2019,1.5,Petrol,Manual,48349,5,2,480000
Maruti Suzuki,Swift,2026,1.2,Petrol,AMT,2142,5,1,330000
Toyota,Innova Crysta,2025,2.4,Diesel,Automatic,20133,7,1,1150000
Tata,Nexon,2024,1.5,Diesel,Manual,26440,5,1,575000
Hyundai,Creta,2021,1.5,Petrol,Manual,63808,5,2,590000
Kia,Seltos,2021,1.5,Petrol,Manual,29892,5,3,595000
Hyundai,Grand i10 Nios,2023,1.2,Petrol,AMT,57909,5,1,235000
Kia,Seltos,2023,1.5,Diesel,Automatic,34719,5,1,860000
Hyundai,Venue,2023,1.5,Diesel,Manual,20011,5,1,610000
Honda,City,2025,1.5,Petrol,CVT,5710,5,1,830000
Mahindra,Thar,2021,2.2,Diesel,Automatic,41482,4,1,560000
Mahindra,Thar,2021,2.1,Petrol,Automatic,50362,4,1,585000
Hyundai,Verna,2018,1.4,Petrol,DCT,111188,5,2,385000
Kia,Carens,2021,1.5,Petrol,DCT,32105,7,1,720000
Kia,Seltos,2015,1.5,Petrol,Manual,220000,5,3,200000
Kia,Carens,2023,1.5,Petrol,DCT,42643,7,1,1075000
Maruti Suzuki,Baleno,2026,1.2,Petrol,AMT,5688,5,1,370000
Maruti Suzuki,Baleno,2017,1.2,Petrol,Manual,82660,5,1,170000
Hyundai,Creta,2022,1.5,Diesel,Manual,25995,5,1,755000
Mahindra,Thar,2021,2.0,Petrol,Manual,32607,4,1,800000
Hyundai,Creta,2025,1.4,Petrol,Manual,10580,5,1,860000
Kia,Seltos,2016,1.5,Petrol,IVT,76457,5,2,360000
Maruti Suzuki,Alto K10,2022,1.0,Petrol,Manual,31555,5,1,190000
Maruti Suzuki,Swift,2020,1.2,Petrol,AMT,63667,5,1,185000
Mahindra,XUV300,2023,1.2,Petrol,AMT,29562,5,1,555000
Maruti Suzuki,Swift,2021,1.1,Petrol,Manual,40822,5,1,205000
Honda,City,2026,1.5,Petrol Hybrid,e-CVT,6347,5,1,1350000
Mahindra,XUV700,2022,2.0,Petrol,Automatic,46761,7,1,920000
Maruti Suzuki,Brezza,2024,1.4,Petrol,Automatic,11128,5,1,455000
Hyundai,Verna,2022,1.4,Petrol,Manual,24845,5,1,675000
Tata,Nexon EV,2026,0.0,EV,Automatic,4541,5,1,1085000
Audi,Q3,2019,2.0,Petrol,DCT,55711,5,1,3180000
Maruti Suzuki,Swift,2021,1.2,Petrol,Manual,28197,5,3,205000
Maruti Suzuki,Baleno,2017,1.2,Petrol,AMT,50543,5,3,135000
Honda,City,2016,1.4,Petrol,CVT,144145,5,2,200000
Hyundai,Venue,2022,1.0,Petrol,Manual,41618,5,1,510000
Toyota,Innova Crysta,2015,2.4,Diesel,Automatic,59402,7,4,425000
Mahindra,XUV700,2026,2.2,Diesel,Manual,3333,7,1,1430000
Toyota,Fortuner,2026,2.8,Diesel,Automatic,2157,7,1,3695000
Maruti Suzuki,Ertiga,2025,1.6,Petrol,Automatic,9869,7,1,550000
Kia,Seltos,2017,1.5,Petrol,IVT,115502,5,3,225000
Toyota,Fortuner,2019,2.8,Diesel,Automatic,56092,7,4,1185000
Hyundai,Venue,2024,1.0,Petrol,DCT,19791,5,1,400000
Mahindra,XUV300,2022,1.1,Petrol,AMT,46438,5,1,430000
Mahindra,Thar,2026,2.2,Diesel,Manual,3037,4,1,910000
Mahindra,Scorpio N,2025,2.2,Diesel,Automatic,9870,7,1,1195000
Tata,Nexon,2022,1.5,Diesel,Manual,51720,5,1,475000
BMW,3 Series,2023,2.0,Petrol,Automatic,45903,5,1,4000000
Mahindra,XUV700,2023,2.2,Diesel,Manual,69393,7,1,785000
Hyundai,Creta,2018,1.5,Diesel,Automatic,121569,5,1,350000
Lexus,ES,2026,2.5,Petrol Hybrid,e-CVT,2404,5,1,5205000
Hyundai,Creta,2024,1.5,Petrol,Automatic,39262,5,1,860000
Tata,Punch,2022,1.2,Petrol,Manual,30441,5,2,335000
Mahindra,Scorpio N,2016,2.2,Diesel,Automatic,175220,7,2,225000
Toyota,Fortuner,2016,2.8,Diesel,Automatic,89707,7,3,980000
Hyundai,Grand i10 Nios,2021,1.2,Petrol,Manual,56900,5,1,185000
Toyota,Glanza,2020,1.2,Petrol,Manual,71666,5,1,305000
Toyota,Urban Cruiser Hyryder,2018,1.3,Petrol,Manual,67393,5,4,395000
Mahindra,Thar,2016,2.0,Petrol,Manual,217126,4,3,235000
Hyundai,Creta,2019,1.6,Petrol,Manual,118974,5,2,300000
Mahindra,XUV300,2018,1.2,Petrol,AMT,124671,5,2,200000
Hyundai,Verna,2026,1.6,Petrol,IVT,3147,5,1,535000
Toyota,Glanza,2023,1.2,Petrol,Manual,20788,5,1,580000
Volkswagen,Taigun,2026,1.0,Petrol,Automatic,2814,5,1,895000
Maruti Suzuki,Brezza,2024,1.5,Petrol,Automatic,13535,5,1,445000
Maruti Suzuki,Brezza,2024,1.5,Petrol,Automatic,20391,5,1,440000
Tata,Nexon,2024,1.6,Diesel,AMT,43895,5,1,560000
Mahindra,Thar,2022,2.0,Petrol,Manual,54281,4,1,730000
Toyota,Urban Cruiser Hyryder,2017,1.5,Petrol,Automatic,168016,5,2,290000
Maruti Suzuki,Alto K10,2026,1.0,Petrol,Manual,1970,5,1,200000
Hyundai,Creta,2018,1.5,Petrol,DCT,120121,5,3,315000
Mahindra,Thar,2026,2.2,Diesel,Manual,1849,4,1,1495000
Hyundai,Creta,2025,1.4,Petrol,DCT,10328,5,1,910000
Hyundai,Venue,2024,1.0,Petrol,Manual,17545,5,1,525000
Toyota,Glanza,2024,1.2,Petrol,AMT,12248,5,1,705000
Toyota,Fortuner,2018,2.8,Diesel,Manual,90723,7,4,910000
Kia,Sonet,2023,1.5,Diesel,Manual,28533,5,2,510000
Honda,City,2022,1.5,Petrol Hybrid,e-CVT,25647,5,2,740000
Maruti Suzuki,Ertiga,2026,1.5,Petrol,Manual,3196,7,1,755000
Tata,Nexon,2024,1.5,Diesel,Manual,23535,5,1,600000
Maruti Suzuki,Alto K10,2022,1.0,Petrol,Manual,46304,5,1,175000
Honda,City,2017,1.5,Petrol,CVT,220000,5,4,200000
Maruti Suzuki,Swift,2022,1.2,Petrol,AMT,37994,5,1,260000
Mercedes-Benz,C-Class,2024,1.5,Petrol,Automatic,28901,5,1,3620000
Mahindra,XUV700,2019,2.2,Diesel,Manual,75994,7,1,600000
Hyundai,Verna,2024,1.5,Petrol,IVT,7263,5,1,785000
Maruti Suzuki,Baleno,2025,1.2,Petrol,AMT,10030,5,1,455000
Tata,Harrier,2023,2.0,Diesel,Automatic,25162,5,1,1235000
Hyundai,i20,2026,1.2,Petrol,IVT,3793,5,1,360000
Tata,Tiago,2026,1.3,Petrol,Manual,1522,5,1,350000
Maruti Suzuki,Swift,2021,1.3,Petrol,AMT,29586,5,1,175000
Mahindra,Thar,2023,2.0,Petrol,Automatic,36070,4,2,790000
Maruti Suzuki,Ertiga,2026,1.5,Petrol,Automatic,1526,7,1,560000
Honda,Amaze,2021,1.2,Petrol,Manual,76552,5,1,305000
Maruti Suzuki,Baleno,2018,1.2,Petrol,Manual,119170,5,4,135000
Tata,Altroz,2023,1.1,Petrol,DCT,34983,5,1,425000
Hyundai,Creta,2026,1.5,Petrol,Automatic,5405,5,1,1560000
Mahindra,XUV300,2021,1.3,Petrol,AMT,52588,5,1,420000
Toyota,Urban Cruiser Hyryder,2021,1.5,Petrol,Manual,50913,5,1,675000
Maruti Suzuki,Alto K10,2020,1.0,Petrol,AMT,40037,5,1,115000
Hyundai,i20,2026,1.2,Petrol,IVT,2253,5,1,450000
Kia,Seltos,2024,1.6,Diesel,Automatic,12823,5,1,1095000
Hyundai,Creta,2018,1.4,Petrol,Manual,57546,5,2,355000
Maruti Suzuki,Ertiga,2018,1.5,Petrol,Manual,122366,7,3,215000
Toyota,Innova Crysta,2019,2.4,Diesel,Automatic,62560,7,5,540000
Kia,Sonet,2022,1.0,Petrol,iMT,44328,5,1,365000
Tata,Safari,2023,2.0,Diesel,Manual,32179,7,1,1035000
Kia,Sonet,2016,1.1,Petrol,iMT,179958,5,2,200000
Tata,Nexon,2019,1.5,Diesel,Manual,70829,5,1,315000
Hyundai,Verna,2018,1.5,Petrol,IVT,92054,5,2,350000
Mahindra,Scorpio N,2023,2.2,Diesel,Automatic,17625,7,2,1010000
Mahindra,XUV700,2018,2.0,Petrol,Manual,134988,7,3,465000
Mahindra,XUV700,2025,2.2,Diesel,Manual,19793,7,1,1335000
Maruti Suzuki,Brezza,2024,1.5,Petrol,Manual,17940,5,1,415000
Toyota,Glanza,2022,1.2,Petrol,Manual,36105,5,2,370000
Hyundai,Verna,2020,1.5,Petrol,IVT,50335,5,1,285000
Mahindra,Thar,2024,2.2,Diesel,Manual,17500,4,1,1195000
Honda,City,2019,1.5,Petrol,Manual,61124,5,3,280000
Toyota,Urban Cruiser Hyryder,2018,1.5,Petrol,Manual,49982,5,2,445000
Hyundai,Verna,2022,1.5,Petrol,IVT,45133,5,1,490000
Honda,City,2026,1.5,Petrol,CVT,2334,5,1,1040000
Maruti Suzuki,Brezza,2024,1.5,Petrol,Manual,14507,5,1,480000
Tata,Nexon EV,2023,0.0,EV,Automatic,35078,5,1,975000
Tata,Tiago,2025,1.2,Petrol,AMT,19980,5,1,320000
Toyota,Innova Crysta,2026,2.3,Diesel,Automatic,2462,7,1,1985000
Tata,Nexon,2023,1.2,Petrol,AMT,31022,5,1,490000
Toyota,Urban Cruiser Hyryder,2020,1.5,Petrol,Manual,69095,5,1,535000
Hyundai,Venue,2024,1.5,Diesel,Manual,14892,5,1,605000
Audi,Q3,2022,2.0,Petrol,DCT,46826,5,1,2825000
Tata,Nexon,2023,1.4,Diesel,Manual,23982,5,1,635000
Mahindra,Thar,2025,2.1,Petrol,Manual,7868,4,1,875000
Kia,Sonet,2026,1.6,Diesel,Automatic,3192,5,1,890000
Maruti Suzuki,Alto K10,2020,1.0,Petrol,AMT,79827,5,1,130000
Maruti Suzuki,Alto K10,2022,1.0,Petrol,AMT,36591,5,1,155000
Mahindra,Thar,2023,2.0,Petrol,Manual,18148,4,1,680000
Tata,Safari,2025,2.0,Diesel,Manual,12811,7,1,1465000
Tata,Nexon,2026,1.5,Diesel,AMT,1816,5,1,910000
Honda,Amaze,2021,1.2,Petrol,CVT,44950,5,2,310000
Maruti Suzuki,Baleno,2015,1.2,Petrol,Manual,93446,5,3,100000
Tata,Nexon,2017,1.5,Diesel,AMT,72518,5,2,300000
Mahindra,XUV700,2025,2.0,Petrol,Manual,8077,7,1,1205000
Maruti Suzuki,Ertiga,2024,1.5,Petrol,Manual,18054,7,1,495000
Hyundai,Venue,2026,0.9,Petrol,DCT,2983,5,1,735000
Hyundai,Creta,2023,1.5,Petrol,Manual,44228,5,1,545000
Tata,Nexon,2021,1.5,Diesel,AMT,52114,5,1,495000
Maruti Suzuki,Swift,2025,1.3,Petrol,Manual,10765,5,1,400000
Maruti Suzuki,Alto K10,2021,1.0,Petrol,AMT,89192,5,1,140000
Volkswagen,Virtus,2021,1.5,Petrol,DCT,33745,5,1,925000
Kia,Sonet,2025,1.0,Petrol,Manual,14648,5,1,715000
Kia,Carens,2018,1.6,Petrol,DCT,128453,7,5,320000
Hyundai,i20,2019,1.3,Petrol,IVT,71344,5,1,210000
Toyota,Fortuner,2026,2.8,Diesel,Manual,5433,7,1,3885000
Honda,Amaze,2026,1.2,Petrol,CVT,1928,5,1,755000
Toyota,Glanza,2023,1.3,Petrol,Manual,17039,5,1,440000
Toyota,Urban Cruiser Hyryder,2017,1.5,Petrol,Manual,52739,5,2,420000
Tata,Altroz,2020,1.2,Petrol,Manual,56861,5,2,255000
Toyota,Fortuner,2022,2.8,Diesel,Automatic,37070,7,1,1890000
Toyota,Urban Cruiser Hyryder,2025,1.5,Petrol,Manual,7419,5,1,770000
Toyota,Urban Cruiser Hyryder,2016,1.5,Petrol Hybrid,e-CVT,177624,5,2,310000
Toyota,Urban Cruiser Hyryder,2023,1.5,Petrol Hybrid,e-CVT,40510,5,1,880000
Maruti Suzuki,Swift,2023,1.1,Petrol,Manual,14023,5,1,295000
Hyundai,i20,2016,1.0,Petrol,Manual,220000,5,1,95000
Mahindra,Thar,2021,2.2,Diesel,Automatic,29835,4,1,670000
Toyota,Urban Cruiser Hyryder,2017,1.5,Petrol Hybrid,e-CVT,147885,5,2,420000
Maruti Suzuki,Baleno,2026,1.2,Petrol,Manual,3464,5,1,480000
Tata,Tiago,2026,1.2,Petrol,Manual,1500,5,1,295000
Mahindra,XUV700,2025,2.1,Petrol,Manual,9113,7,1,1335000
Kia,Carens,2023,1.6,Petrol,Manual,44537,7,1,1045000
Toyota,Fortuner,2023,2.8,Diesel,Manual,42079,7,1,2125000
Hyundai,i20,2025,1.2,Petrol,IVT,9692,5,1,455000
Maruti Suzuki,Baleno,2022,1.2,Petrol,AMT,31123,5,1,170000
Tata,Altroz,2026,1.2,Petrol,DCT,7198,5,1,480000
Maruti Suzuki,Baleno,2020,1.2,Petrol,Manual,52033,5,1,250000
Maruti Suzuki,Wagon R,2023,1.2,Petrol,Manual,48369,5,1,260000
Tata,Nexon,2017,1.2,Petrol,DCT,79669,5,4,240000
Hyundai,Venue,2024,1.1,Petrol,Manual,15858,5,1,550000
BMW,X1,2024,1.5,Petrol,Automatic,16324,5,1,5090000
Honda,Amaze,2026,1.2,Petrol,CVT,1500,5,1,850000
Toyota,Urban Cruiser Hyryder,2020,1.6,Petrol Hybrid,e-CVT,62509,5,3,875000
Tata,Altroz,2024,1.2,Petrol,DCT,19318,5,1,540000
Tata,Nexon EV,2025,0.0,EV,Automatic,13878,5,1,865000
Mahindra,XUV700,2024,2.0,Petrol,Automatic,30347,7,1,1050000
Toyota,Innova Crysta,2024,2.4,Diesel,Automatic,15901,7,1,1515000
Mahindra,Thar,2023,2.0,Petrol,Manual,33461,4,1,570000
Hyundai,i20,2017,1.0,Petrol,Manual,95321,5,1,180000
Tata,Harrier,2025,2.0,Diesel,Automatic,19456,5,1,1345000
Honda,City,2024,1.6,Petrol,Manual,21059,5,1,545000
Honda,Amaze,2026,1.2,Petrol,CVT,3560,5,1,725000
Maruti Suzuki,Swift,2023,1.2,Petrol,Manual,38300,5,1,215000
Maruti Suzuki,Baleno,2017,1.2,Petrol,Manual,114706,5,2,120000
Maruti Suzuki,Alto K10,2025,1.0,Petrol,Manual,7688,5,1,190000
Hyundai,Venue,2019,1.5,Diesel,Manual,48602,5,2,295000
Mahindra,XUV700,2021,2.2,Diesel,Automatic,75064,7,2,815000
Hyundai,Verna,2024,1.5,Petrol,DCT,12920,5,1,820000
Volkswagen,Virtus,2026,1.0,Petrol,Automatic,4382,5,1,1210000
Hyundai,Grand i10 Nios,2026,1.2,Petrol,Manual,6149,5,1,375000
Kia,Seltos,2025,1.5,Diesel,Manual,5381,5,1,1165000
Toyota,Urban Cruiser Hyryder,2024,1.5,Petrol,Manual,20212,5,1,865000
Toyota,Glanza,2026,1.2,Petrol,AMT,1500,5,1,755000
Tata,Tiago,2025,1.2,Petrol,AMT,17058,5,1,320000
Tata,Safari,2025,2.1,Diesel,Automatic,7142,7,1,1270000
Skoda,Kushaq,2026,1.5,Petrol,DCT,2311,5,1,1350000
Toyota,Urban Cruiser Hyryder,2026,1.6,Petrol Hybrid,e-CVT,6171,5,1,1235000
Honda,Amaze,2026,1.1,Petrol,Manual,2382,5,1,715000
Tata,Altroz,2023,1.2,Petrol,Manual,24630,5,2,295000
BMW,X1,2020,1.6,Petrol,Automatic,41891,5,1,2335000
Maruti Suzuki,Baleno,2021,1.2,Petrol,AMT,70307,5,1,250000
Kia,Carens,2024,1.5,Petrol,Manual,28950,7,1,1005000
Hyundai,Venue,2026,1.5,Diesel,Automatic,2368,5,1,735000
Maruti Suzuki,Baleno,2022,1.2,Petrol,AMT,25268,5,2,230000
Maruti Suzuki,Brezza,2023,1.5,Petrol,Manual,55698,5,1,390000
Mahindra,XUV300,2025,1.2,Petrol,AMT,4355,5,1,780000
Kia,Seltos,2022,1.5,Petrol,IVT,53623,5,1,615000
Maruti Suzuki,Swift,2017,1.2,Petrol,Manual,81708,5,1,105000
Hyundai,Verna,2016,1.5,Petrol,DCT,167719,5,5,200000
Mercedes-Benz,GLA,2024,1.4,Petrol,DCT,27376,5,1,4340000
Maruti Suzuki,Baleno,2025,1.2,Petrol,Manual,5145,5,1,385000
Mahindra,XUV300,2026,1.2,Petrol,Manual,1500,5,1,665000
Maruti Suzuki,Swift,2019,1.2,Petrol,Manual,73926,5,1,145000
Hyundai,Creta,2022,1.5,Diesel,Manual,62173,5,1,590000
Kia,Sonet,2025,1.1,Petrol,iMT,9310,5,1,795000
Tata,Tiago,2022,1.2,Petrol,AMT,69819,5,1,160000
Maruti Suzuki,Alto K10,2023,0.9,Petrol,AMT,23010,5,1,185000
Hyundai,Venue,2022,1.4,Diesel,Manual,54574,5,2,485000
Tata,Altroz,2024,1.2,Petrol,Manual,10409,5,1,530000
Maruti Suzuki,Swift,2023,1.3,Petrol,AMT,50704,5,3,285000
Tata,Harrier,2018,2.0,Diesel,Manual,65418,5,2,360000
Maruti Suzuki,Brezza,2020,1.5,Petrol,Manual,105168,5,1,210000
Tata,Altroz,2020,1.2,Petrol,DCT,44932,5,2,290000
Mahindra,Thar,2026,2.2,Diesel,Manual,4279,4,1,1125000
Tata,Punch,2020,1.2,Petrol,AMT,40985,5,4,305000
Maruti Suzuki,Baleno,2021,1.2,Petrol,Manual,36494,5,1,315000
Mahindra,XUV300,2020,1.3,Petrol,Manual,32316,5,2,405000
Skoda,Kushaq,2024,1.5,Petrol,DCT,9509,5,1,1145000
Tata,Punch,2021,1.2,Petrol,AMT,26426,5,2,285000
Maruti Suzuki,Swift,2026,1.3,Petrol,Manual,4020,5,1,470000
Mahindra,Scorpio N,2023,2.2,Diesel,Manual,18319,7,1,910000
Volvo,XC40,2017,2.0,Petrol,Automatic,59896,5,3,1495000
Mercedes-Benz,C-Class,2023,1.5,Petrol,Automatic,17210,5,1,4345000
Toyota,Urban Cruiser Hyryder,2023,1.5,Petrol,Automatic,32240,5,1,700000
Hyundai,Venue,2025,1.0,Petrol,Manual,6204,5,1,665000
Hyundai,Verna,2021,1.6,Petrol,DCT,53486,5,1,395000
Mahindra,Scorpio N,2019,2.2,Diesel,Manual,69854,7,2,585000
Tata,Nexon,2026,1.5,Diesel,Manual,2913,5,1,750000
Maruti Suzuki,Alto K10,2026,1.0,Petrol,Manual,1977,5,1,315000
Maruti Suzuki,Swift,2024,1.2,Petrol,AMT,21015,5,1,255000
BYD,Atto 3,2023,0.0,EV,Automatic,40003,5,1,2375000
Tata,Safari,2024,1.9,Diesel,Automatic,19524,7,1,1285000
Honda,Amaze,2018,1.2,Petrol,CVT,101711,5,3,200000
Hyundai,Venue,2023,1.5,Diesel,Manual,37015,5,2,450000
Tata,Punch,2026,1.2,Petrol,Manual,2510,5,1,560000
Volkswagen,Taigun,2019,1.0,Petrol,Automatic,80596,5,1,380000
Maruti Suzuki,Alto K10,2020,1.0,Petrol,AMT,42420,5,1,130000
Kia,Sonet,2021,1.0,Petrol,DCT,28631,5,1,475000
Toyota,Innova Crysta,2017,2.3,Diesel,Automatic,126827,7,1,510000
Hyundai,Verna,2022,1.5,Petrol,DCT,45158,5,1,555000
Tata,Nexon,2026,1.5,Diesel,Manual,2394,5,1,905000
Tata,Harrier,2026,2.0,Diesel,Manual,4347,5,1,1675000
Tata,Altroz,2020,1.1,Petrol,DCT,57332,5,2,300000
Toyota,Innova Crysta,2023,2.4,Diesel,Manual,42309,7,1,1130000
BMW,5 Series,2022,2.0,Petrol,Automatic,51872,5,1,4135000
Mahindra,XUV300,2025,1.2,Petrol,Manual,10942,5,1,595000
Hyundai,Creta,2018,1.5,Petrol,Automatic,74495,5,3,255000
Honda,Amaze,2020,1.2,Petrol,CVT,38434,5,1,285000
Toyota,Urban Cruiser Hyryder,2024,1.5,Petrol Hybrid,e-CVT,27761,5,1,1090000
Toyota,Glanza,2018,1.2,Petrol,Manual,108811,5,1,225000
Maruti Suzuki,Brezza,2023,1.5,Petrol,Manual,35968,5,1,420000
Kia,Seltos,2021,1.5,Diesel,Manual,62203,5,2,605000
Hyundai,Creta,2024,1.5,Petrol,Manual,21865,5,1,1035000
Maruti Suzuki,Ertiga,2026,1.5,Petrol,Automatic,2458,7,1,575000
Mahindra,Thar,2017,2.3,Diesel,Automatic,134706,4,2,410000
Tata,Safari,2025,2.0,Diesel,Manual,14990,7,1,1635000
Hyundai,Venue,2026,1.5,Diesel,Automatic,3582,5,1,810000
Hyundai,Venue,2024,1.0,Petrol,DCT,15906,5,1,585000
Tata,Punch,2020,1.2,Petrol,AMT,38495,5,3,270000
Hyundai,Creta,2026,1.5,Petrol,IVT,2803,5,1,1015000
Mahindra,Thar,2019,2.0,Petrol,Automatic,83476,4,3,415000
Volkswagen,Virtus,2022,1.1,Petrol,Manual,52532,5,2,690000
Mercedes-Benz,A-Class Limousine,2026,1.3,Petrol,DCT,2328,5,1,5885000
Hyundai,Creta,2023,1.5,Petrol,Manual,15059,5,1,540000
Tata,Safari,2018,2.0,Diesel,Manual,66693,7,2,570000
Volkswagen,Taigun,2021,1.5,Petrol,DCT,75663,5,1,830000
Toyota,Fortuner,2026,2.8,Diesel,Manual,1500,7,1,2290000
Hyundai,Verna,2016,1.5,Petrol,DCT,102342,5,3,260000
Kia,Carens,2018,1.5,Petrol,Manual,50329,7,2,370000
Kia,Sonet,2017,1.4,Diesel,Manual,77211,5,1,270000
Tata,Nexon,2025,1.3,Petrol,AMT,17855,5,1,680000
Hyundai,Creta,2023,1.5,Petrol,IVT,20971,5,1,840000
Hyundai,Venue,2024,1.0,Petrol,Manual,25203,5,1,560000
Tata,Nexon,2025,1.2,Petrol,AMT,5403,5,1,780000
Hyundai,Grand i10 Nios,2026,1.1,Petrol,AMT,1772,5,1,375000
Kia,Seltos,2020,1.5,Petrol,IVT,48692,5,2,405000
Tata,Punch,2025,1.2,Petrol,Manual,12884,5,1,470000
Skoda,Kushaq,2022,1.4,Petrol,DCT,44455,5,1,675000
Tata,Altroz,2025,1.2,Petrol,DCT,14614,5,1,460000
Skoda,Kushaq,2019,1.0,Petrol,Manual,51706,5,1,475000
Honda,City,2022,1.5,Petrol,Manual,30248,5,2,660000
Maruti Suzuki,Swift,2026,1.2,Petrol,Manual,7486,5,1,450000
Toyota,Urban Cruiser Hyryder,2022,1.5,Petrol,Manual,26866,5,3,780000
BMW,3 Series,2019,2.0,Petrol,Automatic,87695,5,2,2105000
Maruti Suzuki,Ertiga,2023,1.5,Petrol,Manual,45208,7,1,455000
Volkswagen,Taigun,2023,1.5,Petrol,DCT,50018,5,2,895000
Mahindra,Thar,2022,2.0,Petrol,Manual,52085,4,1,825000
Toyota,Innova Crysta,2025,2.4,Diesel,Automatic,9811,7,1,1840000
Mahindra,XUV700,2023,2.1,Diesel,Manual,71804,7,1,795000
Hyundai,Venue,2015,1.4,Diesel,Automatic,130849,5,1,180000
Mahindra,XUV300,2022,1.2,Petrol,Manual,23846,5,1,575000
Hyundai,Verna,2023,1.5,Petrol,Manual,20627,5,1,555000
Toyota,Urban Cruiser Hyryder,2019,1.5,Petrol,Automatic,122332,5,1,475000
Tata,Tiago,2022,1.1,Petrol,Manual,26624,5,1,275000
Hyundai,Creta,2026,1.5,Petrol,Automatic,3324,5,1,1300000
Mahindra,XUV700,2023,2.3,Diesel,Automatic,40188,7,1,815000
Kia,Seltos,2024,1.5,Petrol,IVT,23258,5,1,900000
Hyundai,Venue,2024,1.0,Petrol,DCT,18270,5,1,430000
Maruti Suzuki,Swift,2021,1.1,Petrol,Manual,31853,5,2,185000
Toyota,Fortuner,2017,2.9,Diesel,Manual,85381,7,4,950000
Hyundai,Creta,2026,1.5,Petrol,Automatic,1501,5,1,1160000
Kia,Carens,2020,1.4,Petrol,Manual,58967,7,2,485000
Honda,City,2015,1.4,Petrol Hybrid,e-CVT,83189,5,1,405000
Skoda,Slavia,2026,1.0,Petrol,Manual,3399,5,1,1130000
Maruti Suzuki,Swift,2020,1.2,Petrol,Manual,82283,5,1,200000
Maruti Suzuki,Baleno,2022,1.2,Petrol,AMT,55725,5,1,300000
Tata,Harrier,2026,2.0,Diesel,Automatic,2725,5,1,1605000
Hyundai,i20,2023,0.9,Petrol,DCT,35597,5,1,400000
Kia,Sonet,2021,1.0,Petrol,DCT,34998,5,1,510000
Hyundai,Venue,2017,1.4,Diesel,Automatic,60747,5,3,265000
Tata,Nexon,2024,1.2,Petrol,Manual,26806,5,1,550000
Mahindra,XUV700,2025,2.3,Diesel,Manual,10092,7,1,1385000
Honda,Amaze,2018,1.2,Petrol,CVT,95900,5,4,225000
Hyundai,Venue,2024,1.5,Diesel,Manual,21235,5,1,420000
Mahindra,Scorpio N,2020,2.2,Diesel,Automatic,67851,7,1,665000
Mahindra,XUV300,2025,1.3,Petrol,AMT,9761,5,1,485000
Kia,Sonet,2026,1.5,Diesel,Automatic,1859,5,1,1110000
Toyota,Urban Cruiser Hyryder,2016,1.4,Petrol,Automatic,59079,5,1,435000
Hyundai,i20,2025,1.2,Petrol,Manual,5210,5,1,440000
Mahindra,XUV700,2026,2.2,Diesel,Automatic,2152,7,1,1585000
Volkswagen,Taigun,2016,1.6,Petrol,DCT,201334,5,1,270000
Mahindra,XUV700,2025,2.1,Petrol,Manual,8466,7,1,1290000
Hyundai,i20,2019,1.2,Petrol,Manual,85266,5,3,135000
Honda,City,2020,1.5,Petrol Hybrid,e-CVT,62700,5,1,680000
Tata,Harrier,2026,2.0,Diesel,Automatic,2452,5,1,1110000
Tata,Tiago,2016,1.2,Petrol,Manual,155796,5,1,70000
Maruti Suzuki,Alto K10,2026,0.9,Petrol,Manual,1835,5,1,335000
Hyundai,Creta,2023,1.5,Petrol,IVT,39941,5,1,770000
Audi,A4,2023,2.0,Petrol,DCT,31124,5,2,2370000
Tata,Altroz,2021,1.1,Petrol,Manual,65177,5,1,335000
Mahindra,XUV300,2020,1.2,Petrol,AMT,67361,5,2,275000
Mahindra,XUV700,2026,2.2,Diesel,Manual,1500,7,1,1165000
Volkswagen,Virtus,2020,1.0,Petrol,Automatic,27886,5,2,515000
Toyota,Glanza,2016,1.2,Petrol,AMT,123573,5,1,200000
Honda,Amaze,2024,1.2,Petrol,Manual,17989,5,1,530000
Mahindra,XUV300,2023,1.2,Petrol,Manual,33396,5,1,455000
Toyota,Urban Cruiser Hyryder,2024,1.5,Petrol Hybrid,e-CVT,19382,5,1,1050000
Tata,Nexon,2017,1.2,Petrol,AMT,61132,5,1,190000
Hyundai,i20,2024,1.0,Petrol,DCT,14205,5,1,470000
Tata,Nexon,2019,1.5,Diesel,Manual,56581,5,3,315000
Hyundai,Grand i10 Nios,2017,1.2,Petrol,AMT,89488,5,4,100000
Mahindra,XUV700,2021,2.2,Diesel,Manual,37212,7,1,905000
Honda,City,2018,1.5,Petrol Hybrid,e-CVT,57698,5,3,565000
Honda,Amaze,2026,1.2,Petrol,CVT,1500,5,1,675000
Maruti Suzuki,Brezza,2023,1.5,Petrol,Manual,32063,5,1,390000
Toyota,Innova Crysta,2021,2.4,Diesel,Automatic,30757,7,1,810000
Hyundai,Grand i10 Nios,2025,1.1,Petrol,AMT,6419,5,1,400000
Tata,Nexon,2024,1.2,Petrol,DCT,21104,5,1,640000
Volkswagen,Virtus,2017,1.5,Petrol,DCT,83361,5,5,345000
Hyundai,Grand i10 Nios,2022,1.2,Petrol,Manual,113005,5,2,185000
Toyota,Innova Crysta,2024,2.4,Diesel,Manual,24956,7,1,1115000
Mahindra,XUV700,2020,2.2,Diesel,Automatic,49138,7,2,645000
Mahindra,XUV700,2024,2.0,Petrol,Manual,16281,7,1,1205000
Hyundai,i20,2021,1.0,Petrol,Manual,43087,5,2,345000
Hyundai,Verna,2024,1.5,Petrol,Manual,40532,5,1,525000
Maruti Suzuki,Wagon R,2024,1.2,Petrol,AMT,28834,5,1,285000
Kia,Seltos,2021,1.5,Diesel,Automatic,33553,5,1,675000
Tata,Nexon EV,2024,0.0,EV,Automatic,15550,5,1,1100000
Hyundai,i20,2023,1.0,Petrol,DCT,37322,5,1,495000
Hyundai,Creta,2024,1.5,Diesel,Automatic,56357,5,1,795000
Tata,Harrier,2019,2.0,Diesel,Automatic,98388,5,1,660000
Tata,Harrier,2018,2.0,Diesel,Manual,93719,5,2,555000
Honda,Amaze,2018,1.2,Petrol,Manual,49803,5,2,245000
Kia,Seltos,2025,1.5,Diesel,Automatic,12476,5,1,1130000
Toyota,Glanza,2021,1.2,Petrol,Manual,56473,5,2,370000
Tata,Nexon,2026,1.5,Diesel,Manual,3799,5,1,975000
Hyundai,Grand i10 Nios,2022,1.2,Petrol,Manual,50531,5,1,225000
Kia,Carens,2021,1.5,Petrol,Manual,70530,7,2,595000
Hyundai,Verna,2021,1.5,Petrol,Manual,72344,5,1,385000
BYD,Atto 3,2025,0.0,EV,Automatic,8836,5,1,2700000
Tata,Safari,2026,2.0,Diesel,Automatic,2709,7,1,1720000
Hyundai,Venue,2026,1.5,Diesel,Manual,1644,5,1,745000
Hyundai,Verna,2019,1.5,Petrol,Manual,88314,5,2,265000
Honda,City,2021,1.5,Petrol,CVT,57227,5,2,420000
Mahindra,Thar,2022,2.2,Diesel,Automatic,57135,4,2,885000
Hyundai,i20,2024,1.0,Petrol,Manual,19222,5,1,520000
Toyota,Glanza,2019,1.3,Petrol,AMT,77293,5,4,275000
Toyota,Urban Cruiser Hyryder,2016,1.5,Petrol,Automatic,197862,5,4,220000
Hyundai,i20,2016,1.1,Petrol,IVT,94472,5,2,125000
Hyundai,Creta,2024,1.6,Diesel,Manual,8406,5,1,625000
Toyota,Urban Cruiser Hyryder,2020,1.5,Petrol Hybrid,e-CVT,66809,5,1,575000
Tata,Nexon EV,2024,0.0,EV,Automatic,26651,5,1,1110000
Kia,Seltos,2025,1.4,Petrol,IVT,8571,5,1,1035000
Mahindra,Thar,2024,2.2,Diesel,Automatic,13036,4,1,1290000
Toyota,Glanza,2025,1.2,Petrol,Manual,8842,5,1,765000
Mahindra,Thar,2020,2.1,Diesel,Manual,36024,4,1,590000
Toyota,Urban Cruiser Hyryder,2026,1.5,Petrol,Automatic,3161,5,1,810000
Toyota,Innova Crysta,2025,2.4,Diesel,Automatic,6466,7,1,1270000
Honda,City,2024,1.5,Petrol Hybrid,e-CVT,29209,5,1,1230000
Skoda,Kushaq,2020,1.5,Petrol,DCT,63094,5,3,530000
Skoda,Kushaq,2016,1.6,Petrol,DCT,78306,5,3,330000
Hyundai,Grand i10 Nios,2022,1.2,Petrol,Manual,30357,5,2,255000
Maruti Suzuki,Ertiga,2025,1.5,Petrol,Manual,9055,7,1,635000
Volkswagen,Taigun,2022,1.0,Petrol,Manual,43214,5,1,770000
Honda,Amaze,2022,1.3,Petrol,CVT,21192,5,1,405000
Honda,City,2021,1.5,Petrol,Manual,42447,5,2,495000
Toyota,Fortuner,2023,2.8,Diesel,Manual,28179,7,1,2290000
Tata,Harrier,2018,2.0,Diesel,Manual,67689,5,2,435000
Kia,Seltos,2026,1.5,Petrol,Manual,1500,5,1,895000
Tata,Safari,2022,2.1,Diesel,Automatic,38078,7,2,1060000
Mahindra,Thar,2023,2.2,Diesel,Automatic,27096,4,1,665000
Toyota,Urban Cruiser Hyryder,2025,1.5,Petrol,Automatic,7593,5,1,1350000
Kia,Sonet,2021,1.5,Diesel,Automatic,59831,5,1,415000
Mahindra,XUV700,2017,2.2,Diesel,Manual,86780,7,3,470000
Hyundai,Creta,2026,1.5,Petrol,Manual,1527,5,1,1160000
Kia,Carens,2021,1.5,Petrol,Manual,32552,7,1,725000
Kia,Sonet,2019,0.9,Petrol,Manual,65190,5,2,290000
Honda,City,2018,1.5,Petrol Hybrid,e-CVT,58787,5,1,685000
Hyundai,Verna,2026,1.4,Petrol,DCT,3500,5,1,1210000
Mahindra,Thar,2023,1.9,Petrol,Automatic,53033,4,2,825000
Toyota,Innova Crysta,2026,2.4,Diesel,Automatic,3820,7,1,1880000
Volkswagen,Virtus,2021,1.0,Petrol,Manual,53129,5,1,630000
Tata,Nexon,2025,1.4,Diesel,Manual,26520,5,1,655000
Mahindra,Scorpio N,2024,2.2,Diesel,Automatic,18671,7,1,835000
BMW,5 Series,2023,2.0,Petrol,Automatic,16666,5,1,5540000
Hyundai,Creta,2021,1.5,Petrol,Manual,63854,5,1,470000
Hyundai,Creta,2020,1.6,Petrol,DCT,70843,5,2,565000
Mahindra,Scorpio N,2020,2.2,Diesel,Manual,29678,7,5,715000
Maruti Suzuki,Brezza,2021,1.5,Petrol,Manual,16327,5,2,395000
Kia,Sonet,2021,1.6,Diesel,Manual,33384,5,2,515000
Kia,Seltos,2017,1.6,Diesel,Automatic,81330,5,4,360000
Maruti Suzuki,Brezza,2024,1.5,Petrol,Manual,29448,5,1,415000
Hyundai,Creta,2016,1.5,Petrol,DCT,78576,5,2,410000
Mahindra,Scorpio N,2024,2.1,Diesel,Manual,11884,7,1,875000
Hyundai,Verna,2023,1.5,Petrol,Manual,20860,5,1,645000
Mahindra,Thar,2021,2.3,Diesel,Manual,53023,4,1,640000
Skoda,Kushaq,2024,1.5,Petrol,DCT,7645,5,1,1035000
Tata,Tiago,2021,1.2,Petrol,Manual,40332,5,1,200000
Toyota,Fortuner,2026,2.8,Diesel,Automatic,2344,7,1,3665000
Hyundai,Creta,2023,1.5,Diesel,Manual,25566,5,1,640000
Tata,Safari,2022,2.0,Diesel,Automatic,64330,7,1,760000
Mahindra,XUV300,2026,1.2,Petrol,Manual,2776,5,1,885000
BYD,Atto 3,2025,0.0,EV,Automatic,9080,5,1,3200000
Toyota,Innova Crysta,2025,2.5,Diesel,Automatic,12856,7,1,1560000
Tata,Harrier,2026,2.0,Diesel,Automatic,2412,5,1,1190000
Mahindra,XUV700,2024,2.2,Diesel,Manual,19959,7,1,1240000
Toyota,Fortuner,2016,2.8,Diesel,Automatic,116664,7,3,850000
Hyundai,Venue,2025,1.5,Diesel,Automatic,11002,5,1,555000
Maruti Suzuki,Brezza,2026,1.5,Petrol,Automatic,1606,5,1,675000
Maruti Suzuki,Brezza,2021,1.5,Petrol,Manual,52676,5,3,340000
Hyundai,Creta,2020,1.5,Petrol,IVT,96291,5,1,395000
Maruti Suzuki,Ertiga,2026,1.5,Petrol,Automatic,3340,7,1,560000
Hyundai,Creta,2026,1.5,Petrol,IVT,3744,5,1,1160000
Maruti Suzuki,Alto K10,2018,1.0,Petrol,AMT,125496,5,1,85000
Maruti Suzuki,Brezza,2022,1.5,Petrol,Automatic,33676,5,1,300000
Tata,Punch,2021,1.2,Petrol,Manual,72098,5,1,270000
Toyota,Fortuner,2026,2.8,Diesel,Manual,1837,7,1,3050000
Maruti Suzuki,Brezza,2024,1.5,Petrol,Manual,20407,5,1,450000
Hyundai,Creta,2020,1.4,Petrol,IVT,30061,5,1,535000
Tata,Nexon,2025,1.2,Petrol,Manual,9783,5,1,635000
Hyundai,i20,2025,1.2,Petrol,IVT,6980,5,1,440000
Kia,Seltos,2024,1.4,Petrol,IVT,26381,5,1,645000
Tata,Tiago,2018,1.3,Petrol,Manual,178430,5,1,130000
Toyota,Fortuner,2015,2.8,Diesel,Manual,209409,7,2,595000
Hyundai,Venue,2021,1.5,Diesel,Automatic,54518,5,1,340000
Maruti Suzuki,Brezza,2023,1.5,Petrol,Automatic,26915,5,1,490000
Mercedes-Benz,A-Class Limousine,2023,1.3,Petrol,DCT,20635,5,3,3155000
Tata,Nexon EV,2020,0.0,EV,Automatic,116431,5,2,480000
Tata,Punch,2026,1.3,Petrol,Manual,5595,5,1,775000
Mahindra,XUV700,2026,2.2,Diesel,Automatic,2648,7,1,1725000
Tata,Tiago,2022,1.2,Petrol,Manual,30455,5,1,205000
Tata,Safari,2022,2.0,Diesel,Manual,50904,7,1,1130000
Maruti Suzuki,Swift,2024,1.2,Petrol,Manual,34624,5,1,260000
BYD,Atto 3,2025,0.0,EV,Automatic,7322,5,1,2945000
Tata,Nexon EV,2024,0.0,EV,Automatic,37806,5,1,1120000
Kia,Seltos,2022,1.5,Petrol,Manual,35196,5,1,580000
Mahindra,XUV300,2026,1.2,Petrol,Manual,1500,5,1,765000
Hyundai,Creta,2026,1.6,Petrol,Automatic,2088,5,1,1430000
Hyundai,Creta,2021,1.6,Petrol,DCT,90059,5,1,470000
Hyundai,Grand i10 Nios,2021,1.3,Petrol,Manual,99517,5,1,130000
Hyundai,Verna,2023,1.5,Petrol,DCT,21081,5,1,585000
Honda,Amaze,2026,1.3,Petrol,Manual,2411,5,1,545000
Hyundai,Verna,2025,1.5,Petrol,DCT,8955,5,1,685000
Tata,Safari,2023,2.0,Diesel,Manual,15294,7,1,975000
Skoda,Kushaq,2024,1.5,Petrol,DCT,27538,5,1,1000000
Kia,Sonet,2023,1.4,Diesel,Automatic,33543,5,3,470000
Kia,Carens,2017,1.5,Petrol,Manual,69880,7,2,495000
Honda,City,2026,1.5,Petrol,CVT,2639,5,1,1150000
Volkswagen,Taigun,2023,1.5,Petrol,DCT,46350,5,1,1020000
Honda,City,2015,1.5,Petrol Hybrid,e-CVT,139691,5,4,205000
Audi,Q3,2025,2.0,Petrol,DCT,8032,5,1,4915000
Tata,Safari,2021,2.0,Diesel,Manual,69994,7,2,760000
Tata,Tiago,2025,1.2,Petrol,AMT,13049,5,1,340000
Tata,Nexon,2015,1.5,Diesel,AMT,137411,5,2,225000
Mahindra,XUV700,2015,2.2,Diesel,Automatic,203481,7,3,280000
Hyundai,Grand i10 Nios,2020,1.2,Petrol,Manual,53199,5,3,220000
Tata,Nexon,2024,1.5,Diesel,AMT,28987,5,1,475000
Mahindra,Thar,2022,2.2,Diesel,Automatic,76815,4,1,745000
Mahindra,XUV700,2024,2.2,Diesel,Manual,18496,7,1,1255000
Maruti Suzuki,Wagon R,2025,1.2,Petrol,Manual,5255,5,1,340000
Tata,Safari,2025,2.0,Diesel,Automatic,5039,7,1,1435000
Hyundai,Venue,2020,1.0,Petrol,Manual,90792,5,2,315000
Tata,Nexon EV,2017,0.0,EV,Automatic,104703,5,2,360000
Mahindra,Thar,2026,2.2,Diesel,Manual,3155,4,1,1165000
Mahindra,XUV700,2020,2.1,Petrol,Automatic,42818,7,1,785000
Toyota,Fortuner,2026,2.8,Diesel,Automatic,2696,7,1,3160000
Kia,Sonet,2024,1.0,Petrol,DCT,27156,5,1,665000
Maruti Suzuki,Alto K10,2026,1.0,Petrol,Manual,1845,5,1,335000
Toyota,Urban Cruiser Hyryder,2023,1.5,Petrol,Manual,62653,5,1,595000
Tata,Harrier,2023,2.1,Diesel,Automatic,22678,5,1,1085000
Mahindra,XUV700,2026,1.9,Petrol,Automatic,1500,7,1,1600000
Mahindra,XUV700,2025,2.0,Petrol,Manual,13202,7,1,1400000
Hyundai,Creta,2018,1.5,Diesel,Automatic,54137,5,3,495000
Volkswagen,Taigun,2019,1.0,Petrol,Automatic,62687,5,1,535000
Hyundai,i20,2021,1.3,Petrol,Manual,77794,5,4,215000
Honda,City,2023,1.5,Petrol,CVT,24602,5,1,780000
Tata,Nexon,2023,1.5,Diesel,AMT,39558,5,1,610000
Hyundai,Grand i10 Nios,2024,1.2,Petrol,AMT,23828,5,1,350000
Mahindra,Thar,2020,2.2,Diesel,Automatic,58176,4,3,575000
Hyundai,Creta,2021,1.5,Petrol,Automatic,22152,5,1,600000
Mahindra,XUV700,2019,2.2,Diesel,Automatic,120620,7,1,700000
Maruti Suzuki,Alto K10,2019,0.9,Petrol,Manual,107175,5,1,110000
Tata,Safari,2026,2.0,Diesel,Automatic,1648,7,1,1660000
Tata,Safari,2026,2.0,Diesel,Manual,3224,7,1,2010000
Hyundai,Verna,2019,1.5,Petrol,DCT,45536,5,2,500000
Toyota,Innova Crysta,2026,2.4,Diesel,Automatic,2034,7,1,1900000
Hyundai,Venue,2025,1.0,Petrol,Manual,9625,5,1,605000
Volkswagen,Taigun,2021,1.6,Petrol,DCT,50904,5,2,870000
Maruti Suzuki,Wagon R,2026,1.2,Petrol,Manual,3254,5,1,495000
Kia,Seltos,2026,1.5,Petrol,Manual,5602,5,1,1245000
Hyundai,i20,2022,1.2,Petrol,IVT,75388,5,1,250000
Maruti Suzuki,Brezza,2026,1.5,Petrol,Manual,2645,5,1,565000
Tata,Punch,2024,1.2,Petrol,AMT,24391,5,1,405000
Maruti Suzuki,Alto K10,2023,1.1,Petrol,AMT,24577,5,1,235000
Mahindra,XUV300,2021,1.2,Petrol,AMT,59145,5,1,455000
Lexus,ES,2016,2.6,Petrol Hybrid,e-CVT,122229,5,1,2330000
Mahindra,XUV300,2018,1.2,Petrol,AMT,87591,5,3,285000
Hyundai,i20,2023,1.0,Petrol,Manual,19756,5,2,470000
Hyundai,Creta,2017,1.5,Diesel,Manual,85205,5,5,315000
Maruti Suzuki,Brezza,2024,1.5,Petrol,Manual,18884,5,1,330000
Tata,Punch,2019,1.3,Petrol,AMT,81103,5,2,210000
Volkswagen,Taigun,2020,1.1,Petrol,Manual,42497,5,2,405000
Honda,City,2022,1.5,Petrol Hybrid,e-CVT,22425,5,2,880000
Maruti Suzuki,Brezza,2022,1.5,Petrol,Automatic,50427,5,2,265000
Mahindra,XUV700,2024,2.0,Petrol,Automatic,26537,7,1,1095000
Maruti Suzuki,Swift,2023,1.2,Petrol,AMT,26327,5,2,250000
Hyundai,Verna,2023,1.5,Petrol,Manual,21184,5,1,520000
Hyundai,Venue,2024,1.5,Diesel,Manual,33264,5,1,685000
Honda,City,2018,1.5,Petrol,CVT,74313,5,2,345000
Hyundai,i20,2021,1.2,Petrol,Manual,66832,5,2,195000
Hyundai,Creta,2026,1.4,Petrol,DCT,3184,5,1,1320000
Mahindra,XUV300,2022,1.3,Petrol,Manual,107926,5,2,370000
Maruti Suzuki,Alto K10,2021,1.0,Petrol,AMT,67945,5,1,145000
Kia,Seltos,2020,1.5,Petrol,Manual,58915,5,1,555000
Volkswagen,Taigun,2023,1.0,Petrol,Manual,28826,5,1,820000
Tata,Nexon EV,2016,0.0,EV,Automatic,112925,5,1,355000
Mahindra,XUV700,2017,2.3,Diesel,Manual,105180,7,3,475000
Hyundai,i20,2018,1.2,Petrol,Manual,60151,5,1,165000
Maruti Suzuki,Alto K10,2020,1.0,Petrol,Manual,38157,5,1,120000
Mahindra,XUV300,2024,1.2,Petrol,AMT,14854,5,1,515000
Maruti Suzuki,Swift,2026,1.2,Petrol,AMT,4271,5,1,410000
Mahindra,XUV700,2025,2.2,Diesel,Manual,11758,7,1,1070000
Tata,Tiago,2025,1.2,Petrol,AMT,10299,5,1,400000
Tata,Nexon,2022,1.2,Petrol,Manual,40397,5,1,550000
Kia,Sonet,2024,1.6,Diesel,Automatic,19913,5,1,510000
Skoda,Kushaq,2026,1.0,Petrol,Automatic,2160,5,1,995000
Tata,Nexon,2017,1.5,Diesel,Manual,98150,5,3,200000
Honda,City,2021,1.5,Petrol Hybrid,e-CVT,61091,5,1,680000
Kia,Carens,2023,1.5,Petrol,Manual,72319,7,1,575000
Hyundai,Grand i10 Nios,2026,1.2,Petrol,Manual,5018,5,1,345000
Maruti Suzuki,Ertiga,2021,1.5,Petrol,Manual,64013,7,2,340000
Tata,Punch,2020,1.2,Petrol,Manual,62378,5,1,235000
Maruti Suzuki,Swift,2022,1.3,Petrol,Manual,85940,5,1,190000
Mahindra,XUV700,2021,2.2,Diesel,Manual,54125,7,1,1040000
Mahindra,XUV300,2021,1.2,Petrol,Manual,40950,5,1,495000
Honda,City,2025,1.5,Petrol,CVT,10387,5,1,1010000
Maruti Suzuki,Alto K10,2023,1.0,Petrol,Manual,23720,5,1,190000
Tata,Safari,2021,2.1,Diesel,Manual,34710,7,1,975000
Hyundai,Venue,2023,1.0,Petrol,Manual,17589,5,1,400000
Maruti Suzuki,Brezza,2021,1.5,Petrol,Manual,45210,5,1,270000
Hyundai,Venue,2023,1.0,Petrol,Manual,49768,5,1,450000
Kia,Sonet,2022,1.0,Petrol,Manual,42890,5,1,350000
Mahindra,Scorpio N,2023,2.2,Diesel,Manual,29048,7,2,795000
Volkswagen,Taigun,2020,1.5,Petrol,DCT,105067,5,3,470000
Kia,Sonet,2022,1.5,Diesel,Automatic,33565,5,2,475000
Maruti Suzuki,Swift,2026,1.2,Petrol,AMT,2877,5,1,380000
Mahindra,Thar,2025,2.0,Petrol,Automatic,9450,4,1,1140000
Tata,Punch,2017,1.2,Petrol,AMT,80296,5,5,170000
Tata,Altroz,2018,1.2,Petrol,Manual,125495,5,5,140000
Kia,Seltos,2024,1.5,Petrol,Manual,15161,5,1,845000
Hyundai,i20,2023,1.2,Petrol,IVT,44530,5,1,315000
Tata,Altroz,2021,1.2,Petrol,Manual,41076,5,2,340000
Tata,Punch,2023,1.2,Petrol,Manual,26237,5,1,410000
Hyundai,Creta,2021,1.5,Petrol,IVT,85554,5,2,495000
Hyundai,Creta,2021,1.5,Petrol,Manual,59352,5,3,500000
Tata,Nexon EV,2022,0.0,EV,Automatic,32940,5,1,800000
Tata,Altroz,2026,1.2,Petrol,Manual,2242,5,1,660000
Tata,Safari,2020,2.1,Diesel,Automatic,112605,7,3,510000
Hyundai,Venue,2026,1.1,Petrol,DCT,3811,5,1,770000
Mahindra,Scorpio N,2026,2.1,Diesel,Manual,1576,7,1,1190000
Hyundai,Venue,2017,0.9,Petrol,Manual,220000,5,4,145000
Hyundai,Verna,2024,1.5,Petrol,Manual,20210,5,1,630000
Volkswagen,Taigun,2018,1.0,Petrol,Automatic,95484,5,2,495000
Kia,Sonet,2022,1.5,Diesel,Automatic,37944,5,1,405000
Tata,Nexon,2024,1.2,Petrol,AMT,17546,5,1,670000
Toyota,Urban Cruiser Hyryder,2023,1.5,Petrol,Automatic,22682,5,1,920000
Honda,Amaze,2022,1.2,Petrol,CVT,48873,5,1,475000
Volkswagen,Taigun,2022,1.5,Petrol,DCT,24810,5,1,1035000
Toyota,Glanza,2017,1.2,Petrol,AMT,129262,5,2,205000
Volkswagen,Taigun,2025,1.4,Petrol,DCT,4381,5,1,1055000
Volkswagen,Taigun,2016,1.5,Petrol,DCT,121458,5,3,335000
Maruti Suzuki,Swift,2026,1.2,Petrol,Manual,2757,5,1,425000
Mahindra,XUV300,2022,1.2,Petrol,Manual,22051,5,2,350000
Tata,Safari,2026,2.0,Diesel,Automatic,1642,7,1,2020000
Kia,Seltos,2022,1.5,Diesel,Manual,45744,5,1,475000
Toyota,Glanza,2022,1.2,Petrol,Manual,18315,5,1,395000
Mahindra,Scorpio N,2022,2.2,Diesel,Automatic,18222,7,1,865000
Tata,Tiago,2017,1.2,Petrol,Manual,156837,5,5,75000
Mahindra,XUV300,2022,1.2,Petrol,AMT,98088,5,1,445000
Tata,Nexon EV,2024,0.0,EV,Automatic,40259,5,1,910000
Toyota,Innova Crysta,2020,2.4,Diesel,Automatic,57556,7,5,800000
Mahindra,Thar,2021,2.2,Diesel,Manual,36411,4,1,785000
Kia,Sonet,2023,1.5,Diesel,Manual,81649,5,2,310000
Maruti Suzuki,Swift,2025,1.2,Petrol,AMT,13726,5,1,400000
Mahindra,XUV700,2023,2.2,Diesel,Manual,13612,7,1,1120000
Mahindra,XUV700,2016,2.1,Petrol,Manual,69920,7,3,430000
Maruti Suzuki,Baleno,2021,1.2,Petrol,AMT,35485,5,3,245000
Mahindra,XUV700,2026,2.0,Petrol,Manual,2299,7,1,1425000
Skoda,Kushaq,2022,1.5,Petrol,DCT,27407,5,2,720000
Tata,Altroz,2025,1.2,Petrol,Manual,11557,5,1,385000
Tata,Tiago,2020,1.2,Petrol,Manual,78324,5,1,135000
Hyundai,Venue,2021,1.5,Diesel,Manual,45366,5,2,335000
Hyundai,i20,2021,1.0,Petrol,Manual,58451,5,1,340000
Mahindra,Thar,2019,2.1,Diesel,Manual,129346,4,2,420000
Audi,A4,2020,2.0,Petrol,DCT,49379,5,2,2285000
Hyundai,Verna,2019,1.5,Petrol,Manual,67334,5,2,310000
Maruti Suzuki,Alto K10,2024,1.0,Petrol,AMT,25371,5,1,165000
Volkswagen,Taigun,2020,0.9,Petrol,Manual,55069,5,2,410000
Tata,Safari,2024,2.0,Diesel,Automatic,30073,7,1,1605000
Maruti Suzuki,Wagon R,2021,1.2,Petrol,Manual,45693,5,1,195000
Honda,City,2025,1.5,Petrol,CVT,10817,5,1,945000
Mahindra,XUV700,2024,2.1,Petrol,Manual,14093,7,1,1105000
Maruti Suzuki,Swift,2026,1.2,Petrol,AMT,2159,5,1,250000
Volkswagen,Taigun,2017,1.0,Petrol,Automatic,71132,5,2,330000
Tata,Harrier,2025,2.0,Diesel,Automatic,8137,5,1,1165000
Hyundai,Venue,2025,1.4,Diesel,Automatic,16843,5,1,425000
Skoda,Kushaq,2021,1.4,Petrol,DCT,66540,5,2,620000
Audi,Q3,2022,2.0,Petrol,DCT,59064,5,1,2390000
Mahindra,Thar,2023,2.1,Diesel,Manual,54372,4,1,885000
Skoda,Kushaq,2015,1.5,Petrol,DCT,181834,5,5,225000
BMW,X1,2021,1.5,Petrol,Automatic,25958,5,1,2350000
Tata,Safari,2018,2.0,Diesel,Manual,130283,7,1,490000
Honda,City,2026,1.4,Petrol,CVT,2526,5,1,1045000
Mahindra,Thar,2026,2.0,Petrol,Automatic,2280,4,1,1235000
Hyundai,Grand i10 Nios,2024,1.2,Petrol,Manual,18654,5,1,235000
Kia,Seltos,2019,1.5,Petrol,IVT,79691,5,1,410000
Mahindra,Thar,2025,2.2,Diesel,Automatic,11265,4,1,1115000
Tata,Punch,2026,1.2,Petrol,Manual,2234,5,1,620000
Maruti Suzuki,Baleno,2025,1.2,Petrol,Manual,7664,5,1,510000
Maruti Suzuki,Baleno,2023,1.2,Petrol,AMT,32463,5,1,385000
Hyundai,Creta,2024,1.5,Petrol,DCT,44387,5,1,965000
Tata,Nexon,2024,1.4,Diesel,AMT,21696,5,1,670000
Toyota,Innova Crysta,2020,2.4,Diesel,Automatic,127896,7,1,775000
Hyundai,Verna,2022,1.5,Petrol,DCT,83306,5,2,525000
Maruti Suzuki,Wagon R,2026,1.2,Petrol,Manual,2510,5,1,415000
Maruti Suzuki,Baleno,2025,1.2,Petrol,AMT,6108,5,1,540000
Toyota,Urban Cruiser Hyryder,2017,1.4,Petrol,Manual,103302,5,3,250000
Honda,City,2021,1.5,Petrol Hybrid,e-CVT,44608,5,1,810000
Kia,Sonet,2016,1.1,Petrol,Manual,80541,5,3,200000
Maruti Suzuki,Baleno,2025,1.2,Petrol,AMT,6179,5,1,370000
Tata,Punch,2026,1.3,Petrol,Manual,2258,5,1,545000
Honda,City,2020,1.4,Petrol Hybrid,e-CVT,66976,5,2,620000
Maruti Suzuki,Swift,2024,1.3,Petrol,Manual,33259,5,1,325000
Hyundai,Verna,2022,1.5,Petrol,DCT,43391,5,2,690000
Kia,Carens,2018,1.5,Petrol,DCT,100814,7,1,430000
Tata,Nexon,2019,1.6,Diesel,AMT,58744,5,3,380000
Maruti Suzuki,Wagon R,2018,1.2,Petrol,Manual,64989,5,1,155000
Maruti Suzuki,Ertiga,2021,1.5,Petrol,Automatic,52032,7,1,320000
Hyundai,Venue,2017,0.9,Petrol,DCT,66162,5,3,205000
Kia,Sonet,2026,1.5,Diesel,Automatic,3954,5,1,935000
Hyundai,i20,2021,1.0,Petrol,DCT,30296,5,1,465000
Toyota,Urban Cruiser Hyryder,2025,1.5,Petrol Hybrid,e-CVT,14036,5,1,1020000
Maruti Suzuki,Baleno,2024,1.2,Petrol,Manual,18888,5,1,410000
Mahindra,Thar,2019,2.2,Diesel,Automatic,84415,4,3,565000
Tata,Safari,2017,2.0,Diesel,Manual,52886,7,2,670000
Maruti Suzuki,Wagon R,2019,1.2,Petrol,AMT,62917,5,2,170000
Mahindra,XUV300,2024,1.2,Petrol,AMT,35185,5,1,595000
Maruti Suzuki,Swift,2022,1.2,Petrol,Manual,71556,5,1,255000
Hyundai,i20,2021,1.2,Petrol,IVT,44247,5,1,245000
Honda,City,2020,1.5,Petrol,CVT,48946,5,2,505000
Toyota,Urban Cruiser Hyryder,2021,1.5,Petrol,Manual,100097,5,1,475000
Tata,Punch,2024,1.2,Petrol,AMT,28082,5,1,355000
Tata,Nexon,2016,1.5,Diesel,AMT,115226,5,2,220000
Maruti Suzuki,Brezza,2024,1.4,Petrol,Automatic,16392,5,1,560000
Kia,Seltos,2023,1.5,Diesel,Automatic,52308,5,1,790000
Maruti Suzuki,Brezza,2023,1.5,Petrol,Automatic,15761,5,2,475000
Toyota,Urban Cruiser Hyryder,2025,1.5,Petrol,Automatic,14149,5,1,1240000
Hyundai,Grand i10 Nios,2022,1.2,Petrol,AMT,60295,5,2,210000
Kia,Carens,2026,1.5,Petrol,Manual,3131,7,1,1535000
Hyundai,Venue,2021,1.5,Diesel,Automatic,27590,5,1,360000
Tata,Nexon,2023,1.3,Petrol,Manual,14058,5,1,345000
Kia,Sonet,2025,1.0,Petrol,iMT,11920,5,1,810000
Kia,Sonet,2018,1.5,Diesel,Manual,81512,5,2,320000
Honda,City,2023,1.4,Petrol Hybrid,e-CVT,30596,5,1,1110000
Kia,Sonet,2019,1.0,Petrol,Manual,168514,5,3,200000
Maruti Suzuki,Swift,2026,1.1,Petrol,Manual,2487,5,1,395000
Hyundai,Creta,2018,1.5,Petrol,Automatic,129643,5,3,305000
Hyundai,Verna,2024,1.5,Petrol,Manual,20767,5,1,575000
Hyundai,Creta,2018,1.5,Petrol,IVT,51200,5,2,355000
Toyota,Fortuner,2024,2.8,Diesel,Manual,31339,7,1,2590000
Honda,City,2023,1.5,Petrol,CVT,47468,5,1,695000
Hyundai,i20,2021,1.2,Petrol,IVT,166639,5,2,200000
Maruti Suzuki,Swift,2025,1.2,Petrol,Manual,11143,5,1,335000
Hyundai,Venue,2021,1.5,Diesel,Manual,71594,5,1,385000
Hyundai,Creta,2025,1.5,Diesel,Manual,10774,5,1,825000
Hyundai,Creta,2023,1.5,Petrol,Automatic,22888,5,1,730000
Kia,Sonet,2025,1.1,Petrol,Manual,7784,5,1,525000
Mahindra,Thar,2018,2.0,Petrol,Automatic,76391,4,1,365000
Kia,Sonet,2019,1.0,Petrol,DCT,61941,5,4,370000
Volkswagen,Virtus,2024,1.5,Petrol,DCT,25335,5,1,1140000
Hyundai,i20,2025,1.0,Petrol,Manual,9541,5,1,565000
Mahindra,XUV700,2017,2.2,Diesel,Automatic,89862,7,2,480000
Mahindra,XUV700,2021,2.2,Diesel,Automatic,24924,7,2,1015000
Hyundai,Creta,2024,1.5,Petrol,IVT,26412,5,1,625000
Mahindra,Scorpio N,2022,2.2,Diesel,Manual,39585,7,3,655000
Skoda,Kushaq,2026,1.5,Petrol,DCT,1809,5,1,1285000
Hyundai,Creta,2026,1.5,Diesel,Manual,1995,5,1,1415000
Tata,Punch,2025,1.3,Petrol,AMT,12670,5,1,510000
Mahindra,XUV300,2025,1.3,Petrol,Manual,12093,5,1,635000
Hyundai,Verna,2015,1.5,Petrol,Manual,92991,5,2,265000
Volkswagen,Taigun,2026,1.0,Petrol,Manual,2706,5,1,1030000
Maruti Suzuki,Swift,2019,1.3,Petrol,AMT,66403,5,1,115000
Hyundai,Venue,2023,1.0,Petrol,Manual,22085,5,1,545000
Mercedes-Benz,GLA,2026,1.3,Petrol,DCT,3715,5,1,5465000
Hyundai,i20,2026,1.0,Petrol,DCT,1531,5,1,830000
Toyota,Urban Cruiser Hyryder,2017,1.5,Petrol Hybrid,e-CVT,71880,5,4,445000
Kia,Carens,2025,1.5,Petrol,DCT,9380,7,1,1600000
Honda,City,2024,1.5,Petrol,CVT,21157,5,1,695000
Tata,Nexon,2025,1.2,Petrol,Manual,10037,5,1,755000
Mercedes-Benz,GLA,2017,1.3,Petrol,DCT,131353,5,2,1440000
Skoda,Kushaq,2021,1.1,Petrol,Manual,58584,5,2,575000
Mahindra,XUV300,2015,1.2,Petrol,AMT,140398,5,1,205000
Tata,Safari,2024,2.0,Diesel,Manual,16702,7,1,1505000
Kia,Sonet,2024,1.5,Diesel,Manual,11721,5,1,685000
Maruti Suzuki,Alto K10,2015,1.0,Petrol,Manual,49074,5,3,90000
Hyundai,Creta,2018,1.5,Petrol,Automatic,79710,5,3,380000
Mahindra,XUV700,2018,2.2,Diesel,Automatic,76808,7,1,580000
Kia,Carens,2017,1.6,Petrol,DCT,63364,7,4,420000
Hyundai,Venue,2018,1.5,Diesel,Manual,77543,5,3,265000
Hyundai,Venue,2022,1.5,Diesel,Manual,20333,5,1,515000
Toyota,Urban Cruiser Hyryder,2026,1.4,Petrol Hybrid,e-CVT,2387,5,1,1270000
Tata,Tiago,2018,1.3,Petrol,AMT,77612,5,3,100000
Hyundai,i20,2023,1.2,Petrol,IVT,25022,5,1,355000
Hyundai,i20,2026,1.2,Petrol,Manual,1500,5,1,405000
Hyundai,Creta,2024,1.5,Petrol,Manual,16379,5,1,755000
Mahindra,Thar,2022,2.0,Petrol,Manual,19933,4,1,700000
Kia,Sonet,2018,0.9,Petrol,iMT,115837,5,2,285000
Mahindra,Thar,2019,2.1,Petrol,Manual,49528,4,4,455000
Kia,Seltos,2023,1.5,Petrol,IVT,18174,5,2,535000
Hyundai,Venue,2024,1.5,Diesel,Automatic,30514,5,1,545000
Tata,Nexon,2020,1.5,Diesel,Manual,59745,5,1,485000
Maruti Suzuki,Ertiga,2026,1.5,Petrol,Automatic,1500,7,1,900000
Hyundai,Creta,2019,1.5,Petrol,Manual,75276,5,1,395000
Kia,Seltos,2019,1.6,Diesel,Manual,53934,5,1,475000
Hyundai,Verna,2023,1.5,Petrol,Manual,71606,5,1,530000
Mahindra,Thar,2017,2.1,Diesel,Automatic,76254,4,1,410000
Kia,Seltos,2022,1.5,Petrol,Manual,44144,5,1,545000
Mahindra,XUV700,2024,1.9,Petrol,Automatic,27046,7,1,1295000
Maruti Suzuki,Baleno,2025,1.2,Petrol,AMT,12189,5,1,480000
Toyota,Fortuner,2016,2.8,Diesel,Automatic,92040,7,4,895000
Hyundai,Verna,2024,1.5,Petrol,Manual,9479,5,1,850000
Hyundai,i20,2021,1.2,Petrol,IVT,33087,5,1,320000
Hyundai,Venue,2020,1.0,Petrol,Manual,80185,5,1,265000
Audi,A4,2022,2.0,Petrol,DCT,58661,5,1,2920000
Hyundai,Grand i10 Nios,2026,1.2,Petrol,Manual,2211,5,1,430000
Kia,Sonet,2026,1.0,Petrol,iMT,2355,5,1,755000
Mahindra,XUV700,2016,2.0,Petrol,Manual,119020,7,2,380000
Hyundai,Verna,2024,1.5,Petrol,Manual,20442,5,1,705000
Kia,Seltos,2021,1.4,Petrol,IVT,52046,5,5,360000
Kia,Seltos,2024,1.5,Petrol,IVT,13902,5,1,740000
Toyota,Urban Cruiser Hyryder,2023,1.4,Petrol,Manual,41446,5,1,930000
Mahindra,Thar,2026,2.0,Petrol,Automatic,3351,4,1,1125000
Kia,Seltos,2024,1.5,Diesel,Automatic,17855,5,1,685000
Mahindra,Thar,2026,1.9,Petrol,Manual,1632,4,1,890000
Volkswagen,Taigun,2018,1.5,Petrol,DCT,98196,5,3,410000
Tata,Altroz,2023,1.2,Petrol,Manual,25064,5,1,425000
Toyota,Fortuner,2026,2.9,Diesel,Manual,2217,7,1,3325000
Tata,Nexon EV,2021,0.0,EV,Automatic,81036,5,1,675000
Hyundai,Creta,2023,1.5,Diesel,Manual,19549,5,1,725000
Mercedes-Benz,C-Class,2021,1.5,Petrol,Automatic,95697,5,2,2980000
Volkswagen,Taigun,2019,1.5,Petrol,DCT,98103,5,2,625000
Kia,Carens,2023,1.5,Petrol,Manual,18895,7,2,910000
Toyota,Urban Cruiser Hyryder,2025,1.6,Petrol,Manual,9318,5,1,950000
Honda,Amaze,2026,1.2,Petrol,Manual,1967,5,1,825000
Kia,Sonet,2022,1.4,Diesel,Automatic,74246,5,1,480000
Skoda,Slavia,2022,0.9,Petrol,Automatic,31013,5,1,710000
Kia,Carens,2026,1.5,Petrol,Manual,2040,7,1,1530000
Maruti Suzuki,Swift,2025,1.2,Petrol,Manual,13813,5,1,325000
Hyundai,Verna,2020,1.5,Petrol,Manual,54845,5,1,565000
Hyundai,Grand i10 Nios,2019,1.2,Petrol,AMT,113501,5,1,120000
Maruti Suzuki,Wagon R,2022,1.2,Petrol,AMT,26702,5,2,200000
Hyundai,i20,2015,1.0,Petrol,Manual,129221,5,4,135000
Toyota,Urban Cruiser Hyryder,2022,1.5,Petrol,Automatic,42958,5,1,505000
Toyota,Innova Crysta,2018,2.4,Diesel,Automatic,123521,7,2,635000
Maruti Suzuki,Ertiga,2026,1.5,Petrol,Manual,1981,7,1,790000
Hyundai,Creta,2021,1.5,Petrol,IVT,66642,5,1,585000
Skoda,Kushaq,2026,1.5,Petrol,DCT,4131,5,1,1025000
Toyota,Urban Cruiser Hyryder,2023,1.5,Petrol,Manual,32941,5,1,740000
Mahindra,Thar,2021,2.2,Diesel,Automatic,49289,4,1,715000
Kia,Sonet,2026,1.5,Diesel,Manual,2626,5,1,755000
Volkswagen,Taigun,2020,1.1,Petrol,Manual,26257,5,1,585000
Hyundai,Venue,2023,1.0,Petrol,DCT,29039,5,2,410000
Maruti Suzuki,Swift,2017,1.1,Petrol,Manual,106092,5,2,110000
Tata,Harrier,2019,2.0,Diesel,Automatic,44903,5,3,645000
Mahindra,Thar,2015,2.0,Petrol,Manual,85427,4,4,270000
Kia,Sonet,2022,1.1,Petrol,iMT,37885,5,1,395000
Honda,City,2024,1.5,Petrol Hybrid,e-CVT,24618,5,1,1055000
Hyundai,i20,2024,1.1,Petrol,IVT,14702,5,1,370000
Tata,Safari,2017,2.0,Diesel,Manual,91710,7,1,530000
Hyundai,i20,2026,1.2,Petrol,Manual,1886,5,1,485000
Tata,Altroz,2020,1.2,Petrol,Manual,53401,5,1,320000
Maruti Suzuki,Wagon R,2018,1.2,Petrol,AMT,105876,5,1,130000
Tata,Nexon,2023,1.5,Diesel,AMT,63863,5,2,480000
Tata,Tiago,2021,1.2,Petrol,Manual,72343,5,1,180000
Volkswagen,Taigun,2026,1.5,Petrol,DCT,1863,5,1,1805000
Volkswagen,Taigun,2024,1.0,Petrol,Manual,16683,5,1,705000
Hyundai,Creta,2022,1.5,Diesel,Manual,40026,5,2,635000
Toyota,Urban Cruiser Hyryder,2026,1.5,Petrol Hybrid,e-CVT,1650,5,1,2195000
Hyundai,Verna,2017,1.5,Petrol,DCT,62118,5,5,280000
Honda,Amaze,2025,1.2,Petrol,Manual,5206,5,1,685000
Kia,Carens,2019,1.5,Petrol,Manual,86614,7,1,415000
Mahindra,XUV700,2023,2.2,Diesel,Manual,28669,7,1,1105000
Maruti Suzuki,Wagon R,2021,1.2,Petrol,Manual,35454,5,2,205000
Kia,Sonet,2026,1.5,Diesel,Manual,2051,5,1,915000
Kia,Carens,2024,1.5,Petrol,DCT,30833,7,1,815000
Tata,Punch,2023,1.2,Petrol,Manual,27925,5,1,455000
Mahindra,XUV300,2024,1.2,Petrol,AMT,29472,5,1,480000
Hyundai,Creta,2025,1.5,Petrol,IVT,27215,5,1,880000
Maruti Suzuki,Alto K10,2026,1.0,Petrol,Manual,1500,5,1,300000
Tata,Tiago,2020,1.1,Petrol,Manual,53462,5,3,190000
Tata,Nexon EV,2026,0.0,EV,Automatic,4142,5,1,1610000
Hyundai,Creta,2023,1.5,Petrol,IVT,26750,5,1,650000
Honda,City,2025,1.5,Petrol,Manual,7736,5,1,885000
Tata,Harrier,2017,2.1,Diesel,Manual,72584,5,3,390000
Hyundai,Verna,2022,1.6,Petrol,DCT,11530,5,2,655000
Mahindra,Thar,2025,2.0,Petrol,Automatic,9396,4,1,1065000
Skoda,Kushaq,2025,1.4,Petrol,DCT,11728,5,1,1490000
Volkswagen,Taigun,2018,1.5,Petrol,DCT,23793,5,1,485000
Kia,Seltos,2025,1.5,Diesel,Automatic,5015,5,1,1215000
Volkswagen,Taigun,2022,1.5,Petrol,DCT,42513,5,2,955000
Hyundai,Grand i10 Nios,2024,1.3,Petrol,Manual,9774,5,1,335000
Tata,Nexon,2021,1.2,Petrol,AMT,52599,5,1,425000
Hyundai,Grand i10 Nios,2016,1.2,Petrol,Manual,69848,5,1,110000
Hyundai,Creta,2021,1.6,Petrol,IVT,55634,5,1,555000
Kia,Seltos,2024,1.4,Diesel,Automatic,20792,5,1,800000
Kia,Sonet,2021,1.5,Diesel,Automatic,39644,5,1,545000
Tata,Altroz,2023,1.2,Petrol,Manual,54393,5,1,400000
Mahindra,Scorpio N,2019,2.2,Diesel,Manual,90618,7,3,445000
Honda,City,2018,1.5,Petrol,Manual,103756,5,3,335000
Tata,Tiago,2023,1.2,Petrol,AMT,29891,5,1,235000
Skoda,Kushaq,2019,1.1,Petrol,Automatic,94224,5,1,505000
Maruti Suzuki,Brezza,2021,1.5,Petrol,Automatic,58701,5,1,280000
Volkswagen,Virtus,2022,1.4,Petrol,DCT,42249,5,1,1000000
Honda,City,2021,1.5,Petrol,CVT,30579,5,1,595000
Kia,Seltos,2015,1.5,Petrol,Manual,69967,5,5,235000
Hyundai,Grand i10 Nios,2020,1.2,Petrol,AMT,52243,5,3,150000
Toyota,Innova Crysta,2018,2.4,Diesel,Manual,111581,7,3,535000
Hyundai,Verna,2020,1.5,Petrol,Manual,119634,5,3,270000
Maruti Suzuki,Brezza,2022,1.5,Petrol,Automatic,58797,5,1,330000
Honda,Amaze,2024,1.2,Petrol,Manual,28769,5,1,545000
Tata,Nexon EV,2026,0.0,EV,Automatic,2502,5,1,865000
Mahindra,Thar,2022,2.2,Diesel,Manual,31056,4,1,890000
Tata,Punch,2024,1.2,Petrol,AMT,21921,5,1,400000
Volkswagen,Virtus,2022,1.5,Petrol,DCT,49772,5,1,645000
Kia,Seltos,2019,1.4,Diesel,Manual,65215,5,1,360000
Hyundai,Grand i10 Nios,2019,1.1,Petrol,Manual,88044,5,3,130000
Volkswagen,Virtus,2016,1.0,Petrol,Manual,166428,5,2,215000
Toyota,Innova Crysta,2025,2.5,Diesel,Automatic,9454,7,1,1585000
Tata,Nexon,2019,1.5,Diesel,AMT,135822,5,1,305000
Hyundai,Creta,2016,1.5,Petrol,Manual,98365,5,3,240000
Kia,Seltos,2018,1.5,Diesel,Manual,66427,5,1,405000
Hyundai,Verna,2024,1.4,Petrol,IVT,19248,5,1,595000
Volkswagen,Taigun,2017,1.5,Petrol,DCT,82585,5,2,380000
Hyundai,Venue,2023,1.5,Diesel,Manual,26098,5,1,555000
Volkswagen,Taigun,2017,1.4,Petrol,DCT,53109,5,2,530000
Toyota,Glanza,2022,1.2,Petrol,Manual,37939,5,1,390000
Hyundai,Venue,2021,1.5,Diesel,Manual,51013,5,2,430000
Tata,Tiago,2022,1.2,Petrol,Manual,51972,5,1,220000
Mahindra,Scorpio N,2019,2.2,Diesel,Automatic,64504,7,2,625000
Hyundai,Grand i10 Nios,2016,1.2,Petrol,AMT,101768,5,2,90000
Maruti Suzuki,Brezza,2024,1.5,Petrol,Manual,19164,5,1,440000
Hyundai,i20,2022,1.0,Petrol,DCT,34995,5,1,425000
Mahindra,Thar,2026,2.2,Diesel,Manual,3796,4,1,1500000
Tata,Harrier,2025,2.1,Diesel,Automatic,9546,5,1,895000
Honda,Amaze,2023,1.2,Petrol,CVT,49805,5,2,465000
Mahindra,Thar,2019,2.2,Diesel,Automatic,70055,4,1,505000
Toyota,Fortuner,2023,2.8,Diesel,Automatic,21458,7,2,2180000
Honda,City,2019,1.4,Petrol,Manual,70348,5,3,385000
Tata,Nexon,2021,1.3,Petrol,DCT,58448,5,1,360000
Hyundai,i20,2024,1.0,Petrol,DCT,16794,5,1,565000
Hyundai,i20,2022,1.2,Petrol,IVT,66397,5,1,245000
Maruti Suzuki,Alto K10,2024,1.0,Petrol,Manual,24688,5,1,230000
Maruti Suzuki,Baleno,2026,1.3,Petrol,Manual,2749,5,1,470000
Tata,Harrier,2026,2.0,Diesel,Automatic,1772,5,1,1865000
Volvo,XC40,2022,2.0,Petrol,Automatic,35706,5,1,2965000
Tata,Tiago,2026,1.2,Petrol,Manual,1602,5,1,405000
Maruti Suzuki,Brezza,2024,1.5,Petrol,Manual,27069,5,1,375000
Maruti Suzuki,Brezza,2025,1.5,Petrol,Manual,7337,5,1,550000
Toyota,Fortuner,2016,2.7,Diesel,Manual,132087,7,1,900000
Skoda,Slavia,2023,1.0,Petrol,Automatic,23712,5,1,855000
Tata,Punch,2022,1.1,Petrol,Manual,50521,5,1,290000
Maruti Suzuki,Brezza,2017,1.6,Petrol,Automatic,152129,5,3,135000
Toyota,Innova Crysta,2026,2.4,Diesel,Automatic,1921,7,1,2025000
Kia,Sonet,2022,1.0,Petrol,Manual,25272,5,1,370000
Skoda,Kushaq,2026,1.0,Petrol,Manual,3472,5,1,1430000
Hyundai,Venue,2025,1.0,Petrol,DCT,10706,5,1,650000
Tata,Safari,2021,2.0,Diesel,Manual,51359,7,1,825000
Tata,Nexon,2021,1.4,Diesel,Manual,41024,5,1,550000
Hyundai,Creta,2022,1.5,Diesel,Manual,87894,5,1,540000
Tata,Punch,2022,1.3,Petrol,AMT,48039,5,2,345000
Hyundai,Verna,2021,1.5,Petrol,IVT,31348,5,1,490000
Hyundai,i20,2017,1.2,Petrol,Manual,82030,5,3,165000
Honda,City,2024,1.5,Petrol Hybrid,e-CVT,35510,5,1,1325000
Volkswagen,Taigun,2026,1.5,Petrol,DCT,2473,5,1,1540000
Hyundai,Creta,2016,1.5,Diesel,Automatic,96581,5,2,270000
Maruti Suzuki,Swift,2020,1.2,Petrol,AMT,40945,5,2,180000
Toyota,Innova Crysta,2016,2.5,Diesel,Automatic,170975,7,3,395000
Hyundai,i20,2023,1.2,Petrol,IVT,36224,5,2,240000
Hyundai,Verna,2020,1.4,Petrol,IVT,150467,5,1,360000
Toyota,Innova Crysta,2024,2.5,Diesel,Manual,22553,7,1,1470000
Kia,Seltos,2023,1.6,Petrol,IVT,25862,5,1,840000
Mahindra,XUV300,2026,1.2,Petrol,AMT,1832,5,1,895000
Skoda,Slavia,2023,1.0,Petrol,Automatic,37016,5,1,815000
Tata,Nexon EV,2026,0.0,EV,Automatic,2362,5,1,1260000
Audi,A4,2022,2.0,Petrol,DCT,71434,5,2,2145000
Honda,Amaze,2025,1.3,Petrol,CVT,6073,5,1,695000
Mahindra,XUV700,2017,2.3,Diesel,Manual,70552,7,2,540000
Tata,Nexon EV,2022,0.0,EV,Automatic,68492,5,1,800000
Mahindra,Scorpio N,2024,2.2,Diesel,Automatic,15140,7,1,945000
Kia,Sonet,2024,0.9,Petrol,iMT,31757,5,1,675000
Kia,Seltos,2022,1.4,Diesel,Automatic,30530,5,2,685000
Tata,Altroz,2025,1.2,Petrol,Manual,11587,5,1,570000
Kia,Carens,2015,1.5,Petrol,Manual,114334,7,5,225000
Toyota,Fortuner,2021,2.8,Diesel,Manual,48686,7,1,1580000
Toyota,Urban Cruiser Hyryder,2022,1.6,Petrol Hybrid,e-CVT,50449,5,1,1275000
Hyundai,Creta,2015,1.5,Petrol,DCT,134654,5,3,220000
Hyundai,Creta,2025,1.5,Diesel,Manual,6633,5,1,945000
Mahindra,XUV700,2019,2.0,Petrol,Manual,146131,7,2,410000
Maruti Suzuki,Swift,2024,1.2,Petrol,Manual,14247,5,1,335000
Hyundai,Creta,2025,1.5,Diesel,Manual,13122,5,1,920000
Tata,Tiago,2026,1.2,Petrol,Manual,4213,5,1,360000
Toyota,Urban Cruiser Hyryder,2026,1.5,Petrol,Manual,4634,5,1,1015000
Maruti Suzuki,Swift,2021,1.3,Petrol,AMT,56312,5,2,225000
Kia,Seltos,2015,1.4,Petrol,Manual,148331,5,2,275000
Tata,Nexon,2024,1.5,Diesel,Manual,18682,5,1,800000
Mahindra,XUV300,2026,1.2,Petrol,AMT,4474,5,1,710000
Mahindra,Thar,2024,2.2,Diesel,Automatic,23893,4,1,945000
Toyota,Fortuner,2023,2.8,Diesel,Automatic,18971,7,1,2130000
Maruti Suzuki,Swift,2021,1.2,Petrol,AMT,41009,5,1,185000
Hyundai,Venue,2016,0.9,Petrol,Manual,83116,5,3,160000
Maruti Suzuki,Baleno,2023,1.1,Petrol,Manual,46798,5,2,255000
Tata,Safari,2026,2.0,Diesel,Automatic,2210,7,1,1820000
Kia,Sonet,2026,1.0,Petrol,DCT,2007,5,1,775000
Honda,City,2020,1.5,Petrol,Manual,43577,5,1,565000
Mahindra,XUV700,2021,2.0,Petrol,Manual,42366,7,3,770000
Maruti Suzuki,Baleno,2018,1.2,Petrol,Manual,48543,5,3,190000
Mahindra,XUV700,2021,2.0,Petrol,Automatic,44782,7,2,860000
Mahindra,Scorpio N,2023,2.1,Diesel,Automatic,45213,7,1,985000
Maruti Suzuki,Baleno,2022,1.1,Petrol,AMT,51491,5,2,235000
Tata,Nexon,2017,1.3,Petrol,Manual,121300,5,2,170000
Toyota,Glanza,2015,1.1,Petrol,Manual,220000,5,2,200000
Honda,City,2017,1.5,Petrol,CVT,83902,5,1,270000
Volkswagen,Virtus,2026,1.0,Petrol,Automatic,2535,5,1,885000
Kia,Sonet,2018,1.0,Petrol,DCT,81110,5,4,245000
Hyundai,Creta,2024,1.6,Petrol,DCT,59128,5,1,800000
Tata,Nexon EV,2026,0.0,EV,Automatic,1853,5,1,1650000
Kia,Sonet,2021,1.0,Petrol,Manual,72645,5,1,275000
Hyundai,i20,2021,1.2,Petrol,IVT,22772,5,2,315000
Mahindra,XUV300,2018,1.2,Petrol,AMT,48818,5,3,255000
Mahindra,Scorpio N,2018,2.2,Diesel,Manual,57372,7,1,510000
Tata,Nexon,2015,1.2,Petrol,Manual,138254,5,5,125000
Honda,City,2023,1.5,Petrol Hybrid,e-CVT,46167,5,1,720000
Maruti Suzuki,Swift,2023,1.2,Petrol,Manual,21197,5,1,345000
Volvo,XC60,2022,2.0,Petrol Hybrid,Automatic,27513,5,1,4440000
Maruti Suzuki,Brezza,2024,1.5,Petrol,Manual,27464,5,1,475000
Mahindra,Thar,2015,2.0,Petrol,Manual,146641,4,5,205000
Honda,City,2015,1.5,Petrol Hybrid,e-CVT,48001,5,2,415000
Kia,Seltos,2015,1.4,Diesel,Automatic,90697,5,3,290000
Tata,Harrier,2019,1.9,Diesel,Manual,112240,5,1,525000
Toyota,Urban Cruiser Hyryder,2026,1.4,Petrol Hybrid,e-CVT,1500,5,1,1670000
Hyundai,Creta,2022,1.5,Diesel,Automatic,47569,5,1,700000
Hyundai,Creta,2019,1.5,Petrol,DCT,89030,5,2,480000
Kia,Carens,2021,1.5,Petrol,DCT,32625,7,2,855000
Maruti Suzuki,Alto K10,2021,1.0,Petrol,Manual,68651,5,1,160000
Hyundai,Creta,2023,1.5,Petrol,Manual,33641,5,1,715000
Maruti Suzuki,Swift,2026,1.2,Petrol,Manual,1533,5,1,305000
Maruti Suzuki,Baleno,2018,1.2,Petrol,AMT,72323,5,1,140000
Toyota,Fortuner,2025,2.8,Diesel,Manual,11310,7,1,2715000
Kia,Sonet,2016,1.4,Diesel,Automatic,85467,5,2,310000
Hyundai,Creta,2018,1.5,Diesel,Manual,106355,5,3,295000
Maruti Suzuki,Brezza,2021,1.5,Petrol,Manual,57875,5,2,285000
Mahindra,Thar,2018,2.0,Petrol,Automatic,48266,4,1,435000
Tata,Safari,2021,2.0,Diesel,Manual,92603,7,3,735000
Hyundai,Creta,2023,1.5,Petrol,DCT,42449,5,1,880000
BMW,X1,2022,1.5,Petrol,Automatic,30461,5,3,3175000
Toyota,Innova Crysta,2026,2.3,Diesel,Manual,2930,7,1,1925000
Mahindra,XUV300,2021,1.2,Petrol,Manual,49786,5,1,420000
Hyundai,Verna,2025,1.5,Petrol,IVT,12129,5,1,560000
Kia,Sonet,2026,1.0,Petrol,DCT,3505,5,1,630000
Mahindra,XUV300,2016,1.2,Petrol,Manual,73421,5,1,200000
Mahindra,Thar,2018,2.1,Diesel,Manual,111930,4,3,405000
Mahindra,XUV700,2023,2.2,Diesel,Automatic,25064,7,2,985000
Maruti Suzuki,Swift,2026,1.2,Petrol,AMT,1897,5,1,315000
Honda,Amaze,2023,1.2,Petrol,Manual,33200,5,1,320000
Toyota,Innova Crysta,2026,2.3,Diesel,Automatic,1500,7,1,1775000
Mahindra,Scorpio N,2021,2.2,Diesel,Automatic,47200,7,2,855000
Kia,Sonet,2025,0.9,Petrol,Manual,15506,5,1,700000
Maruti Suzuki,Brezza,2026,1.5,Petrol,Manual,4163,5,1,615000
Toyota,Urban Cruiser Hyryder,2020,1.5,Petrol,Manual,40011,5,1,730000
Hyundai,Grand i10 Nios,2016,1.3,Petrol,AMT,95786,5,4,105000
Kia,Seltos,2021,1.5,Diesel,Manual,53267,5,1,720000
Honda,City,2025,1.5,Petrol Hybrid,e-CVT,9369,5,1,1625000
Hyundai,i20,2024,1.2,Petrol,Manual,11834,5,1,490000
Hyundai,i20,2025,1.0,Petrol,Manual,7729,5,1,585000
Maruti Suzuki,Ertiga,2026,1.6,Petrol,Manual,2226,7,1,705000
Tata,Safari,2026,2.0,Diesel,Manual,3479,7,1,1615000
Maruti Suzuki,Alto K10,2024,1.0,Petrol,AMT,13154,5,1,240000
Hyundai,Venue,2026,1.5,Diesel,Automatic,3064,5,1,1130000
Honda,Amaze,2025,1.3,Petrol,Manual,20695,5,1,540000
Kia,Carens,2024,1.5,Petrol,DCT,15146,7,1,890000
Tata,Punch,2022,1.2,Petrol,Manual,41772,5,2,430000
Tata,Altroz,2022,1.2,Petrol,DCT,19270,5,1,345000
Mahindra,XUV300,2021,1.2,Petrol,Manual,37507,5,2,465000
Hyundai,Venue,2018,1.5,Diesel,Automatic,93036,5,3,255000
Tata,Tiago,2022,1.2,Petrol,AMT,42404,5,3,175000
Maruti Suzuki,Swift,2020,1.2,Petrol,AMT,82490,5,2,150000
Honda,Amaze,2022,1.1,Petrol,Manual,51311,5,1,255000
Hyundai,Creta,2023,1.5,Diesel,Automatic,25282,5,1,670000
Mahindra,XUV700,2020,2.0,Petrol,Automatic,53803,7,2,620000
Hyundai,Venue,2023,1.4,Diesel,Manual,34553,5,2,525000
Mahindra,XUV700,2022,2.0,Petrol,Automatic,50825,7,1,715000
Maruti Suzuki,Swift,2015,1.3,Petrol,AMT,192535,5,2,65000
Kia,Sonet,2023,1.4,Diesel,Manual,25705,5,1,800000
Maruti Suzuki,Baleno,2015,1.2,Petrol,AMT,101088,5,3,140000
Hyundai,i20,2024,1.0,Petrol,DCT,17656,5,1,600000
Mahindra,XUV700,2021,2.2,Diesel,Automatic,25154,7,2,775000
Toyota,Innova Crysta,2026,2.3,Diesel,Automatic,2126,7,1,1905000
Hyundai,Grand i10 Nios,2023,1.3,Petrol,Manual,32034,5,3,250000
Hyundai,i20,2018,1.2,Petrol,IVT,133366,5,2,150000
Hyundai,i20,2024,1.1,Petrol,Manual,24773,5,1,570000
Kia,Carens,2024,1.6,Petrol,Manual,25008,7,1,740000
Skoda,Kushaq,2025,1.0,Petrol,Automatic,14628,5,1,1315000
Mahindra,Thar,2019,2.2,Diesel,Manual,65281,4,1,585000
Hyundai,i20,2015,1.2,Petrol,Manual,220000,5,2,85000
Mahindra,Scorpio N,2026,2.2,Diesel,Automatic,2793,7,1,1315000
Toyota,Urban Cruiser Hyryder,2024,1.5,Petrol Hybrid,e-CVT,16904,5,1,1380000
Mahindra,Scorpio N,2023,2.1,Diesel,Manual,38103,7,2,755000
Tata,Safari,2024,2.0,Diesel,Automatic,12660,7,1,1660000
Mahindra,XUV300,2026,1.2,Petrol,Manual,2927,5,1,825000
Hyundai,Venue,2021,1.0,Petrol,DCT,41236,5,2,370000
Kia,Carens,2018,1.5,Petrol,DCT,69117,7,1,445000
Tata,Punch,2026,1.2,Petrol,Manual,2287,5,1,615000
Mahindra,XUV700,2023,2.3,Diesel,Manual,22323,7,1,780000
Maruti Suzuki,Alto K10,2026,1.0,Petrol,AMT,5160,5,1,295000
Kia,Carens,2021,1.5,Petrol,Manual,32117,7,1,630000
Maruti Suzuki,Swift,2025,1.2,Petrol,Manual,9379,5,1,350000
Hyundai,i20,2019,1.2,Petrol,Manual,50727,5,2,195000
Tata,Nexon,2026,1.2,Petrol,DCT,3297,5,1,715000
Hyundai,Venue,2020,1.5,Diesel,Automatic,34585,5,1,445000
Maruti Suzuki,Baleno,2022,1.2,Petrol,Manual,38771,5,3,250000
Hyundai,Verna,2019,1.5,Petrol,Manual,115170,5,1,335000
Hyundai,i20,2026,1.0,Petrol,DCT,2992,5,1,625000
Toyota,Urban Cruiser Hyryder,2025,1.5,Petrol,Manual,14107,5,1,985000
Mahindra,XUV700,2023,2.2,Diesel,Automatic,26059,7,1,1250000
Mahindra,Thar,2023,2.2,Diesel,Automatic,15988,4,1,600000
BMW,3 Series,2020,2.1,Petrol,Automatic,29740,5,1,3100000
Hyundai,Verna,2026,1.6,Petrol,Manual,1500,5,1,1115000
Mercedes-Benz,GLA,2023,1.3,Petrol,DCT,34615,5,1,4425000
Hyundai,Venue,2021,1.1,Petrol,DCT,37834,5,1,380000
Maruti Suzuki,Baleno,2023,1.2,Petrol,Manual,48833,5,1,340000
Tata,Safari,2023,2.2,Diesel,Automatic,52725,7,1,1145000
Mahindra,Thar,2026,2.2,Diesel,Automatic,5006,4,1,1255000
Kia,Sonet,2021,1.0,Petrol,Manual,29130,5,1,440000
Hyundai,i20,2023,1.2,Petrol,Manual,32424,5,1,370000
Maruti Suzuki,Baleno,2026,1.2,Petrol,Manual,3607,5,1,530000
Mahindra,Thar,2026,2.3,Diesel,Manual,2262,4,1,1260000
Maruti Suzuki,Baleno,2018,1.2,Petrol,Manual,100914,5,2,145000
Hyundai,Venue,2017,1.0,Petrol,Manual,123978,5,4,175000
Tata,Altroz,2026,1.2,Petrol,DCT,2256,5,1,455000
Maruti Suzuki,Brezza,2025,1.6,Petrol,Automatic,8610,5,1,490000
Hyundai,Verna,2020,1.5,Petrol,Manual,69138,5,1,435000
Mahindra,XUV300,2016,1.2,Petrol,Manual,100525,5,4,225000
Volkswagen,Virtus,2024,1.0,Petrol,Manual,21056,5,1,525000
Maruti Suzuki,Wagon R,2026,1.2,Petrol,Manual,5365,5,1,440000
Tata,Altroz,2016,1.2,Petrol,DCT,77174,5,3,190000
Mahindra,Thar,2024,2.1,Diesel,Automatic,26158,4,1,1145000
Toyota,Urban Cruiser Hyryder,2026,1.5,Petrol Hybrid,e-CVT,2974,5,1,2180000
Maruti Suzuki,Wagon R,2026,1.1,Petrol,AMT,4682,5,1,335000
Tata,Altroz,2021,1.2,Petrol,DCT,40246,5,3,325000
Hyundai,Grand i10 Nios,2025,1.2,Petrol,AMT,12779,5,1,410000
Volkswagen,Taigun,2022,1.4,Petrol,DCT,41016,5,2,790000
Mahindra,Thar,2015,2.2,Diesel,Manual,54039,4,2,340000
Honda,City,2024,1.5,Petrol,Manual,25461,5,1,865000
Mahindra,Thar,2024,2.2,Diesel,Automatic,39231,4,1,865000
Tata,Punch,2026,1.2,Petrol,Manual,1909,5,1,515000
Tata,Punch,2022,1.3,Petrol,AMT,25022,5,1,340000
Tata,Nexon,2026,1.5,Diesel,Manual,2118,5,1,710000
Volkswagen,Virtus,2025,1.0,Petrol,Manual,7401,5,1,1050000
Honda,City,2024,1.5,Petrol Hybrid,e-CVT,24626,5,1,1175000
Tata,Harrier,2019,2.0,Diesel,Automatic,57587,5,2,470000
Kia,Sonet,2024,1.1,Petrol,Manual,16330,5,1,590000
Mahindra,Thar,2021,2.0,Petrol,Manual,99069,4,3,490000
Honda,City,2025,1.5,Petrol Hybrid,e-CVT,5539,5,1,1700000
Hyundai,Verna,2026,1.6,Petrol,Manual,3854,5,1,1225000
Maruti Suzuki,Brezza,2016,1.5,Petrol,Manual,88781,5,5,155000
Tata,Safari,2026,2.0,Diesel,Manual,2567,7,1,1880000
Toyota,Glanza,2025,1.2,Petrol,AMT,12453,5,1,725000
Mahindra,XUV700,2026,2.0,Petrol,Manual,2836,7,1,1100000
Tata,Punch,2025,1.2,Petrol,AMT,11888,5,1,600000
Mahindra,Thar,2025,2.2,Diesel,Automatic,9593,4,1,1115000
Tata,Altroz,2025,1.2,Petrol,DCT,7476,5,1,575000
Mahindra,XUV700,2025,2.0,Petrol,Manual,7146,7,1,1310000
Toyota,Fortuner,2024,2.8,Diesel,Automatic,15765,7,1,2645000
Maruti Suzuki,Baleno,2024,1.2,Petrol,AMT,18643,5,1,415000
Hyundai,i20,2017,1.0,Petrol,Manual,52704,5,1,210000
Hyundai,Venue,2026,1.6,Diesel,Automatic,3499,5,1,835000
Mahindra,Thar,2021,2.0,Petrol,Manual,19948,4,1,555000
Volkswagen,Virtus,2025,1.6,Petrol,DCT,7649,5,1,1540000
Toyota,Innova Crysta,2023,2.3,Diesel,Manual,68176,7,1,1200000
Maruti Suzuki,Brezza,2026,1.5,Petrol,Manual,3503,5,1,545000
BYD,Atto 3,2024,0.0,EV,Automatic,16909,5,1,2060000
Toyota,Innova Crysta,2026,2.4,Diesel,Manual,2412,7,1,1940000
Maruti Suzuki,Brezza,2026,1.4,Petrol,Automatic,1513,5,1,745000
Maruti Suzuki,Baleno,2026,1.1,Petrol,Manual,2428,5,1,490000
Tata,Harrier,2019,2.0,Diesel,Manual,93578,5,1,610000
Tata,Punch,2024,1.2,Petrol,Manual,29408,5,1,495000
Toyota,Glanza,2020,1.2,Petrol,Manual,54961,5,1,315000
Honda,Amaze,2026,1.1,Petrol,Manual,2428,5,1,660000
Mahindra,Scorpio N,2021,2.2,Diesel,Manual,68259,7,1,655000
Mahindra,Thar,2021,2.2,Diesel,Manual,74297,4,1,630000
Tata,Nexon,2025,1.5,Diesel,Manual,9068,5,1,920000
Tata,Safari,2020,1.9,Diesel,Automatic,59563,7,1,765000
Tata,Nexon,2022,1.2,Petrol,DCT,18026,5,4,545000
Tata,Nexon,2020,1.2,Petrol,DCT,54105,5,2,355000
Kia,Carens,2018,1.5,Petrol,DCT,96001,7,2,460000
Hyundai,Creta,2021,1.4,Diesel,Manual,48729,5,3,545000
Kia,Seltos,2017,1.5,Diesel,Automatic,84624,5,2,335000
Hyundai,i20,2021,1.1,Petrol,DCT,65422,5,2,240000
BYD,Atto 3,2019,0.0,EV,Automatic,69688,5,5,1455000
Tata,Nexon,2026,1.1,Petrol,AMT,1664,5,1,745000
Toyota,Urban Cruiser Hyryder,2025,1.4,Petrol,Automatic,13207,5,1,805000
Maruti Suzuki,Alto K10,2026,1.0,Petrol,AMT,2855,5,1,315000
BMW,X1,2017,1.5,Petrol,Automatic,80877,5,2,1325000
Mahindra,Thar,2018,2.0,Petrol,Manual,70487,4,2,365000
Hyundai,Grand i10 Nios,2017,1.2,Petrol,Manual,43172,5,3,105000
Tata,Punch,2024,1.2,Petrol,AMT,9127,5,1,420000
Volkswagen,Taigun,2026,1.5,Petrol,DCT,1500,5,1,1165000
Hyundai,Venue,2024,1.5,Diesel,Automatic,13967,5,1,530000
Hyundai,i20,2024,1.0,Petrol,DCT,31483,5,1,545000
Mahindra,XUV300,2022,1.2,Petrol,AMT,61416,5,2,545000
Kia,Seltos,2019,1.5,Petrol,Manual,65664,5,1,455000
BMW,X1,2025,1.5,Petrol,Automatic,14520,5,1,4670000
Mahindra,Scorpio N,2018,2.2,Diesel,Automatic,80064,7,3,420000
Mahindra,XUV700,2021,2.2,Diesel,Manual,67460,7,1,795000
Hyundai,Creta,2026,1.5,Petrol,Manual,2902,5,1,1025000
Hyundai,Verna,2022,1.5,Petrol,Manual,67142,5,1,420000
Mahindra,Thar,2024,2.2,Diesel,Automatic,28438,4,1,825000
Tata,Harrier,2021,2.0,Diesel,Automatic,100855,5,1,650000
Mahindra,XUV700,2023,2.1,Petrol,Manual,24085,7,1,970000
Mahindra,XUV700,2020,2.2,Diesel,Automatic,30840,7,2,650000
Tata,Tiago,2026,1.1,Petrol,AMT,4322,5,1,275000
Tata,Punch,2016,1.2,Petrol,AMT,65872,5,3,190000
Tata,Harrier,2023,2.0,Diesel,Automatic,19536,5,1,905000
Hyundai,i20,2017,1.0,Petrol,DCT,68649,5,1,275000
Hyundai,i20,2024,1.0,Petrol,DCT,30437,5,1,670000
Honda,City,2024,1.6,Petrol Hybrid,e-CVT,15877,5,1,1040000
Mahindra,Scorpio N,2024,2.2,Diesel,Automatic,26194,7,1,910000
Honda,City,2023,1.5,Petrol,Manual,41161,5,1,670000
Volvo,XC40,2026,1.9,Petrol,Automatic,3378,5,1,3945000
Tata,Punch,2017,1.2,Petrol,Manual,110231,5,3,150000
Skoda,Kushaq,2016,1.0,Petrol,Automatic,113991,5,2,300000
Toyota,Urban Cruiser Hyryder,2024,1.5,Petrol,Manual,20871,5,1,830000
Tata,Tiago,2020,1.2,Petrol,AMT,37511,5,3,195000
Hyundai,i20,2024,1.2,Petrol,Manual,17786,5,1,380000
Honda,City,2026,1.5,Petrol,Manual,3604,5,1,945000
Hyundai,Verna,2026,1.5,Petrol,IVT,1500,5,1,1005000
Mahindra,Thar,2020,2.0,Petrol,Manual,89422,4,2,405000
Toyota,Innova Crysta,2026,2.4,Diesel,Manual,1754,7,1,1735000
Tata,Altroz,2025,1.2,Petrol,DCT,15649,5,1,555000
Mahindra,Scorpio N,2025,2.2,Diesel,Manual,9709,7,1,1500000
Maruti Suzuki,Wagon R,2021,1.2,Petrol,Manual,68609,5,1,195000
Maruti Suzuki,Wagon R,2022,1.2,Petrol,AMT,50444,5,1,225000
Hyundai,i20,2025,1.2,Petrol,Manual,6640,5,1,420000
Hyundai,Grand i10 Nios,2024,1.2,Petrol,Manual,12718,5,1,295000
Hyundai,Creta,2020,1.5,Petrol,IVT,55356,5,1,405000
Mahindra,Scorpio N,2024,2.3,Diesel,Manual,19166,7,1,1035000
Mercedes-Benz,A-Class Limousine,2023,1.3,Petrol,DCT,22638,5,1,3430000
Hyundai,Creta,2026,1.4,Diesel,Automatic,3294,5,1,1160000
Hyundai,Creta,2026,1.5,Petrol,DCT,1500,5,1,960000
Honda,City,2023,1.5,Petrol Hybrid,e-CVT,23733,5,1,835000
Hyundai,Creta,2021,1.6,Petrol,DCT,58880,5,1,405000
Hyundai,Creta,2026,1.6,Diesel,Manual,1869,5,1,835000
Kia,Carens,2025,1.5,Petrol,DCT,6599,7,1,1410000
Kia,Seltos,2019,1.5,Petrol,IVT,37721,5,1,525000
BYD,Atto 3,2023,0.0,EV,Automatic,47018,5,1,2490000
Tata,Tiago,2024,1.2,Petrol,AMT,26935,5,1,335000
Toyota,Glanza,2024,1.3,Petrol,Manual,14985,5,1,535000
Hyundai,Creta,2025,1.5,Petrol,IVT,8029,5,1,985000
Honda,City,2021,1.5,Petrol Hybrid,e-CVT,53769,5,2,625000
Mahindra,XUV700,2022,2.2,Diesel,Manual,69214,7,1,835000
Maruti Suzuki,Ertiga,2023,1.5,Petrol,Automatic,38625,7,1,435000
Hyundai,Verna,2025,1.5,Petrol,Manual,11177,5,1,835000
Mahindra,Scorpio N,2020,2.2,Diesel,Manual,51829,7,1,710000
Hyundai,Venue,2024,1.4,Diesel,Manual,23533,5,1,650000
Honda,Amaze,2022,1.1,Petrol,Manual,50071,5,1,335000
Tata,Nexon EV,2024,0.0,EV,Automatic,22952,5,1,930000
Maruti Suzuki,Brezza,2022,1.5,Petrol,Automatic,17919,5,1,395000
Hyundai,Creta,2026,1.4,Petrol,DCT,2460,5,1,1320000
Tata,Nexon,2024,1.5,Diesel,Manual,11013,5,1,845000
Mahindra,XUV300,2023,1.2,Petrol,AMT,37837,5,1,320000
Hyundai,Creta,2026,1.4,Petrol,DCT,2272,5,1,1140000
Hyundai,Verna,2024,1.5,Petrol,DCT,16791,5,1,935000
Hyundai,i20,2026,1.2,Petrol,Manual,3219,5,1,535000
Volkswagen,Virtus,2019,1.4,Petrol,DCT,71098,5,2,495000
Hyundai,Grand i10 Nios,2021,1.1,Petrol,AMT,38987,5,1,245000
Hyundai,Creta,2025,1.5,Petrol,IVT,25336,5,1,885000
Mahindra,Thar,2023,2.2,Diesel,Manual,30173,4,1,650000
Mahindra,Thar,2026,2.2,Diesel,Automatic,2350,4,1,1185000
Kia,Carens,2020,1.5,Petrol,DCT,40784,7,3,685000
Maruti Suzuki,Baleno,2022,1.2,Petrol,Manual,58235,5,1,275000
Mahindra,Scorpio N,2021,2.2,Diesel,Automatic,32065,7,1,830000
Hyundai,Venue,2018,1.0,Petrol,Manual,78973,5,1,200000
Tata,Tiago,2025,1.2,Petrol,AMT,12056,5,1,290000
Hyundai,Venue,2015,1.0,Petrol,DCT,135425,5,5,130000
Kia,Seltos,2026,1.5,Petrol,Manual,3904,5,1,950000
Maruti Suzuki,Swift,2022,1.2,Petrol,Manual,35457,5,2,220000
Mahindra,XUV300,2024,1.2,Petrol,AMT,22046,5,1,535000
Tata,Nexon EV,2022,0.0,EV,Automatic,41760,5,1,645000
Hyundai,Grand i10 Nios,2023,1.2,Petrol,AMT,27320,5,1,310000
Hyundai,Grand i10 Nios,2019,1.1,Petrol,Manual,72767,5,1,120000
Kia,Sonet,2021,1.5,Diesel,Manual,78555,5,2,335000
Maruti Suzuki,Brezza,2024,1.6,Petrol,Manual,32075,5,1,315000
Kia,Sonet,2022,1.5,Diesel,Manual,24280,5,1,565000
Skoda,Kushaq,2025,1.5,Petrol,DCT,9654,5,1,1350000
Hyundai,Creta,2025,1.5,Petrol,IVT,8599,5,1,755000
Maruti Suzuki,Swift,2026,1.3,Petrol,Manual,3516,5,1,410000
Mahindra,XUV700,2019,2.1,Diesel,Manual,51560,7,1,660000
Kia,Seltos,2024,1.4,Petrol,IVT,14530,5,1,990000
Mahindra,XUV700,2022,2.2,Diesel,Manual,19831,7,1,990000
Maruti Suzuki,Swift,2025,1.2,Petrol,AMT,25314,5,1,290000
Maruti Suzuki,Brezza,2024,1.4,Petrol,Manual,15870,5,1,405000
Tata,Nexon EV,2023,0.0,EV,Automatic,14214,5,1,695000
Tata,Tiago,2021,1.2,Petrol,Manual,68264,5,2,200000
Skoda,Slavia,2023,1.0,Petrol,Automatic,36680,5,1,560000
Maruti Suzuki,Baleno,2023,1.2,Petrol,Manual,30471,5,1,320000
Maruti Suzuki,Ertiga,2021,1.5,Petrol,Automatic,38896,7,1,460000
Volkswagen,Virtus,2026,1.5,Petrol,DCT,1801,5,1,1970000
Tata,Nexon,2020,1.5,Diesel,AMT,49664,5,1,385000
Maruti Suzuki,Alto K10,2026,0.9,Petrol,AMT,2177,5,1,220000
Toyota,Glanza,2018,1.2,Petrol,Manual,114299,5,3,240000
Mahindra,Thar,2024,2.2,Diesel,Manual,15790,4,1,1165000
Toyota,Glanza,2024,1.2,Petrol,Manual,12885,5,1,435000
Kia,Sonet,2024,1.0,Petrol,iMT,7606,5,1,460000
Mahindra,XUV700,2017,2.0,Petrol,Automatic,105376,7,2,295000
Maruti Suzuki,Ertiga,2026,1.5,Petrol,Manual,3323,7,1,570000
Mahindra,Scorpio N,2023,2.1,Diesel,Automatic,38365,7,1,695000
Hyundai,Creta,2026,1.5,Petrol,Automatic,1845,5,1,1160000
Kia,Sonet,2025,1.1,Petrol,iMT,7143,5,1,495000
Volkswagen,Virtus,2018,1.5,Petrol,DCT,135477,5,5,265000
Kia,Sonet,2026,1.5,Diesel,Manual,1500,5,1,880000
Toyota,Urban Cruiser Hyryder,2021,1.5,Petrol,Manual,39081,5,4,565000
Kia,Seltos,2025,1.5,Petrol,IVT,14264,5,1,955000
Hyundai,Creta,2020,1.6,Diesel,Automatic,56291,5,2,580000
Hyundai,Grand i10 Nios,2022,1.2,Petrol,Manual,57247,5,2,275000
Kia,Carens,2024,1.5,Petrol,DCT,25643,7,1,990000
Kia,Seltos,2025,1.5,Petrol,Manual,25894,5,1,850000
Tata,Safari,2017,2.1,Diesel,Automatic,63927,7,1,425000
Tata,Nexon EV,2024,0.0,EV,Automatic,19339,5,1,1010000
Tata,Nexon,2024,1.5,Diesel,AMT,32628,5,1,755000
Honda,City,2025,1.5,Petrol,CVT,13292,5,1,830000
Tata,Nexon,2025,1.2,Petrol,AMT,22290,5,1,450000
Maruti Suzuki,Alto K10,2022,1.0,Petrol,Manual,45188,5,2,175000
Toyota,Glanza,2021,1.2,Petrol,AMT,38773,5,3,385000
Mahindra,Scorpio N,2019,2.2,Diesel,Automatic,60444,7,1,645000
Tata,Tiago,2017,1.2,Petrol,Manual,94749,5,1,130000
Maruti Suzuki,Baleno,2019,1.2,Petrol,AMT,56153,5,4,165000
Kia,Seltos,2020,1.4,Diesel,Manual,62733,5,1,370000
Mahindra,Thar,2019,2.2,Diesel,Automatic,110351,4,1,345000
Tata,Altroz,2019,1.2,Petrol,Manual,45064,5,1,265000
Tata,Punch,2016,1.2,Petrol,AMT,78845,5,2,155000
Volkswagen,Virtus,2026,1.5,Petrol,DCT,2626,5,1,1500000
Hyundai,Verna,2020,1.5,Petrol,DCT,92660,5,3,370000
Maruti Suzuki,Ertiga,2015,1.4,Petrol,Manual,90704,7,1,180000
Hyundai,i20,2019,1.2,Petrol,Manual,78985,5,2,205000
Skoda,Kushaq,2026,1.5,Petrol,DCT,2627,5,1,1465000
Hyundai,Verna,2026,1.5,Petrol,DCT,2877,5,1,1115000
Tata,Altroz,2024,1.2,Petrol,DCT,21459,5,1,500000
Volkswagen,Taigun,2023,1.5,Petrol,DCT,33958,5,1,775000
Toyota,Innova Crysta,2026,2.4,Diesel,Automatic,2650,7,1,1625000
Mahindra,XUV700,2019,2.2,Diesel,Automatic,52121,7,2,490000
Maruti Suzuki,Ertiga,2024,1.5,Petrol,Manual,26192,7,1,640000
Toyota,Innova Crysta,2024,2.4,Diesel,Manual,20836,7,1,1375000
Tata,Altroz,2026,1.2,Petrol,DCT,3447,5,1,610000
Hyundai,Verna,2025,1.5,Petrol,IVT,7999,5,1,835000
Hyundai,Creta,2026,1.5,Diesel,Automatic,1532,5,1,1195000
Tata,Harrier,2016,2.1,Diesel,Manual,120421,5,5,280000
Hyundai,Venue,2022,1.5,Diesel,Manual,71898,5,1,485000
Tata,Nexon,2017,1.2,Petrol,DCT,151857,5,3,220000
Honda,Amaze,2022,1.2,Petrol,Manual,36742,5,1,470000
Hyundai,Verna,2017,1.5,Petrol,Manual,180273,5,1,205000
Tata,Punch,2020,1.1,Petrol,Manual,60249,5,3,280000
Toyota,Urban Cruiser Hyryder,2026,1.5,Petrol Hybrid,e-CVT,3528,5,1,1340000
Toyota,Glanza,2021,1.2,Petrol,Manual,73497,5,1,280000
Hyundai,i20,2016,1.0,Petrol,DCT,63819,5,3,220000
Volkswagen,Virtus,2021,1.4,Petrol,DCT,30502,5,1,955000
Hyundai,Creta,2023,1.5,Petrol,Manual,35994,5,3,480000
Kia,Sonet,2021,1.5,Diesel,Manual,65930,5,1,325000
Tata,Nexon,2018,1.3,Petrol,Manual,68852,5,1,285000
Hyundai,i20,2018,1.0,Petrol,DCT,86952,5,2,200000
Tata,Nexon EV,2023,0.0,EV,Automatic,56612,5,1,860000
Maruti Suzuki,Brezza,2019,1.6,Petrol,Manual,63163,5,4,225000
Mahindra,Scorpio N,2026,2.2,Diesel,Automatic,5397,7,1,1570000
Hyundai,i20,2023,1.0,Petrol,Manual,16056,5,2,405000
Hyundai,Venue,2024,1.0,Petrol,Manual,9656,5,1,575000
Hyundai,i20,2017,1.2,Petrol,Manual,136095,5,1,125000
Toyota,Innova Crysta,2026,2.4,Diesel,Manual,2284,7,1,2115000
Maruti Suzuki,Wagon R,2026,1.2,Petrol,AMT,2595,5,1,440000
Hyundai,Creta,2024,1.5,Diesel,Manual,20875,5,1,925000
Toyota,Urban Cruiser Hyryder,2019,1.5,Petrol Hybrid,e-CVT,99368,5,4,590000
Honda,City,2021,1.6,Petrol,CVT,39477,5,1,405000
Mahindra,XUV700,2017,2.0,Petrol,Automatic,157857,7,2,300000
Mahindra,XUV300,2021,1.2,Petrol,Manual,73893,5,2,370000
Toyota,Innova Crysta,2022,2.4,Diesel,Manual,86161,7,2,730000
Tata,Harrier,2021,2.0,Diesel,Manual,56899,5,1,800000
Tata,Harrier,2017,1.9,Diesel,Manual,195664,5,3,350000
Maruti Suzuki,Alto K10,2015,1.0,Petrol,Manual,103420,5,1,80000
Tata,Punch,2024,1.2,Petrol,AMT,28927,5,1,385000
Toyota,Innova Crysta,2024,2.3,Diesel,Manual,18798,7,1,1390000
Hyundai,Venue,2025,1.0,Petrol,DCT,9065,5,1,620000
Kia,Seltos,2025,1.5,Petrol,Manual,10360,5,1,1000000
Hyundai,Creta,2025,1.5,Diesel,Manual,7342,5,1,1200000
Mercedes-Benz,GLA,2022,1.3,Petrol,DCT,58372,5,1,3425000
Mahindra,Thar,2025,2.2,Diesel,Manual,10469,4,1,605000
Hyundai,Venue,2018,1.5,Diesel,Manual,48451,5,4,255000
Skoda,Kushaq,2022,1.6,Petrol,DCT,35485,5,1,1010000
Volkswagen,Taigun,2024,1.0,Petrol,Automatic,15123,5,1,935000
Hyundai,Verna,2024,1.5,Petrol,IVT,15223,5,1,540000
Honda,Amaze,2025,1.2,Petrol,CVT,11456,5,1,600000
Mahindra,XUV700,2017,2.0,Petrol,Automatic,122487,7,4,375000
Kia,Seltos,2025,1.5,Petrol,IVT,12753,5,1,630000
Tata,Nexon EV,2022,0.0,EV,Automatic,37210,5,1,835000
Volkswagen,Virtus,2020,1.5,Petrol,DCT,23920,5,4,640000
Tata,Altroz,2023,1.2,Petrol,Manual,46668,5,1,450000
Hyundai,Venue,2023,1.0,Petrol,DCT,39821,5,1,480000
Honda,Amaze,2016,1.3,Petrol,CVT,96463,5,3,200000
Tata,Nexon,2025,1.5,Diesel,Manual,24516,5,1,740000
Tata,Nexon EV,2023,0.0,EV,Automatic,33471,5,1,850000
Hyundai,Creta,2022,1.4,Petrol,Manual,21034,5,1,675000
Mahindra,XUV300,2023,1.3,Petrol,Manual,43252,5,1,535000
Hyundai,i20,2017,1.0,Petrol,Manual,84167,5,2,205000
Honda,Amaze,2018,1.1,Petrol,Manual,82500,5,1,210000
Tata,Punch,2016,1.2,Petrol,Manual,220000,5,5,90000
Hyundai,Venue,2022,1.0,Petrol,DCT,43338,5,2,390000
Honda,City,2022,1.5,Petrol Hybrid,e-CVT,50522,5,1,1075000
Mahindra,XUV700,2020,2.0,Petrol,Automatic,70791,7,2,605000
Toyota,Innova Crysta,2026,2.3,Diesel,Manual,4515,7,1,2155000
Toyota,Innova Crysta,2022,2.3,Diesel,Manual,29645,7,1,1205000
Toyota,Innova Crysta,2016,2.4,Diesel,Manual,101753,7,2,445000
Mahindra,Thar,2026,2.2,Diesel,Automatic,2101,4,1,1275000
Maruti Suzuki,Wagon R,2025,1.2,Petrol,AMT,18725,5,1,340000
Maruti Suzuki,Brezza,2024,1.5,Petrol,Manual,23610,5,1,460000
Tata,Harrier,2024,2.0,Diesel,Automatic,18922,5,1,1090000
Mahindra,XUV700,2026,2.2,Diesel,Automatic,3979,7,1,1640000
Mahindra,Scorpio N,2019,2.2,Diesel,Manual,37806,7,1,625000
Tata,Tiago,2020,1.2,Petrol,Manual,114729,5,1,195000
Toyota,Glanza,2025,1.2,Petrol,AMT,11264,5,1,460000
Hyundai,Venue,2023,1.5,Diesel,Automatic,30795,5,2,455000
Honda,Amaze,2020,1.2,Petrol,Manual,69639,5,2,305000
Hyundai,Creta,2016,1.5,Diesel,Manual,115905,5,3,220000
Kia,Seltos,2018,1.5,Diesel,Manual,95499,5,3,415000
Mahindra,XUV700,2021,2.2,Diesel,Manual,42099,7,2,770000
Hyundai,Creta,2025,1.5,Petrol,IVT,8530,5,1,650000
Kia,Seltos,2015,1.6,Petrol,IVT,72018,5,4,225000
Maruti Suzuki,Brezza,2026,1.5,Petrol,Automatic,1500,5,1,755000
Kia,Sonet,2022,1.0,Petrol,iMT,77814,5,2,385000
Kia,Seltos,2016,1.5,Petrol,IVT,52808,5,1,410000
Toyota,Urban Cruiser Hyryder,2015,1.5,Petrol Hybrid,e-CVT,195244,5,4,250000
Hyundai,i20,2021,1.2,Petrol,Manual,23850,5,1,250000
Toyota,Innova Crysta,2023,2.4,Diesel,Automatic,24770,7,1,1410000
Hyundai,i20,2024,1.2,Petrol,IVT,19723,5,1,410000
Toyota,Urban Cruiser Hyryder,2026,1.6,Petrol Hybrid,e-CVT,2001,5,1,1260000
Volkswagen,Virtus,2018,1.6,Petrol,DCT,47480,5,2,645000
Skoda,Slavia,2021,1.0,Petrol,Automatic,25047,5,1,675000
Maruti Suzuki,Ertiga,2017,1.5,Petrol,Automatic,75340,7,3,240000
Hyundai,Creta,2016,1.5,Petrol,IVT,66007,5,2,300000
Mahindra,XUV700,2022,2.0,Petrol,Manual,24879,7,1,1085000
Kia,Seltos,2016,1.5,Diesel,Automatic,114185,5,2,220000
Maruti Suzuki,Alto K10,2024,0.9,Petrol,AMT,43342,5,1,175000
Hyundai,Venue,2023,1.0,Petrol,DCT,24040,5,2,410000
Toyota,Fortuner,2024,2.8,Diesel,Manual,14977,7,1,2470000
Volkswagen,Virtus,2026,1.0,Petrol,Manual,3521,5,1,1150000
Honda,Amaze,2026,1.2,Petrol,Manual,4921,5,1,760000
Hyundai,Verna,2023,1.5,Petrol,IVT,18150,5,1,375000
Mahindra,XUV700,2025,2.0,Petrol,Automatic,8965,7,1,1520000
Kia,Carens,2017,1.5,Petrol,DCT,105942,7,3,260000
Hyundai,Verna,2024,1.6,Petrol,DCT,27576,5,1,655000
Volkswagen,Virtus,2020,1.5,Petrol,DCT,66651,5,1,480000
Hyundai,i20,2021,1.2,Petrol,IVT,31425,5,2,255000
Tata,Nexon EV,2017,0.0,EV,Automatic,113377,5,2,435000
Hyundai,i20,2020,1.0,Petrol,Manual,49893,5,1,335000
Honda,City,2024,1.5,Petrol Hybrid,e-CVT,22826,5,1,1330000
Volkswagen,Virtus,2023,1.5,Petrol,DCT,43422,5,1,1100000
Toyota,Glanza,2022,1.2,Petrol,AMT,39616,5,1,345000
Toyota,Fortuner,2026,2.8,Diesel,Automatic,1500,7,1,3175000
Mahindra,Thar,2023,2.0,Petrol,Manual,47622,4,1,795000
Mahindra,XUV300,2025,1.1,Petrol,Manual,4809,5,1,785000
Mahindra,Thar,2024,2.2,Diesel,Automatic,43298,4,1,1055000
Volvo,XC40,2026,2.0,Petrol,Automatic,2257,5,1,3795000
Maruti Suzuki,Alto K10,2022,1.0,Petrol,Manual,67817,5,2,150000
Mahindra,XUV300,2026,1.2,Petrol,Manual,8299,5,1,830000
Tata,Tiago,2024,1.2,Petrol,Manual,19353,5,1,315000
Toyota,Glanza,2025,1.2,Petrol,AMT,14865,5,1,635000
Maruti Suzuki,Brezza,2020,1.6,Petrol,Manual,33313,5,3,245000
Tata,Nexon,2020,1.2,Petrol,DCT,93804,5,2,340000
Hyundai,Creta,2026,1.5,Petrol,Automatic,1500,5,1,1085000
Toyota,Urban Cruiser Hyryder,2021,1.5,Petrol Hybrid,e-CVT,28620,5,1,905000
Honda,City,2025,1.6,Petrol Hybrid,e-CVT,10803,5,1,1545000
Hyundai,Grand i10 Nios,2018,1.2,Petrol,AMT,62983,5,2,100000
Toyota,Urban Cruiser Hyryder,2026,1.5,Petrol Hybrid,e-CVT,1960,5,1,1630000
Mahindra,Thar,2025,2.0,Petrol,Automatic,11842,4,1,1040000
Volkswagen,Taigun,2024,1.5,Petrol,DCT,14365,5,1,1235000
Mercedes-Benz,A-Class Limousine,2015,1.3,Petrol,DCT,219683,5,2,955000
Mahindra,XUV700,2018,2.2,Diesel,Automatic,41013,7,2,595000
Tata,Nexon EV,2020,0.0,EV,Automatic,115070,5,2,645000
Hyundai,Grand i10 Nios,2023,1.2,Petrol,Manual,41584,5,1,175000
Honda,City,2020,1.5,Petrol,CVT,43239,5,1,485000
Volkswagen,Virtus,2021,1.0,Petrol,Manual,46569,5,2,525000
Kia,Seltos,2015,1.5,Petrol,Manual,71167,5,2,255000
Toyota,Glanza,2025,1.2,Petrol,Manual,7211,5,1,550000
Hyundai,Creta,2025,1.5,Diesel,Manual,7457,5,1,820000
Mahindra,Thar,2025,2.2,Diesel,Automatic,9423,4,1,835000
Toyota,Urban Cruiser Hyryder,2018,1.5,Petrol Hybrid,e-CVT,47108,5,1,685000
Hyundai,i20,2025,1.1,Petrol,Manual,9709,5,1,365000
Mahindra,Thar,2021,2.0,Petrol,Automatic,55651,4,1,505000
Skoda,Kushaq,2017,1.5,Petrol,DCT,119224,5,3,385000
Toyota,Urban Cruiser Hyryder,2025,1.4,Petrol,Automatic,12439,5,1,865000
Hyundai,Venue,2025,1.5,Diesel,Manual,11964,5,1,785000
Hyundai,Venue,2026,1.0,Petrol,DCT,2192,5,1,655000
Volkswagen,Taigun,2019,1.0,Petrol,Manual,30712,5,1,505000
Tata,Nexon,2024,1.2,Petrol,AMT,26461,5,1,605000
Tata,Nexon,2024,1.5,Diesel,AMT,24300,5,1,645000
Hyundai,i20,2024,1.3,Petrol,IVT,57383,5,1,365000
Tata,Nexon EV,2023,0.0,EV,Automatic,45762,5,1,800000
Hyundai,Verna,2023,1.5,Petrol,DCT,27555,5,1,650000
Kia,Sonet,2019,1.0,Petrol,iMT,67289,5,4,270000
Tata,Altroz,2021,1.2,Petrol,DCT,61844,5,1,215000
Mahindra,XUV700,2022,2.2,Diesel,Manual,74561,7,2,730000
Hyundai,i20,2023,1.0,Petrol,DCT,21834,5,2,425000
Hyundai,i20,2024,1.0,Petrol,DCT,16623,5,1,585000
Mahindra,XUV300,2026,1.2,Petrol,Manual,6239,5,1,850000
Hyundai,Creta,2020,1.5,Petrol,DCT,51798,5,1,560000
Kia,Sonet,2016,1.5,Diesel,Automatic,151231,5,1,200000
Hyundai,i20,2021,1.2,Petrol,Manual,28693,5,3,280000
Hyundai,Creta,2020,1.6,Petrol,IVT,66515,5,2,485000
Mahindra,Thar,2025,2.0,Petrol,Automatic,17725,4,1,1055000
Mahindra,Scorpio N,2021,2.2,Diesel,Manual,42220,7,2,595000
Maruti Suzuki,Brezza,2022,1.4,Petrol,Manual,61430,5,2,310000
Maruti Suzuki,Baleno,2025,1.2,Petrol,Manual,9849,5,1,355000
Kia,Sonet,2022,1.5,Diesel,Automatic,42846,5,1,590000
Hyundai,Venue,2022,0.9,Petrol,Manual,62090,5,4,325000
Tata,Nexon EV,2015,0.0,EV,Automatic,93872,5,3,290000
Honda,City,2022,1.5,Petrol Hybrid,e-CVT,38224,5,1,930000
Mahindra,XUV700,2015,2.0,Petrol,Manual,166775,7,3,410000
Hyundai,Venue,2020,1.4,Diesel,Automatic,86463,5,4,335000
Hyundai,Venue,2024,1.0,Petrol,Manual,15047,5,1,570000
Hyundai,Grand i10 Nios,2020,1.2,Petrol,AMT,87637,5,1,155000
Mahindra,XUV300,2026,1.2,Petrol,AMT,2634,5,1,615000
Audi,A4,2025,2.0,Petrol,DCT,9080,5,1,5700000
Mahindra,XUV300,2017,1.2,Petrol,AMT,135830,5,5,200000
Toyota,Urban Cruiser Hyryder,2023,1.5,Petrol,Manual,41788,5,1,845000
Honda,City,2024,1.5,Petrol Hybrid,e-CVT,31238,5,1,1055000
Kia,Carens,2020,1.6,Petrol,DCT,70103,7,1,595000
Mahindra,Thar,2020,2.1,Petrol,Manual,82876,4,1,590000
Maruti Suzuki,Swift,2018,1.1,Petrol,Manual,46602,5,1,160000
Toyota,Glanza,2026,1.2,Petrol,AMT,2225,5,1,550000
Maruti Suzuki,Alto K10,2025,1.0,Petrol,Manual,19868,5,1,200000
Hyundai,Venue,2022,1.5,Diesel,Automatic,47297,5,1,455000
Honda,City,2022,1.4,Petrol Hybrid,e-CVT,54383,5,1,965000
Maruti Suzuki,Ertiga,2017,1.5,Petrol,Automatic,142411,7,2,215000
Mahindra,Scorpio N,2018,2.2,Diesel,Manual,103814,7,3,430000
Hyundai,Verna,2026,1.5,Petrol,Manual,3174,5,1,760000
Hyundai,Venue,2021,1.1,Petrol,DCT,14715,5,1,475000
Mahindra,XUV700,2016,2.2,Diesel,Automatic,115870,7,1,460000
Tata,Nexon,2025,1.5,Diesel,AMT,17822,5,1,870000
Tata,Nexon EV,2021,0.0,EV,Automatic,28176,5,4,700000
Hyundai,i20,2021,1.2,Petrol,IVT,58276,5,2,255000
Maruti Suzuki,Alto K10,2021,1.0,Petrol,Manual,45251,5,1,155000
BMW,X1,2024,1.5,Petrol,Automatic,27616,5,1,3755000
Maruti Suzuki,Swift,2024,1.2,Petrol,AMT,10012,5,1,325000
Tata,Nexon EV,2026,0.0,EV,Automatic,1500,5,1,1410000
Tata,Nexon EV,2022,0.0,EV,Automatic,27733,5,1,845000
Hyundai,Creta,2024,1.5,Petrol,Automatic,27410,5,1,865000
BMW,X1,2026,1.6,Petrol,Automatic,5086,5,1,5750000
Tata,Nexon,2026,1.2,Petrol,Manual,1705,5,1,810000
Toyota,Fortuner,2023,2.9,Diesel,Manual,40784,7,2,1825000
Hyundai,Verna,2024,1.5,Petrol,Manual,16768,5,1,755000
Tata,Safari,2024,2.0,Diesel,Manual,15477,7,1,1265000
Volkswagen,Virtus,2018,1.5,Petrol,DCT,68540,5,2,415000
Volvo,XC60,2020,2.0,Petrol Hybrid,Automatic,68430,5,1,3445000
Mahindra,XUV300,2018,1.2,Petrol,Manual,120205,5,4,260000
Tata,Altroz,2022,1.2,Petrol,Manual,79986,5,2,220000
Mahindra,XUV700,2025,2.0,Petrol,Manual,10555,7,1,1295000
Maruti Suzuki,Swift,2023,1.2,Petrol,AMT,27472,5,2,285000
Kia,Seltos,2023,1.5,Petrol,IVT,32577,5,1,840000
Kia,Sonet,2024,1.0,Petrol,iMT,21734,5,1,625000
Toyota,Urban Cruiser Hyryder,2025,1.5,Petrol,Manual,17595,5,1,1010000
Volkswagen,Taigun,2020,1.1,Petrol,Automatic,80436,5,3,495000
Skoda,Kushaq,2025,1.5,Petrol,DCT,4773,5,1,1095000
Honda,City,2015,1.5,Petrol,CVT,113052,5,2,230000
Hyundai,Creta,2022,1.5,Petrol,Manual,21395,5,1,585000
Lexus,ES,2024,2.6,Petrol Hybrid,e-CVT,18023,5,1,5760000
Tata,Nexon,2026,1.4,Diesel,Manual,1688,5,1,635000
Mahindra,Thar,2026,2.0,Petrol,Manual,1500,4,1,1075000
Kia,Sonet,2023,1.0,Petrol,Manual,41155,5,1,480000
Tata,Safari,2026,1.9,Diesel,Automatic,2947,7,1,1555000
Hyundai,Creta,2018,1.5,Diesel,Manual,84835,5,3,330000
Maruti Suzuki,Swift,2019,1.2,Petrol,Manual,64273,5,3,130000
Volkswagen,Virtus,2024,1.0,Petrol,Automatic,34707,5,1,640000
Tata,Nexon EV,2023,0.0,EV,Automatic,29489,5,1,650000
Honda,City,2017,1.5,Petrol Hybrid,e-CVT,81974,5,5,390000
Hyundai,Creta,2017,1.5,Petrol,IVT,100412,5,2,315000
Tata,Nexon EV,2020,0.0,EV,Automatic,68069,5,1,680000
Hyundai,Grand i10 Nios,2021,1.2,Petrol,AMT,55347,5,2,205000
Hyundai,Grand i10 Nios,2026,1.1,Petrol,AMT,4276,5,1,470000
Tata,Harrier,2020,2.0,Diesel,Manual,69496,5,1,710000
Hyundai,Venue,2021,1.5,Diesel,Manual,31580,5,1,435000
Tata,Punch,2016,1.2,Petrol,AMT,88543,5,1,160000
Honda,City,2020,1.5,Petrol Hybrid,e-CVT,35954,5,1,765000
Mahindra,Scorpio N,2024,2.1,Diesel,Manual,14890,7,1,835000
Toyota,Urban Cruiser Hyryder,2026,1.6,Petrol Hybrid,e-CVT,1919,5,1,1750000
Mahindra,XUV700,2025,2.0,Petrol,Manual,8623,7,1,1085000
BYD,Atto 3,2018,0.0,EV,Automatic,76124,5,4,1030000
Kia,Seltos,2026,1.5,Diesel,Manual,2015,5,1,1305000
Kia,Seltos,2019,1.5,Diesel,Automatic,60232,5,2,490000
Mahindra,XUV700,2025,2.2,Diesel,Manual,20787,7,1,1220000
Kia,Sonet,2020,1.0,Petrol,iMT,30091,5,1,410000
Hyundai,Creta,2021,1.5,Diesel,Automatic,89408,5,1,585000
Hyundai,i20,2025,1.3,Petrol,IVT,12129,5,1,320000
Tata,Altroz,2024,1.2,Petrol,Manual,22844,5,1,450000
Tata,Safari,2025,2.0,Diesel,Automatic,25240,7,1,1125000
Tata,Altroz,2018,1.3,Petrol,Manual,65447,5,3,210000
Skoda,Kushaq,2023,1.0,Petrol,Manual,46233,5,1,805000
Mahindra,Thar,2025,2.0,Petrol,Manual,19410,4,1,960000
Volvo,XC60,2025,2.0,Petrol Hybrid,Automatic,12482,5,1,5950000
Mahindra,XUV300,2025,1.2,Petrol,Manual,14333,5,1,605000
Maruti Suzuki,Brezza,2025,1.5,Petrol,Manual,14824,5,1,425000
Tata,Harrier,2024,2.0,Diesel,Manual,18819,5,1,1080000
Toyota,Fortuner,2019,2.8,Diesel,Automatic,66664,7,1,1515000
Mahindra,XUV300,2017,1.1,Petrol,AMT,152167,5,3,200000
Honda,City,2022,1.5,Petrol,Manual,28107,5,2,725000
Mahindra,Scorpio N,2025,2.1,Diesel,Manual,11772,7,1,1380000
Toyota,Innova Crysta,2023,2.5,Diesel,Manual,25826,7,1,1390000
Honda,Amaze,2019,1.3,Petrol,Manual,75914,5,2,275000
Toyota,Fortuner,2021,2.8,Diesel,Automatic,64121,7,3,1420000
Kia,Sonet,2016,1.4,Diesel,Automatic,105460,5,1,275000
Tata,Nexon EV,2024,0.0,EV,Automatic,22537,5,1,1000000
Maruti Suzuki,Wagon R,2021,1.3,Petrol,Manual,39172,5,1,250000
Kia,Sonet,2016,1.6,Diesel,Manual,140898,5,4,200000
Honda,Amaze,2026,1.2,Petrol,CVT,1500,5,1,805000
Volkswagen,Taigun,2025,1.0,Petrol,Automatic,10306,5,1,965000
Kia,Sonet,2022,1.5,Diesel,Manual,63270,5,2,500000
Hyundai,Venue,2017,1.5,Diesel,Automatic,93341,5,3,245000
Tata,Nexon,2019,1.2,Petrol,Manual,80946,5,3,335000
Toyota,Innova Crysta,2026,2.4,Diesel,Automatic,3223,7,1,1815000
Mahindra,XUV700,2024,2.2,Diesel,Automatic,20656,7,1,1085000
Hyundai,Grand i10 Nios,2021,1.2,Petrol,Manual,62909,5,1,220000
Maruti Suzuki,Brezza,2024,1.5,Petrol,Manual,19817,5,1,495000
Honda,City,2020,1.5,Petrol Hybrid,e-CVT,65767,5,2,735000
Hyundai,Verna,2026,1.5,Petrol,Manual,3698,5,1,950000
Hyundai,Verna,2018,1.6,Petrol,DCT,42959,5,1,320000
Tata,Nexon,2021,1.6,Diesel,AMT,39010,5,2,465000
Toyota,Innova Crysta,2024,2.4,Diesel,Manual,27071,7,1,1240000
Maruti Suzuki,Brezza,2020,1.4,Petrol,Manual,57570,5,2,300000
Hyundai,i20,2026,0.9,Petrol,DCT,3574,5,1,635000
Maruti Suzuki,Brezza,2018,1.5,Petrol,Manual,83529,5,2,200000
Hyundai,Grand i10 Nios,2024,1.2,Petrol,AMT,30388,5,1,275000
Kia,Seltos,2026,1.5,Petrol,IVT,4671,5,1,1005000
Maruti Suzuki,Brezza,2020,1.5,Petrol,Manual,77366,5,3,275000
Volkswagen,Taigun,2026,1.0,Petrol,Automatic,3156,5,1,1295000
Hyundai,Venue,2024,1.5,Diesel,Manual,7012,5,1,615000
Maruti Suzuki,Alto K10,2026,1.0,Petrol,Manual,5176,5,1,240000
Tata,Harrier,2022,2.0,Diesel,Automatic,44633,5,1,1000000
Maruti Suzuki,Baleno,2016,1.2,Petrol,Manual,69120,5,3,90000
Volkswagen,Taigun,2018,1.0,Petrol,Automatic,134849,5,1,325000
Tata,Punch,2016,1.3,Petrol,Manual,102006,5,3,165000
Toyota,Innova Crysta,2025,2.4,Diesel,Automatic,12847,7,1,2175000
Toyota,Glanza,2019,1.3,Petrol,Manual,133689,5,2,210000
Hyundai,Verna,2024,1.5,Petrol,Manual,18192,5,1,635000
Hyundai,i20,2015,0.9,Petrol,Manual,69065,5,3,180000
Mahindra,Thar,2021,2.0,Petrol,Automatic,99881,4,1,650000
Tata,Harrier,2021,2.0,Diesel,Automatic,40437,5,1,745000
Toyota,Innova Crysta,2018,2.4,Diesel,Automatic,104743,7,1,725000
Hyundai,Verna,2025,1.5,Petrol,IVT,7723,5,1,760000
Mahindra,Thar,2022,2.0,Petrol,Automatic,88948,4,1,645000
Tata,Nexon,2019,1.5,Diesel,AMT,67550,5,1,320000
Maruti Suzuki,Alto K10,2026,1.0,Petrol,AMT,1500,5,1,385000
Maruti Suzuki,Baleno,2026,1.2,Petrol,Manual,3495,5,1,545000
Honda,City,2025,1.5,Petrol,Manual,10970,5,1,775000
Tata,Altroz,2025,1.2,Petrol,DCT,6669,5,1,450000
Tata,Nexon EV,2024,0.0,EV,Automatic,24447,5,1,1095000
Toyota,Glanza,2024,1.3,Petrol,Manual,22980,5,1,560000
Hyundai,Creta,2020,1.5,Petrol,DCT,82259,5,2,420000
Toyota,Urban Cruiser Hyryder,2026,1.5,Petrol Hybrid,e-CVT,2273,5,1,1855000
BMW,3 Series,2025,2.0,Petrol,Automatic,8936,5,1,3790000
Hyundai,Venue,2021,1.6,Diesel,Manual,68083,5,1,445000
Tata,Tiago,2024,1.2,Petrol,AMT,15264,5,1,230000
Hyundai,i20,2020,1.0,Petrol,Manual,26743,5,1,355000
Kia,Seltos,2026,1.5,Petrol,IVT,1500,5,1,1150000
Maruti Suzuki,Alto K10,2026,0.9,Petrol,Manual,2512,5,1,275000
Honda,City,2025,1.6,Petrol Hybrid,e-CVT,8955,5,1,1670000
Toyota,Urban Cruiser Hyryder,2022,1.4,Petrol,Manual,48380,5,1,625000
Toyota,Innova Crysta,2022,2.4,Diesel,Manual,37701,7,1,1230000
Maruti Suzuki,Baleno,2015,1.2,Petrol,Manual,147384,5,2,90000
Maruti Suzuki,Wagon R,2020,1.2,Petrol,AMT,38757,5,1,210000
Mercedes-Benz,C-Class,2016,1.5,Petrol,Automatic,91383,5,3,1220000
Toyota,Innova Crysta,2020,2.4,Diesel,Automatic,33311,7,4,580000
Maruti Suzuki,Baleno,2024,1.1,Petrol,AMT,11453,5,1,330000
Tata,Safari,2025,2.0,Diesel,Automatic,13165,7,1,1680000
Hyundai,Venue,2022,1.5,Diesel,Automatic,23656,5,1,365000
Hyundai,Creta,2026,1.5,Diesel,Manual,2008,5,1,1125000
Hyundai,i20,2026,0.9,Petrol,Manual,2276,5,1,620000
Volkswagen,Virtus,2021,1.5,Petrol,DCT,93111,5,1,595000
Toyota,Fortuner,2022,2.8,Diesel,Manual,30801,7,1,2110000
Toyota,Innova Crysta,2026,2.4,Diesel,Manual,4318,7,1,2150000
Maruti Suzuki,Brezza,2022,1.5,Petrol,Manual,26570,5,1,340000
Toyota,Urban Cruiser Hyryder,2026,1.5,Petrol Hybrid,e-CVT,2790,5,1,1880000
Maruti Suzuki,Wagon R,2022,1.1,Petrol,AMT,38590,5,1,245000
Hyundai,Creta,2021,1.5,Petrol,DCT,40333,5,2,715000
Tata,Nexon,2022,1.5,Diesel,Manual,24334,5,1,315000
Toyota,Urban Cruiser Hyryder,2023,1.5,Petrol,Automatic,21570,5,1,850000
Kia,Sonet,2023,1.6,Diesel,Manual,28275,5,1,400000
Tata,Nexon,2022,1.6,Diesel,Manual,44287,5,1,545000
Honda,Amaze,2025,1.2,Petrol,CVT,5708,5,1,675000
Mahindra,XUV300,2023,1.2,Petrol,Manual,53600,5,1,455000
Honda,City,2024,1.5,Petrol Hybrid,e-CVT,12428,5,1,1360000
Tata,Altroz,2019,1.2,Petrol,DCT,81228,5,1,265000
Maruti Suzuki,Ertiga,2022,1.5,Petrol,Automatic,25101,7,1,365000
Kia,Seltos,2024,1.5,Petrol,Manual,11801,5,1,925000
Hyundai,Creta,2026,1.4,Diesel,Manual,3369,5,1,1005000
Mahindra,Thar,2024,2.2,Diesel,Manual,19021,4,1,935000
Mahindra,Scorpio N,2017,2.2,Diesel,Manual,115218,7,3,300000
Hyundai,Creta,2024,1.5,Diesel,Manual,22924,5,1,705000
Honda,City,2022,1.6,Petrol,Manual,25883,5,1,780000
Tata,Tiago,2024,1.2,Petrol,Manual,20780,5,1,245000
Tata,Punch,2025,1.3,Petrol,Manual,9655,5,1,605000
Toyota,Innova Crysta,2025,2.3,Diesel,Automatic,14735,7,1,1250000
Hyundai,i20,2022,1.1,Petrol,Manual,38273,5,1,225000
Maruti Suzuki,Alto K10,2024,1.0,Petrol,Manual,14358,5,1,215000
Mahindra,XUV700,2024,1.9,Petrol,Manual,28657,7,1,1245000
Tata,Altroz,2022,1.2,Petrol,Manual,42624,5,1,430000
Tata,Altroz,2016,1.2,Petrol,Manual,124281,5,1,180000
Hyundai,Creta,2018,1.6,Petrol,Manual,88795,5,1,300000
Volkswagen,Taigun,2023,1.5,Petrol,DCT,35683,5,1,1160000
Mahindra,Thar,2024,2.0,Petrol,Manual,13363,4,1,1120000
Hyundai,Verna,2019,1.5,Petrol,Manual,34272,5,2,510000
Kia,Sonet,2020,1.5,Diesel,Automatic,79778,5,3,370000
Kia,Sonet,2018,1.0,Petrol,DCT,54271,5,1,330000
Tata,Safari,2017,2.0,Diesel,Automatic,146650,7,2,435000
Hyundai,Creta,2026,1.5,Diesel,Manual,1940,5,1,1215000
Maruti Suzuki,Swift,2024,1.2,Petrol,Manual,21171,5,1,365000
Kia,Seltos,2025,1.5,Diesel,Automatic,5348,5,1,755000
Volkswagen,Virtus,2021,1.6,Petrol,DCT,58583,5,2,770000
Skoda,Kushaq,2026,1.1,Petrol,Manual,1500,5,1,970000
Mahindra,XUV700,2024,2.0,Petrol,Automatic,12540,7,1,1155000
Maruti Suzuki,Brezza,2023,1.6,Petrol,Manual,34173,5,2,395000
Honda,City,2026,1.5,Petrol Hybrid,e-CVT,5584,5,1,1355000
Kia,Sonet,2023,0.9,Petrol,Manual,34356,5,1,490000
Kia,Seltos,2026,1.5,Diesel,Automatic,3938,5,1,1025000
Hyundai,Venue,2024,1.5,Diesel,Automatic,18798,5,1,680000
Maruti Suzuki,Baleno,2018,1.2,Petrol,Manual,102794,5,3,140000
Volkswagen,Taigun,2024,1.5,Petrol,DCT,40463,5,1,1195000
Volkswagen,Taigun,2018,1.5,Petrol,DCT,75445,5,1,500000
Toyota,Urban Cruiser Hyryder,2024,1.5,Petrol,Automatic,48050,5,1,900000
Hyundai,Verna,2021,1.5,Petrol,Manual,55657,5,1,415000
Tata,Punch,2024,1.2,Petrol,AMT,28505,5,1,490000
Maruti Suzuki,Brezza,2025,1.5,Petrol,Automatic,10703,5,1,635000
Maruti Suzuki,Ertiga,2023,1.5,Petrol,Manual,24124,7,1,385000
Mahindra,XUV700,2018,2.2,Diesel,Automatic,128274,7,2,540000
Honda,City,2024,1.5,Petrol Hybrid,e-CVT,24054,5,1,960000
Mahindra,XUV700,2018,2.0,Petrol,Automatic,54831,7,1,450000
Toyota,Urban Cruiser Hyryder,2015,1.5,Petrol,Automatic,50536,5,2,280000
Tata,Safari,2017,2.0,Diesel,Manual,77135,7,5,470000
Toyota,Urban Cruiser Hyryder,2026,1.5,Petrol,Manual,3420,5,1,1080000
Tata,Nexon EV,2017,0.0,EV,Automatic,100453,5,3,390000
Volkswagen,Virtus,2024,1.5,Petrol,DCT,22307,5,1,1085000
Maruti Suzuki,Brezza,2018,1.5,Petrol,Manual,99366,5,2,195000
Kia,Seltos,2022,1.5,Petrol,IVT,30871,5,2,710000
Mahindra,XUV700,2021,2.0,Petrol,Automatic,33837,7,3,805000
Kia,Seltos,2015,1.5,Diesel,Automatic,151184,5,3,250000
Maruti Suzuki,Wagon R,2026,1.2,Petrol,Manual,2225,5,1,435000
Kia,Sonet,2020,1.0,Petrol,iMT,58997,5,3,360000
Toyota,Urban Cruiser Hyryder,2018,1.5,Petrol Hybrid,e-CVT,70758,5,2,435000
Mahindra,Thar,2021,2.0,Petrol,Automatic,61631,4,1,640000
Maruti Suzuki,Brezza,2018,1.5,Petrol,Manual,54173,5,2,220000
Maruti Suzuki,Brezza,2020,1.5,Petrol,Manual,44824,5,1,270000
Honda,Amaze,2022,1.2,Petrol,CVT,86513,5,2,380000
Volkswagen,Taigun,2021,1.5,Petrol,DCT,29200,5,1,570000
Honda,City,2019,1.5,Petrol Hybrid,e-CVT,47552,5,1,650000
Maruti Suzuki,Baleno,2016,1.2,Petrol,Manual,220000,5,5,75000
Mahindra,XUV300,2026,1.1,Petrol,Manual,2476,5,1,730000
Honda,Amaze,2023,1.2,Petrol,Manual,28869,5,2,445000
Maruti Suzuki,Alto K10,2023,0.9,Petrol,AMT,33788,5,1,220000
Hyundai,Venue,2025,1.0,Petrol,Manual,9536,5,1,660000
Hyundai,Creta,2023,1.5,Petrol,DCT,23234,5,2,980000
Toyota,Fortuner,2026,2.7,Diesel,Automatic,2059,7,1,2930000
Hyundai,i20,2017,1.2,Petrol,IVT,59647,5,1,130000
Toyota,Urban Cruiser Hyryder,2024,1.6,Petrol Hybrid,e-CVT,22296,5,1,900000
Mahindra,Thar,2021,2.2,Diesel,Automatic,82129,4,1,775000
Mahindra,XUV700,2025,2.0,Petrol,Manual,16898,7,1,1180000
Toyota,Fortuner,2018,2.8,Diesel,Automatic,52121,7,2,1075000
Mahindra,XUV700,2023,2.2,Diesel,Automatic,54764,7,2,905000
Toyota,Urban Cruiser Hyryder,2021,1.5,Petrol,Automatic,58478,5,2,590000
Hyundai,i20,2025,1.0,Petrol,Manual,8882,5,1,595000
Tata,Nexon,2024,1.5,Diesel,Manual,37880,5,1,515000
Hyundai,Venue,2017,1.5,Diesel,Automatic,73447,5,4,170000
Maruti Suzuki,Alto K10,2020,1.0,Petrol,AMT,44248,5,2,140000
Tata,Nexon,2017,1.3,Petrol,DCT,119797,5,1,260000
Hyundai,Grand i10 Nios,2026,1.2,Petrol,AMT,3319,5,1,325000
Hyundai,Grand i10 Nios,2023,1.3,Petrol,AMT,56327,5,1,225000
Hyundai,i20,2019,1.0,Petrol,DCT,91771,5,2,230000
Maruti Suzuki,Brezza,2015,1.5,Petrol,Automatic,92365,5,4,160000
Mahindra,XUV300,2025,1.1,Petrol,AMT,12394,5,1,875000
Hyundai,Venue,2025,1.5,Diesel,Automatic,17506,5,1,730000
Kia,Sonet,2022,1.5,Diesel,Automatic,57618,5,2,555000
Maruti Suzuki,Swift,2022,1.1,Petrol,Manual,32838,5,1,210000
Mahindra,XUV700,2025,2.0,Petrol,Manual,6206,7,1,1445000
Kia,Seltos,2020,1.5,Diesel,Automatic,63532,5,4,550000
Volkswagen,Virtus,2017,1.5,Petrol,DCT,71575,5,2,460000
Kia,Seltos,2026,1.6,Diesel,Automatic,4384,5,1,1090000
Hyundai,Creta,2019,1.5,Petrol,Manual,67459,5,5,415000
Honda,City,2023,1.5,Petrol,Manual,34912,5,2,675000
Hyundai,i20,2025,1.0,Petrol,DCT,6790,5,1,580000
Maruti Suzuki,Baleno,2026,1.2,Petrol,Manual,4124,5,1,350000
Maruti Suzuki,Brezza,2025,1.5,Petrol,Manual,10435,5,1,515000
Mahindra,XUV700,2024,2.2,Diesel,Manual,32350,7,1,1485000
Skoda,Kushaq,2021,1.4,Petrol,DCT,54171,5,2,550000
Mahindra,Thar,2022,2.0,Petrol,Manual,64599,4,1,705000
Maruti Suzuki,Swift,2026,1.3,Petrol,Manual,2727,5,1,400000
Toyota,Fortuner,2026,2.8,Diesel,Manual,1500,7,1,2840000
Mahindra,Thar,2020,2.2,Diesel,Automatic,62095,4,3,590000
Mahindra,XUV300,2026,1.2,Petrol,AMT,6666,5,1,755000
Tata,Nexon EV,2017,0.0,EV,Automatic,134825,5,1,290000
Hyundai,Creta,2023,1.5,Diesel,Manual,68275,5,1,580000
Maruti Suzuki,Baleno,2023,1.2,Petrol,Manual,42286,5,1,335000
Mahindra,XUV700,2023,2.2,Diesel,Manual,27636,7,1,695000
Toyota,Urban Cruiser Hyryder,2025,1.6,Petrol Hybrid,e-CVT,14010,5,1,1535000
BMW,3 Series,2019,2.0,Petrol,Automatic,80738,5,1,2000000
Maruti Suzuki,Brezza,2026,1.5,Petrol,Manual,5741,5,1,655000
Hyundai,Creta,2021,1.5,Petrol,Automatic,20778,5,2,480000
Mahindra,XUV300,2022,1.2,Petrol,Manual,44094,5,2,410000
Tata,Punch,2016,1.2,Petrol,Manual,102241,5,4,125000
Toyota,Urban Cruiser Hyryder,2026,1.6,Petrol Hybrid,e-CVT,1500,5,1,2065000
Honda,City,2016,1.5,Petrol,Manual,109932,5,1,225000
Mahindra,XUV700,2021,2.0,Petrol,Manual,50192,7,1,635000
Maruti Suzuki,Wagon R,2025,1.2,Petrol,Manual,11223,5,1,410000
Tata,Nexon,2023,1.2,Petrol,DCT,46330,5,1,570000
Mahindra,XUV700,2024,2.2,Diesel,Automatic,34153,7,1,1350000
Hyundai,Creta,2021,1.5,Petrol,DCT,34276,5,2,585000
Maruti Suzuki,Brezza,2026,1.5,Petrol,Manual,1999,5,1,590000
Kia,Sonet,2024,1.5,Diesel,Manual,14860,5,1,510000
Honda,Amaze,2015,1.3,Petrol,Manual,84786,5,1,200000
Skoda,Kushaq,2024,1.5,Petrol,DCT,44307,5,1,1295000
Honda,City,2025,1.5,Petrol,CVT,8015,5,1,1010000
Tata,Punch,2026,1.2,Petrol,AMT,3105,5,1,535000
Hyundai,Venue,2026,1.5,Diesel,Automatic,3898,5,1,585000
BMW,X1,2019,1.5,Petrol,Automatic,58352,5,2,1665000
Tata,Nexon,2019,1.5,Diesel,AMT,112626,5,2,250000
Toyota,Fortuner,2022,2.8,Diesel,Manual,17237,7,1,2405000
Tata,Tiago,2024,1.2,Petrol,Manual,23160,5,1,285000
Honda,City,2023,1.5,Petrol,Manual,29102,5,1,635000
Skoda,Kushaq,2024,1.5,Petrol,DCT,17450,5,1,1340000
Maruti Suzuki,Wagon R,2023,1.2,Petrol,Manual,32501,5,1,205000
Tata,Harrier,2026,2.0,Diesel,Automatic,2061,5,1,1440000
Tata,Tiago,2022,1.2,Petrol,AMT,43624,5,1,225000
Mahindra,XUV300,2026,1.2,Petrol,AMT,1649,5,1,900000
Mahindra,Thar,2025,2.2,Diesel,Automatic,17394,4,1,1210000
Maruti Suzuki,Baleno,2024,1.2,Petrol,Manual,55787,5,1,260000
Hyundai,Creta,2022,1.6,Petrol,DCT,64500,5,1,630000
Kia,Carens,2025,1.5,Petrol,DCT,8705,7,1,905000
Mahindra,XUV700,2024,2.0,Petrol,Automatic,13303,7,1,1370000
Hyundai,i20,2024,1.2,Petrol,IVT,26744,5,1,395000
Toyota,Urban Cruiser Hyryder,2023,1.5,Petrol,Automatic,20042,5,1,1015000
Toyota,Urban Cruiser Hyryder,2023,1.4,Petrol,Manual,25608,5,2,805000
Kia,Sonet,2023,1.0,Petrol,Manual,55550,5,1,550000
Mahindra,Thar,2020,2.0,Petrol,Automatic,54859,4,1,705000
Tata,Tiago,2022,1.2,Petrol,AMT,52420,5,1,265000
Mahindra,XUV700,2026,2.2,Diesel,Manual,3724,7,1,1790000
Tata,Nexon EV,2019,0.0,EV,Automatic,72430,5,2,410000
Hyundai,Creta,2016,1.6,Diesel,Manual,85159,5,5,230000
Mahindra,XUV700,2020,2.0,Petrol,Manual,51941,7,1,760000
Honda,Amaze,2021,1.2,Petrol,Manual,47361,5,1,350000
Hyundai,i20,2022,1.2,Petrol,Manual,42470,5,1,285000
BYD,Atto 3,2016,0.0,EV,Automatic,141913,5,2,1080000
Toyota,Fortuner,2018,2.9,Diesel,Automatic,103797,7,3,875000
Honda,City,2026,1.6,Petrol Hybrid,e-CVT,5172,5,1,1835000
Toyota,Fortuner,2024,2.8,Diesel,Automatic,15065,7,1,2745000
Volkswagen,Taigun,2025,1.0,Petrol,Automatic,10710,5,1,975000
Mahindra,Thar,2017,2.0,Petrol,Manual,76594,4,1,360000
Tata,Punch,2020,1.2,Petrol,AMT,60583,5,2,210000
Audi,Q3,2021,2.0,Petrol,DCT,104063,5,1,1965000
Maruti Suzuki,Wagon R,2023,1.2,Petrol,AMT,24490,5,1,220000
Volkswagen,Taigun,2020,1.5,Petrol,DCT,50944,5,1,655000
Toyota,Urban Cruiser Hyryder,2020,1.6,Petrol,Automatic,36924,5,3,560000
Kia,Seltos,2020,1.5,Petrol,IVT,54026,5,2,535000
Toyota,Urban Cruiser Hyryder,2023,1.4,Petrol,Manual,40136,5,1,960000
Kia,Seltos,2020,1.5,Diesel,Manual,84972,5,2,465000
Hyundai,Verna,2020,1.5,Petrol,Manual,50280,5,2,480000
Mahindra,Thar,2023,2.0,Petrol,Automatic,36678,4,1,805000
Hyundai,Venue,2022,1.5,Diesel,Automatic,42521,5,1,565000
Mahindra,Thar,2022,2.2,Diesel,Manual,52111,4,1,635000
Hyundai,i20,2019,1.0,Petrol,Manual,76064,5,2,185000
Maruti Suzuki,Ertiga,2026,1.5,Petrol,Manual,7631,7,1,670000
Lexus,ES,2021,2.4,Petrol Hybrid,e-CVT,84238,5,2,3485000
Hyundai,Verna,2022,1.6,Petrol,DCT,54739,5,1,590000
Kia,Sonet,2016,1.0,Petrol,Manual,79678,5,1,210000
Maruti Suzuki,Swift,2025,1.2,Petrol,Manual,17795,5,1,375000
Hyundai,i20,2024,0.9,Petrol,DCT,10104,5,1,500000
Mahindra,Thar,2020,2.2,Diesel,Automatic,133590,4,1,570000
Maruti Suzuki,Brezza,2019,1.6,Petrol,Automatic,72463,5,1,270000
Maruti Suzuki,Alto K10,2017,1.0,Petrol,AMT,67154,5,4,100000
Tata,Altroz,2022,1.2,Petrol,DCT,67126,5,1,335000
Hyundai,Venue,2026,1.0,Petrol,DCT,3050,5,1,715000
Mahindra,XUV700,2025,2.0,Petrol,Manual,11421,7,1,1325000
Hyundai,Venue,2024,1.0,Petrol,DCT,19198,5,1,590000
Toyota,Urban Cruiser Hyryder,2025,1.5,Petrol Hybrid,e-CVT,5275,5,1,1860000
Hyundai,i20,2025,1.2,Petrol,Manual,9514,5,1,430000
Mahindra,Thar,2015,2.1,Diesel,Manual,139593,4,2,215000
Toyota,Urban Cruiser Hyryder,2025,1.5,Petrol Hybrid,e-CVT,12063,5,1,1565000
Volvo,XC40,2024,2.0,Petrol,Automatic,16328,5,1,3390000
Hyundai,i20,2026,1.1,Petrol,Manual,3286,5,1,535000
Tata,Tiago,2018,1.2,Petrol,AMT,122601,5,4,115000
Volkswagen,Virtus,2022,1.0,Petrol,Manual,45994,5,1,670000
Maruti Suzuki,Brezza,2026,1.5,Petrol,Automatic,2898,5,1,630000
Mahindra,XUV700,2024,1.9,Petrol,Manual,34774,7,1,825000
Mahindra,Scorpio N,2018,2.2,Diesel,Automatic,83936,7,1,505000
Mahindra,Scorpio N,2021,2.2,Diesel,Manual,43898,7,2,625000
Hyundai,Creta,2026,1.5,Diesel,Automatic,4441,5,1,1335000
Tata,Nexon,2020,1.3,Petrol,AMT,120416,5,2,340000
Maruti Suzuki,Ertiga,2023,1.5,Petrol,Manual,61012,7,2,325000
Hyundai,i20,2021,1.2,Petrol,IVT,47473,5,2,195000
Hyundai,Creta,2025,1.5,Petrol,Manual,10718,5,1,910000
Tata,Punch,2024,1.3,Petrol,Manual,27364,5,1,475000
Honda,City,2022,1.6,Petrol,Manual,60793,5,1,590000
Toyota,Urban Cruiser Hyryder,2022,1.5,Petrol Hybrid,e-CVT,50513,5,1,815000
Maruti Suzuki,Alto K10,2024,1.0,Petrol,AMT,18321,5,1,255000
Kia,Sonet,2016,1.5,Diesel,Automatic,80518,5,3,275000
Hyundai,i20,2024,1.2,Petrol,IVT,42856,5,1,270000
Hyundai,Creta,2024,1.5,Diesel,Manual,18176,5,1,715000
Tata,Punch,2022,1.2,Petrol,Manual,79876,5,1,335000
Hyundai,Venue,2021,1.0,Petrol,Manual,59452,5,3,315000
Maruti Suzuki,Brezza,2017,1.5,Petrol,Automatic,94142,5,2,155000
Honda,Amaze,2019,1.2,Petrol,CVT,67111,5,2,235000
Toyota,Urban Cruiser Hyryder,2024,1.5,Petrol Hybrid,e-CVT,20324,5,1,1590000
Mahindra,Thar,2022,2.2,Diesel,Manual,18179,4,2,980000
Hyundai,Creta,2020,1.5,Petrol,Automatic,43551,5,1,580000
Hyundai,i20,2026,1.2,Petrol,IVT,1500,5,1,505000
Kia,Carens,2026,1.6,Petrol,Manual,2854,7,1,1065000
Hyundai,Verna,2020,1.5,Petrol,DCT,124933,5,1,415000
Honda,City,2018,1.5,Petrol Hybrid,e-CVT,185357,5,3,355000
Maruti Suzuki,Alto K10,2021,1.0,Petrol,AMT,56569,5,2,160000
Kia,Sonet,2024,1.5,Diesel,Automatic,9402,5,1,790000
Tata,Nexon EV,2023,0.0,EV,Automatic,29791,5,2,860000
Maruti Suzuki,Brezza,2023,1.5,Petrol,Automatic,62584,5,1,345000
Hyundai,Venue,2018,1.0,Petrol,DCT,158492,5,2,160000
Hyundai,Creta,2020,1.5,Petrol,DCT,86664,5,1,510000
Honda,City,2018,1.5,Petrol,CVT,65466,5,1,415000
Kia,Sonet,2015,1.0,Petrol,Manual,201056,5,2,200000
Mahindra,Thar,2024,2.0,Petrol,Automatic,46811,4,1,770000
Tata,Harrier,2024,2.0,Diesel,Automatic,38768,5,1,1020000
Tata,Tiago,2025,1.3,Petrol,AMT,7524,5,1,335000
Hyundai,i20,2021,1.0,Petrol,Manual,35672,5,2,430000
Hyundai,i20,2019,1.2,Petrol,IVT,54189,5,3,210000
Tata,Altroz,2021,1.1,Petrol,Manual,74731,5,1,330000
Mahindra,XUV700,2025,2.1,Petrol,Manual,13385,7,1,1335000
Kia,Seltos,2022,1.5,Diesel,Manual,55293,5,2,740000
Hyundai,Verna,2015,1.6,Petrol,Manual,122463,5,2,180000
Tata,Nexon EV,2026,0.0,EV,Automatic,3048,5,1,1025000
Honda,City,2026,1.5,Petrol Hybrid,e-CVT,2267,5,1,1435000
Maruti Suzuki,Swift,2023,1.2,Petrol,AMT,43568,5,1,290000
Mahindra,Scorpio N,2022,2.2,Diesel,Manual,62554,7,1,950000
Honda,City,2026,1.6,Petrol,Manual,2113,5,1,1180000
Tata,Nexon,2024,1.5,Diesel,AMT,20037,5,1,800000
Hyundai,Grand i10 Nios,2015,1.2,Petrol,AMT,80715,5,1,110000
Mahindra,Thar,2025,2.2,Diesel,Manual,3940,4,1,1085000
Kia,Sonet,2026,1.5,Diesel,Manual,3803,5,1,975000
Kia,Seltos,2024,1.5,Diesel,Automatic,21777,5,1,1010000
Toyota,Urban Cruiser Hyryder,2025,1.5,Petrol,Automatic,19367,5,1,1195000
Hyundai,Verna,2024,1.5,Petrol,DCT,22002,5,1,705000
Mahindra,XUV700,2026,2.0,Petrol,Manual,1500,7,1,1615000
Mahindra,Thar,2020,1.9,Petrol,Automatic,58101,4,2,520000
Mahindra,Thar,2021,2.0,Petrol,Manual,43594,4,1,635000
Honda,City,2015,1.5,Petrol Hybrid,e-CVT,87663,5,3,370000
Mahindra,Thar,2019,2.0,Petrol,Manual,65697,4,2,300000
BMW,5 Series,2019,2.1,Petrol,Automatic,48909,5,2,2670000
Maruti Suzuki,Swift,2025,1.2,Petrol,Manual,10602,5,1,305000
Kia,Carens,2025,1.5,Petrol,DCT,12234,7,1,950000
BMW,3 Series,2025,2.0,Petrol,Automatic,11779,5,1,5350000
Hyundai,Creta,2015,1.5,Petrol,IVT,166391,5,3,175000
Kia,Sonet,2023,1.5,Diesel,Automatic,34349,5,1,445000
Hyundai,Creta,2022,1.5,Diesel,Manual,32308,5,1,670000
Skoda,Kushaq,2026,1.5,Petrol,DCT,2115,5,1,1455000
Hyundai,Verna,2025,1.4,Petrol,IVT,10632,5,1,475000
Hyundai,Venue,2018,1.5,Diesel,Manual,70045,5,2,240000
Toyota,Urban Cruiser Hyryder,2021,1.5,Petrol,Automatic,38425,5,1,590000
Toyota,Innova Crysta,2020,2.4,Diesel,Automatic,69290,7,1,615000
Tata,Safari,2025,2.0,Diesel,Automatic,8803,7,1,1750000
Toyota,Urban Cruiser Hyryder,2025,1.5,Petrol,Manual,8115,5,1,1010000
Honda,City,2025,1.4,Petrol Hybrid,e-CVT,13650,5,1,1180000
Skoda,Kushaq,2021,1.5,Petrol,DCT,46419,5,1,810000
Tata,Safari,2026,2.0,Diesel,Manual,2433,7,1,1955000
Toyota,Urban Cruiser Hyryder,2020,1.5,Petrol Hybrid,e-CVT,40430,5,2,805000
Tata,Harrier,2025,2.0,Diesel,Manual,3395,5,1,1250000
Mahindra,Scorpio N,2023,2.2,Diesel,Automatic,42839,7,1,1115000
Mahindra,XUV700,2022,2.0,Petrol,Automatic,77159,7,1,860000
Volkswagen,Virtus,2026,1.0,Petrol,Manual,1713,5,1,1200000
Kia,Seltos,2015,1.5,Petrol,IVT,77076,5,2,235000
Honda,City,2017,1.5,Petrol Hybrid,e-CVT,140445,5,2,410000
Tata,Safari,2026,1.9,Diesel,Manual,2257,7,1,1780000
Toyota,Urban Cruiser Hyryder,2018,1.5,Petrol Hybrid,e-CVT,93746,5,5,475000
Skoda,Kushaq,2023,1.5,Petrol,DCT,32184,5,1,1295000
Tata,Tiago,2017,1.2,Petrol,AMT,167442,5,2,85000
Maruti Suzuki,Wagon R,2026,1.2,Petrol,AMT,2014,5,1,400000
Maruti Suzuki,Brezza,2025,1.6,Petrol,Automatic,10300,5,1,500000
Tata,Punch,2025,1.2,Petrol,Manual,5593,5,1,550000
Maruti Suzuki,Alto K10,2022,1.0,Petrol,AMT,62459,5,1,155000
Tata,Altroz,2022,1.1,Petrol,DCT,40348,5,1,320000
Kia,Sonet,2021,1.0,Petrol,Manual,39171,5,2,315000
Hyundai,i20,2025,1.0,Petrol,DCT,8957,5,1,640000
Tata,Safari,2023,2.0,Diesel,Manual,59263,7,1,1140000
Hyundai,Creta,2026,1.5,Petrol,DCT,2343,5,1,1075000
Toyota,Glanza,2022,1.2,Petrol,AMT,135380,5,1,360000
Tata,Tiago,2025,1.2,Petrol,Manual,3676,5,1,365000
Tata,Safari,2018,2.0,Diesel,Automatic,129001,7,3,595000
Mahindra,Thar,2026,2.0,Petrol,Manual,2721,4,1,1345000
Maruti Suzuki,Brezza,2026,1.5,Petrol,Automatic,3013,5,1,715000
Tata,Nexon,2024,1.2,Petrol,AMT,17716,5,1,595000
Mahindra,XUV300,2026,1.2,Petrol,AMT,1906,5,1,730000
Toyota,Fortuner,2024,2.8,Diesel,Automatic,25364,7,1,3015000
Volkswagen,Virtus,2021,1.5,Petrol,DCT,66059,5,2,705000
Toyota,Urban Cruiser Hyryder,2024,1.5,Petrol Hybrid,e-CVT,21442,5,1,1340000
Honda,Amaze,2018,1.2,Petrol,Manual,97257,5,2,200000
Toyota,Urban Cruiser Hyryder,2016,1.5,Petrol,Automatic,101250,5,2,330000
Toyota,Fortuner,2018,2.8,Diesel,Automatic,45086,7,1,1560000
Hyundai,Verna,2019,1.5,Petrol,DCT,70223,5,1,330000
Honda,City,2024,1.5,Petrol,CVT,17541,5,1,765000
Maruti Suzuki,Brezza,2021,1.5,Petrol,Manual,69823,5,1,350000
Hyundai,Verna,2021,1.5,Petrol,Manual,48290,5,1,515000
Kia,Seltos,2021,1.5,Petrol,Manual,71391,5,1,650000
Tata,Nexon,2022,1.5,Diesel,AMT,23203,5,2,470000
Hyundai,Venue,2022,1.0,Petrol,Manual,37478,5,1,310000
Maruti Suzuki,Baleno,2021,1.2,Petrol,Manual,67608,5,1,260000
Skoda,Slavia,2024,1.0,Petrol,Automatic,37227,5,1,810000
Toyota,Fortuner,2021,2.9,Diesel,Manual,26756,7,1,2090000
Audi,A4,2025,2.0,Petrol,DCT,15527,5,1,4050000
Hyundai,Verna,2016,1.5,Petrol,Manual,101016,5,3,230000
Volkswagen,Virtus,2022,1.5,Petrol,DCT,44490,5,1,810000
Skoda,Slavia,2018,1.0,Petrol,Manual,105630,5,2,305000
Volkswagen,Taigun,2023,1.5,Petrol,DCT,27890,5,1,1195000
Tata,Punch,2021,1.2,Petrol,AMT,104135,5,1,260000
Hyundai,Grand i10 Nios,2025,1.2,Petrol,Manual,8905,5,1,290000
Hyundai,Creta,2022,1.5,Petrol,Automatic,54831,5,1,685000
BYD,Atto 3,2025,0.0,EV,Automatic,21487,5,1,3215000
Tata,Harrier,2017,2.1,Diesel,Automatic,58164,5,1,595000
Toyota,Fortuner,2016,2.7,Diesel,Automatic,109261,7,3,930000
Hyundai,Creta,2022,1.5,Petrol,Automatic,50464,5,1,675000
Mahindra,Thar,2025,2.0,Petrol,Manual,9988,4,1,760000
Mahindra,XUV700,2026,2.0,Petrol,Manual,3375,7,1,1040000
Mahindra,XUV300,2026,1.2,Petrol,Manual,3816,5,1,850000
Maruti Suzuki,Wagon R,2023,1.2,Petrol,Manual,51221,5,1,180000
Tata,Tiago,2018,1.2,Petrol,AMT,77742,5,2,115000
Tata,Nexon EV,2024,0.0,EV,Automatic,18854,5,1,1030000
Volkswagen,Taigun,2018,1.0,Petrol,Automatic,85078,5,3,350000
Toyota,Innova Crysta,2026,2.5,Diesel,Manual,1800,7,1,1635000
Toyota,Urban Cruiser Hyryder,2021,1.5,Petrol Hybrid,e-CVT,48508,5,1,640000
Toyota,Urban Cruiser Hyryder,2018,1.5,Petrol,Automatic,110662,5,4,275000
BMW,3 Series,2023,2.0,Petrol,Automatic,21991,5,1,3280000
Hyundai,Venue,2021,1.0,Petrol,DCT,67316,5,1,320000
Toyota,Urban Cruiser Hyryder,2023,1.5,Petrol Hybrid,e-CVT,33956,5,1,1235000
Mahindra,Scorpio N,2016,2.2,Diesel,Automatic,169646,7,2,325000
Mahindra,Scorpio N,2026,2.2,Diesel,Manual,3059,7,1,1545000
Tata,Nexon,2021,1.2,Petrol,Manual,35824,5,1,440000
Audi,A4,2015,2.0,Petrol,DCT,179693,5,3,1105000
Hyundai,Venue,2016,1.0,Petrol,Manual,161071,5,3,105000
Tata,Harrier,2025,2.0,Diesel,Automatic,9677,5,1,1405000
Hyundai,i20,2017,1.2,Petrol,Manual,220000,5,4,120000
Skoda,Kushaq,2016,1.5,Petrol,DCT,220000,5,2,240000
Hyundai,i20,2023,1.1,Petrol,Manual,52005,5,2,320000
Tata,Nexon,2022,1.2,Petrol,DCT,67353,5,2,525000
Maruti Suzuki,Baleno,2016,1.2,Petrol,AMT,85933,5,2,130000
Mahindra,Thar,2019,2.0,Petrol,Automatic,41751,4,2,410000
Maruti Suzuki,Baleno,2023,1.2,Petrol,AMT,88585,5,1,215000
Tata,Safari,2015,2.0,Diesel,Automatic,72298,7,5,415000
Skoda,Slavia,2020,1.0,Petrol,Manual,47250,5,2,510000
Kia,Seltos,2020,1.4,Diesel,Automatic,84454,5,1,520000
Mercedes-Benz,A-Class Limousine,2020,1.3,Petrol,DCT,138748,5,1,1905000
Toyota,Urban Cruiser Hyryder,2020,1.6,Petrol,Manual,44919,5,1,460000
Toyota,Fortuner,2026,2.8,Diesel,Manual,1554,7,1,3240000
Tata,Safari,2020,1.9,Diesel,Automatic,39134,7,1,945000
Kia,Sonet,2024,1.0,Petrol,iMT,18432,5,1,585000
Tata,Nexon EV,2016,0.0,EV,Automatic,95747,5,3,320000
BMW,3 Series,2020,2.0,Petrol,Automatic,70684,5,2,2020000
Audi,A4,2025,2.0,Petrol,DCT,8336,5,1,4705000
Tata,Punch,2016,1.2,Petrol,AMT,73790,5,2,125000
Hyundai,Venue,2018,1.5,Diesel,Automatic,47751,5,2,235000
Hyundai,Verna,2019,1.5,Petrol,IVT,26176,5,5,250000
Tata,Nexon,2021,1.5,Diesel,Manual,74315,5,3,415000
Honda,Amaze,2023,1.2,Petrol,Manual,31379,5,1,370000
Tata,Nexon,2023,1.5,Diesel,AMT,78915,5,2,455000
Mahindra,Scorpio N,2018,2.2,Diesel,Automatic,68900,7,1,465000
Tata,Altroz,2018,1.2,Petrol,Manual,83839,5,1,200000
Maruti Suzuki,Swift,2026,1.2,Petrol,Manual,2721,5,1,440000
Volkswagen,Virtus,2017,1.6,Petrol,DCT,91112,5,3,410000
Hyundai,Venue,2018,1.5,Diesel,Manual,84576,5,2,285000
Volkswagen,Taigun,2021,1.0,Petrol,Automatic,28725,5,4,590000
Toyota,Urban Cruiser Hyryder,2022,1.5,Petrol Hybrid,e-CVT,31375,5,2,840000
Hyundai,Venue,2024,1.0,Petrol,DCT,15635,5,1,485000
Mahindra,Thar,2023,2.2,Diesel,Automatic,28200,4,1,1050000
Kia,Seltos,2020,1.5,Petrol,IVT,74552,5,2,390000
Mahindra,XUV300,2022,1.2,Petrol,Manual,34206,5,1,455000
Hyundai,Venue,2021,1.5,Diesel,Automatic,40944,5,1,370000
Tata,Tiago,2025,1.2,Petrol,AMT,9724,5,1,310000
Hyundai,Verna,2019,1.4,Petrol,Manual,91152,5,1,290000
Hyundai,Verna,2022,1.5,Petrol,IVT,10303,5,1,665000
Volkswagen,Taigun,2024,1.4,Petrol,DCT,14031,5,1,995000
Mahindra,Thar,2022,2.0,Petrol,Manual,52597,4,1,545000
Volkswagen,Virtus,2023,1.4,Petrol,DCT,47174,5,1,1010000
Hyundai,i20,2021,1.2,Petrol,Manual,70201,5,1,215000
Tata,Nexon EV,2017,0.0,EV,Automatic,82365,5,4,390000
Maruti Suzuki,Alto K10,2018,1.1,Petrol,Manual,96078,5,4,70000
Tata,Altroz,2024,1.2,Petrol,Manual,22269,5,1,375000
Kia,Carens,2025,1.5,Petrol,DCT,7920,7,1,1190000
Tata,Harrier,2020,2.1,Diesel,Manual,39441,5,2,570000
Kia,Sonet,2023,1.1,Petrol,DCT,47817,5,1,615000
Maruti Suzuki,Alto K10,2016,1.0,Petrol,AMT,95468,5,2,70000
Hyundai,i20,2018,1.2,Petrol,Manual,102452,5,1,155000
Tata,Safari,2024,2.0,Diesel,Manual,28865,7,1,1125000
Mahindra,Scorpio N,2022,2.3,Diesel,Automatic,44996,7,1,625000
Hyundai,Grand i10 Nios,2024,1.2,Petrol,Manual,23425,5,1,300000
Maruti Suzuki,Wagon R,2025,1.2,Petrol,Manual,8464,5,1,330000
Hyundai,Creta,2019,1.5,Diesel,Manual,94798,5,1,320000
Hyundai,Verna,2015,1.5,Petrol,IVT,98685,5,5,190000
Mahindra,XUV300,2025,1.2,Petrol,Manual,10820,5,1,615000
Maruti Suzuki,Ertiga,2024,1.5,Petrol,Automatic,67879,7,1,430000
Toyota,Urban Cruiser Hyryder,2026,1.5,Petrol Hybrid,e-CVT,4621,5,1,1480000
Toyota,Urban Cruiser Hyryder,2022,1.5,Petrol,Manual,36253,5,2,600000
Mahindra,XUV700,2024,2.2,Diesel,Automatic,18436,7,1,1030000
Honda,Amaze,2022,1.2,Petrol,Manual,55777,5,1,340000
Mahindra,Scorpio N,2026,2.2,Diesel,Automatic,2593,7,1,1240000
Mahindra,XUV700,2018,2.0,Petrol,Manual,70577,7,3,315000
Toyota,Innova Crysta,2016,2.4,Diesel,Automatic,75701,7,4,435000
Hyundai,Creta,2026,1.5,Diesel,Automatic,2423,5,1,1305000
Kia,Sonet,2019,1.5,Diesel,Manual,43104,5,3,375000
Hyundai,Venue,2017,1.0,Petrol,DCT,133227,5,3,190000
Maruti Suzuki,Swift,2017,1.2,Petrol,Manual,104155,5,3,120000
Hyundai,Venue,2024,0.9,Petrol,Manual,16425,5,1,510000
Hyundai,Creta,2025,1.5,Diesel,Manual,15099,5,1,855000
Tata,Harrier,2021,1.9,Diesel,Manual,31592,5,1,830000
Hyundai,Creta,2026,1.5,Petrol,DCT,3537,5,1,1045000
Toyota,Urban Cruiser Hyryder,2021,1.5,Petrol Hybrid,e-CVT,48148,5,1,840000
Tata,Tiago,2022,1.1,Petrol,Manual,43207,5,1,245000
Hyundai,Venue,2024,1.0,Petrol,DCT,24199,5,1,385000
Mahindra,XUV700,2021,2.2,Diesel,Automatic,38668,7,1,690000
Toyota,Innova Crysta,2019,2.4,Diesel,Manual,64846,7,2,590000
Mahindra,Thar,2022,2.0,Petrol,Automatic,45733,4,1,555000
Maruti Suzuki,Wagon R,2019,1.2,Petrol,AMT,67201,5,2,170000
Toyota,Glanza,2024,1.2,Petrol,Manual,9560,5,1,510000
Maruti Suzuki,Alto K10,2024,1.0,Petrol,Manual,16059,5,1,270000
Hyundai,Venue,2020,1.5,Diesel,Automatic,46469,5,3,300000
Tata,Harrier,2026,2.0,Diesel,Manual,1606,5,1,1105000
Volkswagen,Virtus,2026,1.5,Petrol,DCT,1500,5,1,1175000
Maruti Suzuki,Ertiga,2026,1.5,Petrol,Automatic,3579,7,1,875000
Mahindra,Thar,2024,2.0,Petrol,Automatic,39177,4,1,855000
Kia,Sonet,2022,1.6,Diesel,Automatic,31935,5,1,495000
Hyundai,Grand i10 Nios,2021,1.1,Petrol,Manual,53762,5,1,200000
Hyundai,Verna,2019,1.5,Petrol,Manual,43597,5,1,285000
Tata,Tiago,2024,1.1,Petrol,Manual,65656,5,1,290000
Tata,Harrier,2020,2.0,Diesel,Automatic,59068,5,1,760000
Kia,Sonet,2023,1.5,Diesel,Manual,40101,5,1,635000
Tata,Nexon EV,2019,0.0,EV,Automatic,93483,5,1,360000
Kia,Carens,2019,1.6,Petrol,DCT,53659,7,4,560000
Tata,Nexon,2018,1.2,Petrol,DCT,55880,5,3,260000
Mahindra,Thar,2022,2.2,Diesel,Manual,49718,4,2,560000
Toyota,Urban Cruiser Hyryder,2017,1.5,Petrol,Automatic,173553,5,2,300000
Skoda,Kushaq,2025,1.5,Petrol,DCT,7812,5,1,1460000
Tata,Nexon,2017,1.4,Diesel,Manual,85446,5,3,230000
Kia,Seltos,2023,1.5,Petrol,IVT,18252,5,1,850000
Kia,Seltos,2022,1.5,Petrol,IVT,19157,5,3,560000
Maruti Suzuki,Swift,2019,1.2,Petrol,AMT,84709,5,1,185000
Toyota,Innova Crysta,2024,2.4,Diesel,Manual,32206,7,1,1200000
Maruti Suzuki,Wagon R,2020,1.3,Petrol,Manual,39547,5,1,205000
Mercedes-Benz,A-Class Limousine,2025,1.3,Petrol,DCT,11909,5,1,4545000
Tata,Nexon,2022,1.5,Diesel,Manual,80843,5,1,485000
Tata,Safari,2023,2.0,Diesel,Manual,18737,7,1,1320000
Hyundai,i20,2016,1.3,Petrol,IVT,95846,5,3,130000
Hyundai,Creta,2021,1.6,Diesel,Automatic,29509,5,2,625000
Hyundai,Creta,2026,1.5,Petrol,Automatic,2035,5,1,1080000
Tata,Harrier,2023,2.0,Diesel,Automatic,37429,5,1,1055000
Mahindra,Thar,2023,2.2,Diesel,Automatic,27073,4,1,695000
Toyota,Urban Cruiser Hyryder,2024,1.5,Petrol,Manual,12997,5,1,985000
Maruti Suzuki,Ertiga,2024,1.6,Petrol,Manual,16998,7,1,475000
Kia,Sonet,2022,1.0,Petrol,DCT,77528,5,2,250000
Maruti Suzuki,Swift,2023,1.2,Petrol,AMT,27833,5,1,260000
Toyota,Urban Cruiser Hyryder,2021,1.5,Petrol,Manual,43099,5,3,430000
Toyota,Urban Cruiser Hyryder,2026,1.5,Petrol Hybrid,e-CVT,2895,5,1,1440000
Volkswagen,Taigun,2020,1.0,Petrol,Manual,50909,5,1,375000
Mahindra,Thar,2021,2.0,Petrol,Manual,39387,4,1,530000
Toyota,Urban Cruiser Hyryder,2021,1.5,Petrol,Manual,44659,5,2,760000
Tata,Harrier,2018,2.0,Diesel,Manual,124038,5,3,425000
Mahindra,Scorpio N,2022,2.3,Diesel,Manual,81927,7,1,780000
Toyota,Fortuner,2017,2.7,Diesel,Manual,115132,7,1,1060000
Tata,Nexon,2021,1.1,Petrol,DCT,29583,5,3,425000
Maruti Suzuki,Brezza,2025,1.5,Petrol,Automatic,9139,5,1,450000
BMW,X1,2019,1.5,Petrol,Automatic,99429,5,1,1840000
Maruti Suzuki,Brezza,2025,1.5,Petrol,Manual,10485,5,1,440000
Kia,Sonet,2021,1.5,Diesel,Automatic,54139,5,1,485000
Kia,Carens,2023,1.6,Petrol,DCT,33488,7,1,700000
Kia,Sonet,2022,1.5,Diesel,Automatic,39019,5,3,480000
Hyundai,Venue,2021,1.5,Diesel,Automatic,45842,5,2,310000
Hyundai,Creta,2024,1.5,Petrol,DCT,16175,5,1,1050000
Mahindra,Thar,2026,2.0,Petrol,Manual,3008,4,1,1080000
Hyundai,Verna,2025,1.6,Petrol,Manual,15057,5,1,715000
Hyundai,Verna,2019,1.6,Petrol,Manual,74530,5,3,450000
Toyota,Fortuner,2021,2.8,Diesel,Automatic,50599,7,2,1880000
Mahindra,Thar,2021,2.2,Diesel,Automatic,55110,4,1,655000
Volvo,XC60,2026,2.1,Petrol Hybrid,Automatic,2344,5,1,5425000
Honda,City,2020,1.5,Petrol Hybrid,e-CVT,47358,5,2,710000
Hyundai,Creta,2025,1.5,Diesel,Automatic,14275,5,1,930000
Maruti Suzuki,Brezza,2026,1.5,Petrol,Automatic,2902,5,1,555000
Tata,Harrier,2017,2.1,Diesel,Automatic,65885,5,2,455000
Mahindra,XUV700,2019,2.2,Diesel,Automatic,118775,7,2,660000
Toyota,Glanza,2019,1.2,Petrol,AMT,35394,5,4,200000
Hyundai,Verna,2023,1.5,Petrol,IVT,17453,5,1,385000
Maruti Suzuki,Baleno,2024,1.2,Petrol,Manual,10356,5,1,290000
Maruti Suzuki,Baleno,2025,1.3,Petrol,Manual,9029,5,1,450000
Toyota,Glanza,2015,1.3,Petrol,AMT,220000,5,1,200000
Tata,Altroz,2025,1.1,Petrol,DCT,6216,5,1,585000
Hyundai,i20,2020,1.2,Petrol,Manual,85210,5,2,205000
Hyundai,Creta,2021,1.5,Petrol,Automatic,61127,5,1,560000
Tata,Safari,2023,1.9,Diesel,Manual,42919,7,2,1130000
Toyota,Urban Cruiser Hyryder,2022,1.5,Petrol,Automatic,31029,5,1,600000
Maruti Suzuki,Baleno,2024,1.2,Petrol,Manual,22848,5,1,425000
Honda,Amaze,2018,1.2,Petrol,Manual,78872,5,2,240000
Volkswagen,Taigun,2024,1.0,Petrol,Manual,11408,5,1,705000
Maruti Suzuki,Ertiga,2020,1.5,Petrol,Manual,74864,7,1,300000
Honda,Amaze,2018,1.2,Petrol,CVT,163880,5,1,220000
Maruti Suzuki,Ertiga,2026,1.5,Petrol,Manual,2145,7,1,665000
Toyota,Urban Cruiser Hyryder,2022,1.4,Petrol Hybrid,e-CVT,54979,5,1,975000
Maruti Suzuki,Baleno,2025,1.1,Petrol,AMT,8127,5,1,430000
Toyota,Innova Crysta,2020,2.4,Diesel,Automatic,67141,7,2,755000
Hyundai,Verna,2026,1.4,Petrol,DCT,1500,5,1,1290000
Hyundai,i20,2025,1.3,Petrol,Manual,18114,5,1,455000
Tata,Punch,2018,1.2,Petrol,Manual,102011,5,1,175000
Kia,Sonet,2019,1.5,Diesel,Manual,92935,5,3,370000
Hyundai,Venue,2020,1.5,Diesel,Manual,54151,5,3,365000
Hyundai,i20,2026,1.2,Petrol,Manual,3901,5,1,460000
Kia,Seltos,2022,1.6,Petrol,IVT,45268,5,1,715000
Volvo,XC60,2019,2.1,Petrol Hybrid,Automatic,62015,5,5,2325000
Mahindra,Thar,2016,2.2,Diesel,Automatic,70986,4,5,275000
Tata,Harrier,2020,2.0,Diesel,Manual,32858,5,3,770000
Toyota,Urban Cruiser Hyryder,2016,1.5,Petrol,Automatic,220000,5,2,200000
Toyota,Glanza,2019,1.2,Petrol,Manual,44499,5,1,335000
Hyundai,Venue,2026,1.5,Diesel,Automatic,2923,5,1,660000
Mahindra,XUV700,2021,2.2,Diesel,Automatic,66758,7,2,585000
Kia,Carens,2025,1.5,Petrol,Manual,17266,7,1,1240000
Tata,Safari,2023,2.0,Diesel,Automatic,17917,7,1,1110000
Maruti Suzuki,Swift,2021,1.2,Petrol,Manual,54139,5,1,180000
Toyota,Urban Cruiser Hyryder,2018,1.5,Petrol Hybrid,e-CVT,191447,5,3,325000
Mahindra,XUV300,2025,1.2,Petrol,Manual,8413,5,1,775000
Maruti Suzuki,Baleno,2022,1.2,Petrol,Manual,29643,5,1,240000
Volvo,XC40,2024,2.0,Petrol,Automatic,43131,5,1,3570000
Tata,Harrier,2015,1.9,Diesel,Automatic,79429,5,5,360000
Toyota,Urban Cruiser Hyryder,2024,1.6,Petrol Hybrid,e-CVT,20627,5,1,1235000
Mahindra,Thar,2017,2.0,Petrol,Manual,102958,4,3,285000
Toyota,Urban Cruiser Hyryder,2015,1.5,Petrol,Manual,180554,5,2,220000
Hyundai,Venue,2026,1.5,Diesel,Manual,6326,5,1,515000
Kia,Seltos,2021,1.5,Diesel,Automatic,41532,5,1,660000
Maruti Suzuki,Alto K10,2022,1.1,Petrol,AMT,25803,5,1,190000
Honda,City,2024,1.6,Petrol Hybrid,e-CVT,18796,5,1,1205000
Mahindra,XUV700,2026,2.2,Diesel,Automatic,2290,7,1,1680000
Skoda,Kushaq,2020,1.0,Petrol,Automatic,57157,5,1,540000
Toyota,Urban Cruiser Hyryder,2023,1.5,Petrol,Manual,30476,5,1,555000
Volkswagen,Taigun,2022,1.0,Petrol,Manual,43444,5,2,605000
Maruti Suzuki,Swift,2023,1.3,Petrol,Manual,28781,5,1,350000
Mahindra,Thar,2021,2.2,Diesel,Automatic,63858,4,1,740000
Toyota,Innova Crysta,2019,2.4,Diesel,Automatic,98751,7,3,445000
Kia,Seltos,2016,1.5,Petrol,Manual,173106,5,1,200000
Maruti Suzuki,Swift,2022,1.2,Petrol,Manual,39002,5,2,240000
Tata,Nexon,2024,1.3,Petrol,DCT,25167,5,1,580000
Toyota,Urban Cruiser Hyryder,2021,1.5,Petrol Hybrid,e-CVT,31482,5,1,770000
Lexus,ES,2019,2.6,Petrol Hybrid,e-CVT,81399,5,2,3545000
Kia,Sonet,2016,1.0,Petrol,DCT,168446,5,1,215000
Tata,Nexon,2026,1.5,Diesel,AMT,2971,5,1,825000
Mahindra,XUV700,2023,2.0,Petrol,Manual,49283,7,1,870000
Volkswagen,Virtus,2020,1.5,Petrol,DCT,49492,5,2,680000
Maruti Suzuki,Baleno,2022,1.2,Petrol,AMT,36971,5,1,330000
Kia,Carens,2015,1.4,Petrol,DCT,124350,7,4,260000
BYD,Atto 3,2017,0.0,EV,Automatic,152267,5,3,785000
Maruti Suzuki,Ertiga,2026,1.5,Petrol,Automatic,1766,7,1,610000
Hyundai,Verna,2024,1.5,Petrol,Manual,14390,5,1,560000
Tata,Tiago,2026,1.2,Petrol,Manual,6423,5,1,360000
Mahindra,XUV300,2025,1.3,Petrol,AMT,10237,5,1,765000
Mahindra,Scorpio N,2023,2.3,Diesel,Manual,32292,7,1,855000
Maruti Suzuki,Brezza,2023,1.5,Petrol,Manual,36355,5,1,460000
Hyundai,i20,2026,1.0,Petrol,Manual,2886,5,1,660000
Maruti Suzuki,Wagon R,2024,1.2,Petrol,Manual,39129,5,1,290000
Mahindra,Thar,2026,2.0,Petrol,Manual,2374,4,1,1310000
Maruti Suzuki,Alto K10,2022,1.0,Petrol,Manual,41097,5,1,180000
Tata,Nexon EV,2025,0.0,EV,Automatic,7331,5,1,1075000
Mahindra,XUV700,2019,2.0,Petrol,Automatic,72537,7,3,540000
Tata,Nexon,2024,1.5,Diesel,AMT,12070,5,1,525000
Hyundai,Venue,2026,1.0,Petrol,DCT,1936,5,1,800000
Tata,Harrier,2021,2.0,Diesel,Manual,39208,5,2,705000
Mahindra,XUV700,2025,1.9,Petrol,Automatic,5557,7,1,1190000
Maruti Suzuki,Baleno,2025,1.2,Petrol,AMT,6969,5,1,390000
Honda,City,2021,1.5,Petrol Hybrid,e-CVT,41116,5,2,950000
Tata,Altroz,2024,1.2,Petrol,Manual,21439,5,1,495000
Toyota,Urban Cruiser Hyryder,2026,1.5,Petrol,Manual,2778,5,1,930000
Kia,Sonet,2026,1.5,Diesel,Automatic,2337,5,1,895000
Mahindra,XUV700,2019,2.0,Petrol,Automatic,58920,7,3,465000
Mahindra,XUV700,2024,2.2,Diesel,Manual,73693,7,1,1020000
Lexus,ES,2015,2.6,Petrol Hybrid,e-CVT,92546,5,5,1605000
Mahindra,Thar,2024,2.0,Petrol,Manual,30539,4,1,760000
Hyundai,i20,2025,0.9,Petrol,Manual,7723,5,1,615000
Tata,Altroz,2015,1.2,Petrol,DCT,158749,5,2,135000
Toyota,Urban Cruiser Hyryder,2020,1.6,Petrol Hybrid,e-CVT,41364,5,1,890000
Skoda,Kushaq,2022,1.0,Petrol,Automatic,37346,5,1,780000
Tata,Tiago,2022,1.2,Petrol,Manual,56431,5,1,140000
Mahindra,XUV700,2024,2.2,Diesel,Manual,15621,7,1,950000
Tata,Tiago,2023,1.2,Petrol,AMT,35426,5,1,300000
Tata,Safari,2026,2.0,Diesel,Manual,2678,7,1,1805000
Honda,City,2023,1.5,Petrol,Manual,23420,5,1,660000
Toyota,Innova Crysta,2016,2.4,Diesel,Manual,84703,7,1,500000
Hyundai,Creta,2026,1.6,Petrol,IVT,1958,5,1,1035000
Maruti Suzuki,Alto K10,2022,1.0,Petrol,AMT,68230,5,3,180000
BMW,3 Series,2022,2.0,Petrol,Automatic,53094,5,2,2830000
BMW,X1,2025,1.5,Petrol,Automatic,10097,5,1,3790000
Tata,Nexon,2020,1.2,Petrol,Manual,59783,5,1,270000
Kia,Sonet,2021,1.5,Diesel,Manual,50623,5,1,500000
Skoda,Kushaq,2019,1.0,Petrol,Automatic,97691,5,3,360000
Maruti Suzuki,Alto K10,2021,1.0,Petrol,Manual,76217,5,4,130000
Maruti Suzuki,Swift,2024,1.2,Petrol,AMT,26559,5,1,325000
Mahindra,XUV700,2016,2.2,Diesel,Automatic,57258,7,2,390000
Maruti Suzuki,Swift,2021,1.3,Petrol,AMT,49074,5,1,175000
Toyota,Urban Cruiser Hyryder,2016,1.6,Petrol,Automatic,72811,5,3,270000
Hyundai,Creta,2022,1.5,Petrol,Manual,38666,5,2,480000
Tata,Nexon,2020,1.2,Petrol,AMT,48842,5,2,350000
Honda,Amaze,2021,1.2,Petrol,CVT,59705,5,2,370000
Honda,Amaze,2021,1.2,Petrol,Manual,36100,5,1,315000
Toyota,Urban Cruiser Hyryder,2026,1.5,Petrol Hybrid,e-CVT,1902,5,1,1735000
Toyota,Urban Cruiser Hyryder,2024,1.5,Petrol Hybrid,e-CVT,19619,5,1,1135000
Honda,Amaze,2021,1.2,Petrol,Manual,46025,5,1,390000
Hyundai,Creta,2026,1.5,Petrol,Automatic,1500,5,1,760000
Mahindra,Scorpio N,2026,2.2,Diesel,Manual,1500,7,1,1185000
Tata,Harrier,2021,2.0,Diesel,Manual,29307,5,1,865000
Volkswagen,Taigun,2015,1.5,Petrol,DCT,149417,5,2,305000
Hyundai,i20,2026,1.0,Petrol,DCT,2279,5,1,805000
Hyundai,Venue,2023,1.6,Diesel,Automatic,34912,5,1,340000
Tata,Tiago,2020,1.3,Petrol,Manual,111614,5,3,110000
Skoda,Slavia,2020,1.0,Petrol,Manual,76108,5,4,345000
Hyundai,Verna,2022,1.5,Petrol,DCT,48184,5,1,655000
Hyundai,Venue,2022,1.0,Petrol,DCT,45708,5,2,425000
Mahindra,XUV300,2022,1.2,Petrol,AMT,29814,5,2,515000
Mahindra,XUV700,2017,2.0,Petrol,Automatic,49251,7,2,600000
Kia,Seltos,2021,1.5,Petrol,Manual,42935,5,1,530000
Maruti Suzuki,Swift,2024,1.1,Petrol,AMT,30200,5,1,290000
Kia,Carens,2015,1.4,Petrol,DCT,87933,7,1,360000
Tata,Nexon EV,2024,0.0,EV,Automatic,22334,5,1,1130000
Hyundai,Venue,2023,1.0,Petrol,Manual,28638,5,1,555000
Mahindra,XUV300,2019,1.2,Petrol,AMT,50746,5,2,240000
Mahindra,XUV700,2016,2.0,Petrol,Automatic,63095,7,3,350000
Tata,Altroz,2026,1.2,Petrol,DCT,1500,5,1,570000
Hyundai,i20,2016,1.2,Petrol,Manual,107593,5,3,130000
Hyundai,Venue,2025,1.5,Diesel,Manual,12477,5,1,590000
BMW,5 Series,2019,2.0,Petrol,Automatic,32974,5,1,4170000
Kia,Seltos,2022,1.5,Petrol,Manual,38754,5,1,605000
Honda,Amaze,2018,1.2,Petrol,Manual,76314,5,3,215000
Toyota,Innova Crysta,2021,2.3,Diesel,Automatic,37746,7,1,800000
Mahindra,XUV700,2023,1.9,Petrol,Manual,39185,7,1,825000
Tata,Altroz,2025,1.1,Petrol,DCT,11147,5,1,415000
Kia,Seltos,2021,1.5,Petrol,IVT,68252,5,1,585000
Hyundai,Creta,2024,1.4,Petrol,DCT,24912,5,1,895000
Mahindra,XUV700,2023,2.2,Diesel,Manual,24501,7,1,1120000
Kia,Sonet,2019,1.5,Diesel,Manual,68184,5,2,280000
Hyundai,i20,2026,1.1,Petrol,DCT,1500,5,1,580000
Tata,Punch,2023,1.2,Petrol,AMT,33182,5,1,330000
Maruti Suzuki,Baleno,2017,1.2,Petrol,AMT,198249,5,3,95000
Tata,Harrier,2020,2.0,Diesel,Manual,152346,5,1,445000
Hyundai,Grand i10 Nios,2015,1.2,Petrol,AMT,117199,5,3,95000
Tata,Safari,2025,2.0,Diesel,Automatic,5999,7,1,1250000
Tata,Nexon EV,2020,0.0,EV,Automatic,93036,5,1,635000
Tata,Nexon,2026,1.5,Diesel,AMT,3523,5,1,725000
Hyundai,Venue,2024,1.5,Diesel,Manual,22138,5,1,445000
Tata,Harrier,2025,2.0,Diesel,Manual,13611,5,1,1155000
Mahindra,XUV700,2024,2.2,Diesel,Automatic,12793,7,1,1365000
Tata,Tiago,2026,1.2,Petrol,Manual,2379,5,1,405000
Tata,Altroz,2022,1.2,Petrol,DCT,55827,5,1,255000
Maruti Suzuki,Wagon R,2024,1.3,Petrol,Manual,11297,5,1,300000
Maruti Suzuki,Wagon R,2024,1.2,Petrol,Manual,22371,5,1,295000
Honda,Amaze,2020,1.2,Petrol,Manual,56071,5,2,360000
Volkswagen,Taigun,2024,0.9,Petrol,Automatic,14425,5,1,660000
Maruti Suzuki,Brezza,2018,1.6,Petrol,Manual,79381,5,1,180000
Tata,Nexon,2026,1.2,Petrol,Manual,2390,5,1,735000
Hyundai,Verna,2026,1.5,Petrol,IVT,3061,5,1,1000000
Tata,Nexon,2023,1.2,Petrol,Manual,24327,5,1,500000
Maruti Suzuki,Wagon R,2023,1.2,Petrol,Manual,35643,5,1,270000
Honda,City,2026,1.5,Petrol,Manual,3151,5,1,960000
Hyundai,Venue,2017,1.5,Diesel,Automatic,83758,5,2,180000
Toyota,Urban Cruiser Hyryder,2020,1.5,Petrol,Manual,63714,5,1,580000
Mahindra,Thar,2023,2.0,Petrol,Manual,20108,4,1,730000
Maruti Suzuki,Swift,2022,1.1,Petrol,AMT,35823,5,3,195000
Mahindra,XUV700,2019,2.2,Diesel,Manual,80447,7,1,740000
Tata,Harrier,2022,1.9,Diesel,Manual,54899,5,2,805000
Tata,Nexon,2025,1.2,Petrol,DCT,13436,5,1,600000
Hyundai,i20,2022,1.2,Petrol,IVT,34375,5,1,285000
Tata,Harrier,2023,2.0,Diesel,Automatic,45571,5,1,910000
Hyundai,Verna,2021,1.5,Petrol,Manual,42891,5,1,600000
Maruti Suzuki,Ertiga,2024,1.5,Petrol,Automatic,35906,7,1,470000
BMW,3 Series,2019,2.0,Petrol,Automatic,43175,5,2,2000000
Tata,Nexon,2024,1.2,Petrol,Manual,14371,5,1,760000
Toyota,Glanza,2020,1.1,Petrol,AMT,42137,5,1,265000
Maruti Suzuki,Wagon R,2019,1.2,Petrol,AMT,66567,5,2,165000
Mahindra,Scorpio N,2023,2.1,Diesel,Manual,43351,7,1,890000
Hyundai,i20,2021,1.0,Petrol,Manual,73910,5,2,310000
Tata,Safari,2026,2.0,Diesel,Manual,5174,7,1,1460000
Volkswagen,Taigun,2025,0.9,Petrol,Automatic,11510,5,1,1050000
Tata,Punch,2026,1.2,Petrol,AMT,2405,5,1,545000
Toyota,Fortuner,2020,2.8,Diesel,Manual,73526,7,2,1470000
Kia,Carens,2023,1.5,Petrol,Manual,31150,7,1,1110000
Kia,Sonet,2023,1.1,Petrol,DCT,54241,5,1,420000
Mahindra,Scorpio N,2016,2.2,Diesel,Manual,92790,7,1,415000
Mahindra,Thar,2017,2.0,Petrol,Manual,108804,4,2,350000
Mahindra,Thar,2020,2.2,Diesel,Automatic,72088,4,3,405000
Tata,Nexon,2018,1.5,Diesel,AMT,28004,5,1,285000
Tata,Safari,2024,2.0,Diesel,Manual,41422,7,1,1285000
Hyundai,Creta,2023,1.5,Petrol,DCT,43002,5,1,850000
Honda,Amaze,2021,1.1,Petrol,CVT,44186,5,3,370000
Tata,Nexon EV,2022,0.0,EV,Automatic,33925,5,1,840000
Tata,Altroz,2022,1.1,Petrol,Manual,51875,5,1,360000
Kia,Sonet,2024,1.1,Petrol,DCT,32393,5,1,555000
Hyundai,Venue,2017,1.6,Diesel,Automatic,55892,5,1,230000
Maruti Suzuki,Ertiga,2019,1.5,Petrol,Automatic,64649,7,1,235000
Volkswagen,Taigun,2021,1.0,Petrol,Manual,66443,5,1,535000
Volkswagen,Taigun,2017,1.6,Petrol,DCT,70195,5,1,375000
Honda,City,2026,1.5,Petrol,Manual,3025,5,1,935000
Tata,Harrier,2018,2.0,Diesel,Manual,220000,5,1,365000
Mahindra,XUV700,2023,2.0,Petrol,Automatic,33652,7,2,940000
Volkswagen,Virtus,2026,1.5,Petrol,DCT,1867,5,1,1850000
Maruti Suzuki,Swift,2015,1.2,Petrol,AMT,103370,5,4,105000
Kia,Seltos,2017,1.5,Diesel,Manual,42183,5,1,365000
Hyundai,Verna,2026,1.5,Petrol,DCT,2671,5,1,1020000
Volkswagen,Taigun,2017,1.5,Petrol,DCT,121062,5,1,470000
Honda,City,2019,1.5,Petrol,Manual,70592,5,3,395000
Tata,Harrier,2019,2.0,Diesel,Manual,91124,5,3,560000
Toyota,Urban Cruiser Hyryder,2020,1.5,Petrol Hybrid,e-CVT,50699,5,2,735000
Honda,Amaze,2025,1.2,Petrol,Manual,9991,5,1,650000
Kia,Carens,2020,1.6,Petrol,Manual,70304,7,1,490000
Hyundai,Verna,2025,1.5,Petrol,IVT,6730,5,1,865000
Tata,Tiago,2023,1.2,Petrol,AMT,28700,5,2,295000
Honda,City,2026,1.5,Petrol Hybrid,e-CVT,3222,5,1,1845000
Toyota,Urban Cruiser Hyryder,2017,1.5,Petrol,Manual,88655,5,2,275000
Mahindra,Scorpio N,2021,2.2,Diesel,Manual,66847,7,1,445000
Tata,Punch,2025,1.2,Petrol,AMT,9004,5,1,510000
Skoda,Kushaq,2024,1.6,Petrol,DCT,24894,5,1,1015000
Mahindra,Thar,2022,2.0,Petrol,Manual,30762,4,1,800000
Mahindra,Scorpio N,2026,2.2,Diesel,Manual,2667,7,1,1255000
Hyundai,Venue,2019,1.5,Diesel,Automatic,64548,5,2,335000
Toyota,Innova Crysta,2019,2.4,Diesel,Manual,60184,7,3,630000
Maruti Suzuki,Brezza,2021,1.5,Petrol,Automatic,81011,5,1,300000
Hyundai,i20,2024,1.2,Petrol,IVT,20578,5,1,385000
Maruti Suzuki,Wagon R,2022,1.3,Petrol,Manual,87564,5,1,185000
Toyota,Innova Crysta,2022,2.4,Diesel,Manual,19107,7,1,1175000
Honda,City,2026,1.5,Petrol,Manual,1921,5,1,815000
Tata,Nexon,2025,1.2,Petrol,Manual,10070,5,1,550000
Tata,Safari,2026,2.0,Diesel,Automatic,2772,7,1,1535000
Hyundai,Creta,2016,1.4,Petrol,Automatic,220000,5,3,265000
Mercedes-Benz,GLA,2020,1.3,Petrol,DCT,60956,5,3,2395000
Honda,Amaze,2024,1.2,Petrol,CVT,30377,5,1,630000
Kia,Carens,2016,1.4,Petrol,DCT,78082,7,2,315000
Toyota,Glanza,2023,1.1,Petrol,AMT,21038,5,1,495000
Skoda,Kushaq,2023,1.0,Petrol,Automatic,71292,5,2,660000
Honda,City,2025,1.5,Petrol Hybrid,e-CVT,7301,5,1,1070000
Toyota,Fortuner,2015,2.8,Diesel,Automatic,153927,7,3,780000
Mahindra,Scorpio N,2021,2.2,Diesel,Manual,28987,7,1,745000
Toyota,Glanza,2025,1.3,Petrol,Manual,16917,5,1,580000
Volkswagen,Taigun,2019,1.0,Petrol,Manual,151946,5,2,280000
Toyota,Urban Cruiser Hyryder,2023,1.5,Petrol,Manual,28192,5,2,660000
Tata,Punch,2023,1.2,Petrol,AMT,28380,5,1,275000
Toyota,Urban Cruiser Hyryder,2020,1.6,Petrol,Manual,74398,5,3,430000
Tata,Punch,2021,1.2,Petrol,Manual,130015,5,1,295000
Hyundai,Verna,2026,1.5,Petrol,DCT,5132,5,1,955000
Hyundai,Creta,2022,1.5,Petrol,Manual,29253,5,2,530000
Volkswagen,Taigun,2018,1.0,Petrol,Manual,100027,5,1,350000
Volkswagen,Taigun,2023,1.5,Petrol,DCT,13414,5,2,910000
Tata,Altroz,2023,1.3,Petrol,Manual,27106,5,1,450000
Volkswagen,Virtus,2017,1.6,Petrol,DCT,128394,5,4,345000
Hyundai,i20,2023,1.0,Petrol,Manual,32531,5,1,355000
Honda,Amaze,2025,1.2,Petrol,CVT,18962,5,1,385000
Toyota,Urban Cruiser Hyryder,2019,1.5,Petrol Hybrid,e-CVT,67017,5,1,595000
Hyundai,Grand i10 Nios,2026,1.2,Petrol,AMT,1825,5,1,385000
Kia,Carens,2023,1.5,Petrol,DCT,27423,7,1,1085000
Tata,Tiago,2026,1.3,Petrol,Manual,3138,5,1,450000
Maruti Suzuki,Wagon R,2026,1.2,Petrol,AMT,1724,5,1,390000
Mahindra,XUV700,2026,2.1,Petrol,Manual,3005,7,1,1240000
Toyota,Urban Cruiser Hyryder,2026,1.5,Petrol,Automatic,4317,5,1,1090000
Tata,Harrier,2019,2.0,Diesel,Manual,71295,5,1,695000
Kia,Sonet,2021,1.0,Petrol,iMT,67627,5,1,350000
Tata,Nexon EV,2026,0.0,EV,Automatic,3906,5,1,935000
Honda,City,2025,1.5,Petrol Hybrid,e-CVT,14320,5,1,1245000
Kia,Sonet,2022,1.5,Diesel,Manual,56237,5,1,510000
Mahindra,Thar,2021,2.0,Petrol,Automatic,53545,4,2,650000
Toyota,Urban Cruiser Hyryder,2024,1.5,Petrol Hybrid,e-CVT,30127,5,1,1135000
Maruti Suzuki,Brezza,2025,1.5,Petrol,Manual,16091,5,1,400000
Tata,Nexon EV,2016,0.0,EV,Automatic,92644,5,3,255000
Tata,Safari,2018,1.9,Diesel,Manual,38646,7,4,475000
Maruti Suzuki,Brezza,2026,1.6,Petrol,Manual,2946,5,1,495000
Tata,Nexon EV,2021,0.0,EV,Automatic,50462,5,2,545000
Tata,Nexon,2026,1.2,Petrol,AMT,1500,5,1,835000
Mahindra,Thar,2020,2.2,Diesel,Automatic,47217,4,3,570000
Tata,Nexon,2019,1.2,Petrol,AMT,78274,5,3,280000
Kia,Sonet,2024,1.5,Diesel,Automatic,18727,5,1,705000
Honda,City,2018,1.5,Petrol Hybrid,e-CVT,76128,5,3,610000
Hyundai,Creta,2023,1.5,Petrol,DCT,49775,5,1,705000
Hyundai,Venue,2019,1.0,Petrol,DCT,184493,5,1,195000
Kia,Sonet,2018,1.5,Diesel,Automatic,113497,5,1,260000
Mahindra,Thar,2020,2.0,Petrol,Automatic,88626,4,1,555000
Maruti Suzuki,Ertiga,2023,1.5,Petrol,Automatic,33442,7,1,515000
Hyundai,i20,2017,1.2,Petrol,Manual,86306,5,4,100000
Skoda,Kushaq,2022,1.0,Petrol,Automatic,75703,5,1,610000
Toyota,Innova Crysta,2020,2.4,Diesel,Automatic,85188,7,1,715000
Mahindra,Thar,2021,2.2,Diesel,Manual,34727,4,1,625000
Kia,Sonet,2026,1.0,Petrol,Manual,3579,5,1,720000
Maruti Suzuki,Wagon R,2026,1.2,Petrol,AMT,3075,5,1,435000
Tata,Nexon,2024,1.2,Petrol,Manual,18395,5,1,615000
Hyundai,Venue,2026,1.0,Petrol,DCT,2738,5,1,805000
Honda,City,2019,1.5,Petrol Hybrid,e-CVT,91354,5,1,665000
Tata,Nexon EV,2023,0.0,EV,Automatic,40958,5,1,770000
Kia,Sonet,2020,1.0,Petrol,iMT,88577,5,2,300000
Maruti Suzuki,Alto K10,2020,1.0,Petrol,Manual,69230,5,2,125000
Kia,Seltos,2025,1.5,Diesel,Manual,8363,5,1,1175000
Maruti Suzuki,Wagon R,2020,1.2,Petrol,AMT,51853,5,3,140000
Toyota,Innova Crysta,2023,2.4,Diesel,Manual,25003,7,1,1345000
Toyota,Urban Cruiser Hyryder,2025,1.5,Petrol Hybrid,e-CVT,8715,5,1,1425000
Kia,Sonet,2026,0.9,Petrol,DCT,6222,5,1,790000
Kia,Seltos,2021,1.5,Diesel,Automatic,72013,5,3,500000
Kia,Seltos,2024,1.5,Petrol,IVT,18859,5,1,785000
Hyundai,Venue,2018,1.1,Petrol,DCT,143536,5,2,175000
Maruti Suzuki,Wagon R,2021,1.1,Petrol,Manual,46864,5,1,210000
Toyota,Urban Cruiser Hyryder,2018,1.5,Petrol Hybrid,e-CVT,50126,5,2,700000
Mahindra,Thar,2021,2.1,Petrol,Automatic,116591,4,1,520000
Skoda,Slavia,2023,1.1,Petrol,Automatic,38413,5,3,675000
Honda,City,2024,1.5,Petrol,CVT,25441,5,1,1085000
Hyundai,Venue,2024,1.6,Diesel,Manual,50437,5,1,625000
BMW,X1,2026,1.5,Petrol,Automatic,3744,5,1,5290000
Toyota,Innova Crysta,2024,2.4,Diesel,Manual,14404,7,1,890000
Hyundai,Grand i10 Nios,2020,1.2,Petrol,Manual,124789,5,1,170000
Toyota,Fortuner,2018,2.8,Diesel,Manual,58339,7,1,1270000
Honda,City,2017,1.5,Petrol,CVT,114229,5,1,310000
Skoda,Kushaq,2022,1.0,Petrol,Automatic,23872,5,2,670000
Maruti Suzuki,Brezza,2018,1.4,Petrol,Manual,112581,5,1,150000
Hyundai,Creta,2026,1.5,Petrol,IVT,1500,5,1,900000
Kia,Seltos,2018,1.5,Diesel,Manual,49742,5,1,405000
Toyota,Innova Crysta,2023,2.4,Diesel,Automatic,33783,7,1,1110000
Hyundai,i20,2026,1.0,Petrol,Manual,2904,5,1,750000
Toyota,Glanza,2026,1.2,Petrol,AMT,2074,5,1,475000
Toyota,Fortuner,2023,2.8,Diesel,Automatic,61806,7,1,2440000
Mahindra,Thar,2020,2.2,Diesel,Automatic,70472,4,2,620000
Mahindra,XUV700,2022,1.9,Petrol,Manual,21328,7,1,850000
Hyundai,i20,2023,1.1,Petrol,IVT,43611,5,2,315000
Kia,Sonet,2020,1.5,Diesel,Manual,57252,5,5,270000
Maruti Suzuki,Brezza,2026,1.5,Petrol,Automatic,6055,5,1,690000
Hyundai,Venue,2021,1.0,Petrol,Manual,67502,5,1,280000
Hyundai,Venue,2021,1.5,Diesel,Manual,27403,5,1,395000
Maruti Suzuki,Alto K10,2018,1.0,Petrol,Manual,179404,5,1,85000
Maruti Suzuki,Ertiga,2016,1.6,Petrol,Automatic,103334,7,4,180000
Tata,Altroz,2022,1.2,Petrol,Manual,30641,5,1,415000
Maruti Suzuki,Ertiga,2025,1.5,Petrol,Manual,14476,7,1,580000
Honda,City,2025,1.5,Petrol,CVT,6684,5,1,1005000
Tata,Altroz,2019,1.2,Petrol,Manual,28662,5,2,205000
Hyundai,Creta,2024,1.5,Petrol,Manual,20055,5,1,745000
Hyundai,Verna,2021,1.4,Petrol,DCT,52715,5,1,450000
Maruti Suzuki,Wagon R,2022,1.3,Petrol,AMT,28480,5,1,310000
Mahindra,XUV700,2023,2.3,Diesel,Manual,26278,7,1,1035000
Honda,City,2024,1.5,Petrol,Manual,19970,5,1,710000
Tata,Safari,2023,2.0,Diesel,Automatic,41705,7,1,750000
Maruti Suzuki,Alto K10,2025,1.0,Petrol,AMT,11729,5,1,215000
Honda,City,2024,1.5,Petrol Hybrid,e-CVT,28840,5,1,1290000
Toyota,Fortuner,2024,2.8,Diesel,Automatic,20749,7,1,2735000
Mahindra,Scorpio N,2023,2.2,Diesel,Manual,21216,7,2,1050000
Mahindra,Scorpio N,2021,2.2,Diesel,Manual,100160,7,1,690000
Kia,Carens,2026,1.5,Petrol,Manual,2311,7,1,1160000
Hyundai,Creta,2024,1.4,Petrol,IVT,17771,5,1,830000
Kia,Carens,2023,1.5,Petrol,Manual,33910,7,1,1000000
Tata,Tiago,2026,1.2,Petrol,AMT,1859,5,1,315000
Hyundai,Grand i10 Nios,2026,1.2,Petrol,AMT,7530,5,1,335000
Maruti Suzuki,Alto K10,2026,1.0,Petrol,AMT,2803,5,1,230000
Tata,Altroz,2023,1.2,Petrol,DCT,43145,5,1,395000
Maruti Suzuki,Wagon R,2023,1.2,Petrol,AMT,31734,5,1,215000
Hyundai,Creta,2020,1.5,Diesel,Automatic,50559,5,1,625000
Mahindra,XUV700,2021,2.0,Petrol,Automatic,83867,7,1,760000
Honda,Amaze,2022,1.2,Petrol,Manual,39637,5,1,405000
Hyundai,Venue,2026,1.5,Diesel,Manual,2512,5,1,1080000
Tata,Nexon,2026,1.5,Diesel,AMT,2145,5,1,960000
Tata,Nexon,2025,1.5,Diesel,Manual,7172,5,1,645000
Toyota,Innova Crysta,2022,2.3,Diesel,Automatic,33823,7,2,880000
Volkswagen,Virtus,2020,1.5,Petrol,DCT,101610,5,4,410000
Toyota,Glanza,2025,1.2,Petrol,AMT,13879,5,1,620000
Kia,Sonet,2023,1.0,Petrol,iMT,32662,5,3,535000
Tata,Tiago,2023,1.2,Petrol,AMT,17716,5,1,275000
Tata,Safari,2024,2.0,Diesel,Automatic,23197,7,1,1090000
Volkswagen,Taigun,2023,1.0,Petrol,Automatic,33389,5,1,705000
Kia,Sonet,2024,1.1,Petrol,iMT,40565,5,1,570000
Mahindra,XUV300,2021,1.2,Petrol,AMT,37994,5,4,465000
Maruti Suzuki,Alto K10,2022,1.0,Petrol,Manual,40957,5,1,170000
Maruti Suzuki,Brezza,2018,1.5,Petrol,Manual,102578,5,2,200000
Audi,A4,2016,2.0,Petrol,DCT,131787,5,2,1350000
Maruti Suzuki,Brezza,2023,1.4,Petrol,Manual,24209,5,2,455000
Hyundai,Venue,2021,1.5,Diesel,Manual,64348,5,1,455000
Toyota,Urban Cruiser Hyryder,2015,1.5,Petrol,Manual,57321,5,2,330000
Tata,Harrier,2021,2.0,Diesel,Manual,47546,5,1,725000
Mahindra,Thar,2025,2.0,Petrol,Automatic,9554,4,1,1185000
Tata,Harrier,2025,2.0,Diesel,Automatic,13149,5,1,1350000
Hyundai,Grand i10 Nios,2021,1.2,Petrol,Manual,57459,5,2,210000
Maruti Suzuki,Baleno,2016,1.2,Petrol,AMT,119612,5,3,105000
Toyota,Fortuner,2021,2.9,Diesel,Manual,101266,7,1,1520000
Tata,Altroz,2023,1.1,Petrol,Manual,25273,5,1,275000
Maruti Suzuki,Alto K10,2023,1.0,Petrol,Manual,34401,5,1,190000
Tata,Nexon EV,2021,0.0,EV,Automatic,45000,5,2,560000
Hyundai,i20,2020,1.0,Petrol,Manual,53602,5,1,360000
Tata,Harrier,2017,2.1,Diesel,Automatic,88895,5,2,365000
Maruti Suzuki,Wagon R,2021,1.2,Petrol,Manual,40417,5,1,190000
Maruti Suzuki,Swift,2022,1.2,Petrol,AMT,30390,5,4,225000
Honda,City,2022,1.5,Petrol,CVT,54098,5,2,540000
Maruti Suzuki,Wagon R,2026,1.2,Petrol,Manual,1500,5,1,420000
Hyundai,i20,2018,1.2,Petrol,Manual,56107,5,1,180000
Hyundai,Verna,2026,1.4,Petrol,DCT,1533,5,1,900000
Tata,Nexon EV,2026,0.0,EV,Automatic,2510,5,1,1540000
Kia,Carens,2024,1.6,Petrol,Manual,36910,7,1,890000
Honda,Amaze,2022,1.2,Petrol,CVT,44369,5,1,470000
Kia,Carens,2019,1.5,Petrol,DCT,78651,7,1,700000
Tata,Nexon,2022,1.5,Diesel,Manual,41422,5,1,365000
Maruti Suzuki,Ertiga,2023,1.5,Petrol,Automatic,24537,7,1,435000
Maruti Suzuki,Brezza,2025,1.5,Petrol,Manual,14949,5,1,570000
Maruti Suzuki,Brezza,2015,1.5,Petrol,Manual,168279,5,4,90000
Maruti Suzuki,Ertiga,2016,1.5,Petrol,Manual,146426,7,5,130000
Tata,Altroz,2025,1.2,Petrol,Manual,7671,5,1,460000
Maruti Suzuki,Wagon R,2024,1.2,Petrol,AMT,16829,5,1,325000
Tata,Nexon,2020,1.5,Diesel,Manual,109915,5,2,350000
Volkswagen,Virtus,2022,1.0,Petrol,Automatic,20127,5,1,695000
Kia,Seltos,2026,1.5,Petrol,IVT,3959,5,1,1030000
Honda,City,2023,1.5,Petrol Hybrid,e-CVT,27960,5,1,1195000
Hyundai,i20,2021,1.0,Petrol,Manual,52494,5,1,280000
Maruti Suzuki,Alto K10,2015,1.0,Petrol,AMT,154287,5,1,70000
Hyundai,Creta,2021,1.5,Diesel,Manual,63344,5,2,500000
Tata,Nexon,2018,1.5,Diesel,AMT,62210,5,1,325000
Mahindra,Thar,2019,2.3,Diesel,Manual,41113,4,1,515000
Maruti Suzuki,Ertiga,2024,1.4,Petrol,Automatic,24479,7,1,470000
Mahindra,Thar,2023,2.2,Diesel,Automatic,30621,4,2,640000
Hyundai,Creta,2023,1.5,Petrol,IVT,35860,5,1,645000
Volkswagen,Virtus,2021,1.6,Petrol,DCT,53721,5,2,635000
Toyota,Innova Crysta,2025,2.4,Diesel,Manual,6150,7,1,2010000
Tata,Nexon,2023,1.5,Diesel,Manual,25838,5,1,540000
Hyundai,Verna,2022,1.5,Petrol,Manual,54665,5,1,595000
Kia,Sonet,2024,0.9,Petrol,Manual,16651,5,1,705000
Hyundai,Venue,2026,1.5,Diesel,Manual,2631,5,1,650000
Toyota,Urban Cruiser Hyryder,2021,1.5,Petrol Hybrid,e-CVT,62605,5,1,760000
Hyundai,Creta,2016,1.5,Diesel,Automatic,99864,5,2,325000
Tata,Punch,2023,1.1,Petrol,AMT,47238,5,1,395000
Toyota,Urban Cruiser Hyryder,2024,1.6,Petrol,Manual,25294,5,1,1130000
Hyundai,i20,2025,1.2,Petrol,Manual,13487,5,1,455000
Honda,Amaze,2024,1.2,Petrol,CVT,43160,5,1,420000
Tata,Altroz,2019,1.3,Petrol,Manual,117536,5,1,225000
Kia,Seltos,2020,1.5,Diesel,Automatic,80836,5,4,480000
Honda,Amaze,2025,1.3,Petrol,Manual,5017,5,1,535000
Volvo,XC60,2019,2.0,Petrol Hybrid,Automatic,104985,5,2,2980000
Tata,Altroz,2021,1.2,Petrol,DCT,38364,5,1,395000
Toyota,Urban Cruiser Hyryder,2026,1.5,Petrol Hybrid,e-CVT,2707,5,1,1735000
Hyundai,Creta,2016,1.5,Petrol,IVT,101165,5,3,250000
Toyota,Urban Cruiser Hyryder,2022,1.5,Petrol,Automatic,80422,5,2,515000
Mahindra,Scorpio N,2024,2.1,Diesel,Automatic,11342,7,1,1210000
Hyundai,Verna,2025,1.6,Petrol,IVT,11247,5,1,810000
Volkswagen,Virtus,2024,1.5,Petrol,DCT,20875,5,1,1190000
Tata,Nexon EV,2026,0.0,EV,Automatic,1531,5,1,1035000
Tata,Nexon EV,2024,0.0,EV,Automatic,37489,5,1,1090000
Hyundai,Venue,2026,1.0,Petrol,DCT,1647,5,1,725000
Mahindra,XUV300,2026,1.2,Petrol,AMT,1771,5,1,710000
Hyundai,i20,2021,1.2,Petrol,Manual,59735,5,1,215000
Hyundai,Creta,2024,1.5,Petrol,IVT,22529,5,1,915000
Hyundai,Verna,2023,1.5,Petrol,Manual,25915,5,1,770000
Toyota,Urban Cruiser Hyryder,2026,1.5,Petrol,Manual,1701,5,1,1245000
Maruti Suzuki,Ertiga,2023,1.5,Petrol,Manual,24753,7,1,510000
Toyota,Glanza,2022,1.2,Petrol,Manual,46255,5,1,375000
Hyundai,i20,2024,1.2,Petrol,Manual,27862,5,1,295000
Toyota,Innova Crysta,2020,2.4,Diesel,Manual,105557,7,1,560000
Maruti Suzuki,Baleno,2025,1.1,Petrol,Manual,9548,5,1,355000
Tata,Safari,2022,2.0,Diesel,Manual,35109,7,1,1205000
Mahindra,Thar,2021,2.0,Petrol,Manual,52670,4,1,570000
Hyundai,Verna,2024,1.5,Petrol,DCT,17243,5,1,940000
Mahindra,Thar,2023,2.2,Diesel,Automatic,21489,4,1,985000
Tata,Punch,2025,1.2,Petrol,Manual,8196,5,1,550000
Volkswagen,Virtus,2015,1.0,Petrol,Automatic,132569,5,2,275000
Kia,Sonet,2024,1.5,Diesel,Automatic,23623,5,1,785000
Hyundai,Creta,2026,1.5,Petrol,IVT,1500,5,1,1275000
Maruti Suzuki,Brezza,2024,1.5,Petrol,Automatic,22205,5,1,415000
Tata,Nexon EV,2016,0.0,EV,Automatic,114840,5,3,295000
Mahindra,XUV700,2024,2.2,Diesel,Manual,15834,7,1,1115000
Mahindra,Thar,2023,2.2,Diesel,Automatic,25721,4,2,800000
Tata,Safari,2022,2.0,Diesel,Automatic,32150,7,2,975000
Hyundai,Creta,2022,1.5,Petrol,Automatic,39780,5,1,975000
Maruti Suzuki,Brezza,2024,1.6,Petrol,Manual,16051,5,1,555000
Kia,Sonet,2023,1.5,Diesel,Manual,42922,5,1,455000
Honda,Amaze,2024,1.2,Petrol,Manual,12799,5,1,545000
Mahindra,Scorpio N,2022,2.2,Diesel,Manual,28223,7,1,975000
Tata,Nexon,2025,1.2,Petrol,AMT,9425,5,1,635000
Mahindra,XUV700,2024,2.0,Petrol,Automatic,18599,7,1,1390000
Toyota,Glanza,2022,1.2,Petrol,Manual,40262,5,1,380000
Mahindra,Thar,2026,2.0,Petrol,Automatic,1688,4,1,1080000
Hyundai,Creta,2021,1.5,Diesel,Automatic,33601,5,1,640000
Hyundai,Venue,2023,0.9,Petrol,Manual,46152,5,1,530000
Kia,Sonet,2026,1.0,Petrol,iMT,2895,5,1,750000
Hyundai,Creta,2026,1.4,Diesel,Automatic,2978,5,1,1190000
Honda,City,2021,1.4,Petrol,Manual,54888,5,2,465000
Kia,Sonet,2026,1.1,Petrol,iMT,2935,5,1,765000
Tata,Harrier,2021,2.0,Diesel,Manual,54593,5,1,760000
Tata,Tiago,2026,1.2,Petrol,AMT,2019,5,1,385000
Kia,Seltos,2019,1.5,Petrol,Manual,120251,5,1,395000
Kia,Seltos,2025,1.5,Diesel,Manual,13215,5,1,920000
Mahindra,XUV300,2025,1.2,Petrol,AMT,8498,5,1,535000
Audi,A4,2020,2.0,Petrol,DCT,101799,5,2,2060000
Maruti Suzuki,Brezza,2024,1.6,Petrol,Automatic,10830,5,1,575000
Mahindra,Thar,2023,2.1,Petrol,Automatic,29957,4,1,855000
Mahindra,XUV700,2025,2.2,Diesel,Manual,7734,7,1,1555000
Hyundai,Creta,2020,1.5,Diesel,Manual,81174,5,1,550000
Mahindra,Thar,2022,2.2,Diesel,Manual,60357,4,2,550000
Toyota,Glanza,2020,1.1,Petrol,Manual,34978,5,3,345000
Mahindra,Thar,2025,2.0,Petrol,Automatic,12062,4,1,1225000
Toyota,Urban Cruiser Hyryder,2026,1.5,Petrol,Automatic,1797,5,1,1165000
BMW,5 Series,2026,2.0,Petrol,Automatic,4171,5,1,6715000
Honda,City,2020,1.5,Petrol,Manual,58734,5,1,410000
Hyundai,Verna,2017,1.5,Petrol,IVT,111516,5,1,235000
Honda,City,2023,1.5,Petrol,CVT,36066,5,1,765000
Toyota,Urban Cruiser Hyryder,2018,1.6,Petrol,Manual,41958,5,1,390000
Mahindra,XUV700,2023,2.0,Petrol,Automatic,35541,7,1,595000
Hyundai,Venue,2022,1.0,Petrol,DCT,34880,5,1,530000
BMW,5 Series,2016,2.0,Petrol,Automatic,126658,5,1,1975000
Tata,Nexon,2023,1.2,Petrol,Manual,51544,5,1,505000
Kia,Seltos,2020,1.5,Diesel,Manual,81583,5,1,425000
Volkswagen,Virtus,2022,1.0,Petrol,Automatic,23678,5,1,555000
Volkswagen,Virtus,2023,1.5,Petrol,DCT,50250,5,1,920000
Hyundai,Verna,2023,1.5,Petrol,DCT,35125,5,2,570000
Kia,Seltos,2022,1.5,Diesel,Manual,60110,5,1,550000
Tata,Nexon EV,2022,0.0,EV,Automatic,58990,5,2,480000
Toyota,Urban Cruiser Hyryder,2023,1.5,Petrol Hybrid,e-CVT,18702,5,1,1350000
Honda,Amaze,2022,1.2,Petrol,CVT,60177,5,1,410000
Toyota,Innova Crysta,2020,2.4,Diesel,Manual,40501,7,1,880000
Hyundai,Verna,2021,1.5,Petrol,Manual,112444,5,1,315000
Kia,Seltos,2023,1.5,Diesel,Manual,36631,5,1,875000
Kia,Sonet,2023,1.6,Diesel,Automatic,24891,5,1,685000
Mahindra,XUV700,2017,2.3,Diesel,Automatic,87560,7,3,420000
BMW,5 Series,2016,2.0,Petrol,Automatic,100377,5,2,2045000
Hyundai,i20,2023,1.2,Petrol,Manual,44966,5,1,380000
Kia,Carens,2020,1.6,Petrol,DCT,58945,7,2,735000
Hyundai,i20,2018,0.9,Petrol,DCT,89194,5,1,210000
Hyundai,Creta,2020,1.5,Petrol,IVT,28646,5,2,515000
Skoda,Kushaq,2025,1.5,Petrol,DCT,6682,5,1,1100000
Toyota,Urban Cruiser Hyryder,2016,1.5,Petrol Hybrid,e-CVT,66108,5,2,525000
Toyota,Glanza,2020,1.1,Petrol,AMT,102621,5,1,285000
Hyundai,Verna,2019,1.5,Petrol,DCT,88085,5,1,460000
Tata,Nexon EV,2025,0.0,EV,Automatic,4786,5,1,1080000
Kia,Seltos,2019,1.5,Diesel,Automatic,80524,5,2,390000
Toyota,Glanza,2017,1.2,Petrol,AMT,73826,5,1,225000
Hyundai,Venue,2019,1.0,Petrol,Manual,58669,5,1,280000
Kia,Carens,2025,1.5,Petrol,DCT,13825,7,1,1535000
Volkswagen,Virtus,2023,0.9,Petrol,Automatic,22106,5,1,745000
Honda,City,2016,1.4,Petrol Hybrid,e-CVT,137027,5,5,330000
Mahindra,Thar,2023,2.0,Petrol,Manual,29246,4,2,795000
Kia,Seltos,2023,1.5,Diesel,Automatic,24770,5,1,810000
Hyundai,i20,2015,1.0,Petrol,Manual,73722,5,2,185000
Kia,Sonet,2024,1.5,Diesel,Automatic,22015,5,1,640000
Hyundai,Venue,2019,1.5,Diesel,Manual,102478,5,1,280000
Honda,Amaze,2022,1.2,Petrol,CVT,44434,5,1,435000
Kia,Sonet,2024,0.9,Petrol,Manual,23852,5,1,550000
Tata,Tiago,2022,1.2,Petrol,AMT,26258,5,3,210000
Toyota,Glanza,2025,1.2,Petrol,AMT,9596,5,1,575000
Mahindra,Thar,2018,2.2,Diesel,Manual,109320,4,5,385000
Honda,Amaze,2023,1.3,Petrol,Manual,43577,5,1,470000
Maruti Suzuki,Baleno,2026,1.2,Petrol,AMT,4803,5,1,590000
Toyota,Glanza,2026,1.2,Petrol,Manual,3351,5,1,685000
Mercedes-Benz,C-Class,2026,1.4,Petrol,Automatic,2493,5,1,7585000
Tata,Tiago,2024,1.1,Petrol,AMT,16867,5,1,285000
Hyundai,i20,2020,0.9,Petrol,Manual,84209,5,2,320000
Maruti Suzuki,Brezza,2026,1.6,Petrol,Automatic,2038,5,1,650000
Maruti Suzuki,Wagon R,2023,1.2,Petrol,Manual,26143,5,1,305000
Toyota,Urban Cruiser Hyryder,2026,1.5,Petrol,Automatic,3997,5,1,970000
Hyundai,Creta,2019,1.5,Diesel,Manual,75230,5,1,365000
Volkswagen,Taigun,2021,1.6,Petrol,DCT,55898,5,2,600000
Hyundai,Creta,2025,1.5,Petrol,DCT,9755,5,1,1060000
Hyundai,Creta,2018,1.5,Petrol,IVT,69446,5,2,410000
Kia,Seltos,2018,1.4,Petrol,Manual,68808,5,1,385000
Tata,Nexon,2026,1.2,Petrol,Manual,2929,5,1,830000
Hyundai,Grand i10 Nios,2020,1.1,Petrol,AMT,25707,5,2,165000
Maruti Suzuki,Wagon R,2021,1.2,Petrol,AMT,107228,5,1,170000
Volkswagen,Virtus,2026,0.9,Petrol,Manual,3837,5,1,1160000
Toyota,Glanza,2024,1.2,Petrol,Manual,24108,5,1,600000
Volkswagen,Taigun,2018,1.0,Petrol,Manual,79024,5,1,375000
Maruti Suzuki,Wagon R,2025,1.2,Petrol,AMT,17649,5,1,355000
Hyundai,Verna,2019,1.5,Petrol,Manual,43192,5,5,335000
Honda,Amaze,2022,1.2,Petrol,CVT,38078,5,1,540000
Kia,Seltos,2022,1.4,Diesel,Automatic,37649,5,1,570000
Tata,Punch,2021,1.2,Petrol,Manual,27684,5,2,350000
Mahindra,Scorpio N,2018,2.2,Diesel,Manual,102974,7,1,480000
Maruti Suzuki,Swift,2023,1.1,Petrol,AMT,51220,5,1,230000
Kia,Sonet,2016,1.5,Diesel,Manual,108991,5,2,245000
Skoda,Kushaq,2022,0.9,Petrol,Automatic,58637,5,1,610000
Hyundai,Venue,2021,1.0,Petrol,DCT,21316,5,3,420000
Skoda,Kushaq,2022,1.4,Petrol,DCT,52072,5,1,845000
Mahindra,XUV700,2017,2.2,Diesel,Manual,59462,7,2,650000
Toyota,Innova Crysta,2026,2.4,Diesel,Manual,1797,7,1,1565000
Hyundai,Creta,2020,1.5,Petrol,IVT,31254,5,1,470000
Maruti Suzuki,Baleno,2021,1.2,Petrol,Manual,29524,5,1,245000
Hyundai,Venue,2022,1.5,Diesel,Manual,30339,5,2,445000
Maruti Suzuki,Ertiga,2023,1.5,Petrol,Manual,36280,7,1,535000
Hyundai,Creta,2025,1.5,Petrol,IVT,14637,5,1,700000
Kia,Seltos,2018,1.5,Petrol,Manual,164104,5,1,250000
Hyundai,Venue,2023,1.5,Diesel,Manual,28200,5,1,540000
Kia,Carens,2019,1.5,Petrol,Manual,59957,7,5,450000
Hyundai,Venue,2025,1.4,Diesel,Manual,10447,5,1,670000
Toyota,Urban Cruiser Hyryder,2026,1.4,Petrol,Manual,1665,5,1,1300000
Mahindra,XUV700,2016,2.2,Diesel,Manual,80836,7,1,405000
Toyota,Innova Crysta,2024,2.4,Diesel,Automatic,37074,7,1,1355000
Toyota,Innova Crysta,2022,2.4,Diesel,Manual,23319,7,2,720000
Maruti Suzuki,Alto K10,2017,1.0,Petrol,AMT,57083,5,3,110000
Kia,Carens,2022,1.4,Petrol,DCT,63126,7,1,700000
Mahindra,Scorpio N,2024,2.2,Diesel,Automatic,25085,7,1,935000
Volkswagen,Taigun,2018,1.0,Petrol,Manual,97177,5,2,350000
Mahindra,XUV700,2023,2.2,Diesel,Manual,30381,7,1,1090000
Tata,Tiago,2023,1.3,Petrol,AMT,13404,5,2,240000
Toyota,Fortuner,2021,2.7,Diesel,Automatic,41518,7,1,2095000
Hyundai,Creta,2024,1.5,Petrol,DCT,26375,5,1,915000
Maruti Suzuki,Baleno,2022,1.2,Petrol,Manual,34751,5,1,290000
Hyundai,Verna,2016,1.5,Petrol,Manual,165352,5,5,230000
Hyundai,Verna,2015,1.5,Petrol,IVT,57817,5,1,195000
Toyota,Glanza,2020,1.3,Petrol,Manual,35964,5,2,280000
Toyota,Urban Cruiser Hyryder,2022,1.4,Petrol Hybrid,e-CVT,59357,5,1,945000
Toyota,Glanza,2022,1.2,Petrol,Manual,46832,5,2,355000
Toyota,Urban Cruiser Hyryder,2023,1.5,Petrol,Manual,56808,5,1,690000
Hyundai,Creta,2025,1.5,Petrol,DCT,8567,5,1,1120000
Maruti Suzuki,Ertiga,2019,1.5,Petrol,Automatic,69724,7,3,275000
Mahindra,XUV700,2021,2.1,Petrol,Manual,64381,7,2,545000
Mercedes-Benz,GLA,2026,1.3,Petrol,DCT,4885,5,1,5720000
Mahindra,Thar,2022,2.0,Petrol,Manual,28035,4,3,690000
Hyundai,Creta,2026,1.4,Diesel,Automatic,1865,5,1,1295000
Mahindra,Thar,2022,2.0,Petrol,Manual,18689,4,1,725000
Hyundai,Venue,2025,1.0,Petrol,Manual,6611,5,1,490000
Volkswagen,Taigun,2023,1.4,Petrol,DCT,36995,5,1,920000
Kia,Seltos,2023,1.5,Diesel,Manual,101765,5,1,670000
Toyota,Fortuner,2025,2.8,Diesel,Automatic,14364,7,1,2415000
BMW,5 Series,2018,2.0,Petrol,Automatic,56328,5,1,2960000
Toyota,Fortuner,2026,2.9,Diesel,Automatic,1500,7,1,2905000
Volkswagen,Virtus,2024,1.0,Petrol,Automatic,15463,5,1,750000
Maruti Suzuki,Ertiga,2022,1.5,Petrol,Manual,42455,7,2,375000
Maruti Suzuki,Brezza,2019,1.5,Petrol,Automatic,86956,5,1,205000
Hyundai,i20,2022,1.2,Petrol,IVT,38784,5,2,285000
Skoda,Kushaq,2021,1.5,Petrol,DCT,62658,5,1,760000
Maruti Suzuki,Baleno,2019,1.2,Petrol,AMT,56650,5,2,210000
Tata,Tiago,2024,1.3,Petrol,Manual,24633,5,1,310000
Maruti Suzuki,Wagon R,2020,1.2,Petrol,AMT,54054,5,1,205000
Toyota,Innova Crysta,2025,2.4,Diesel,Manual,13370,7,1,1350000
Hyundai,Verna,2024,1.5,Petrol,DCT,41859,5,1,645000
Hyundai,Verna,2022,1.5,Petrol,IVT,68522,5,2,395000
Toyota,Innova Crysta,2020,2.4,Diesel,Manual,63295,7,3,800000
Hyundai,Verna,2023,1.6,Petrol,DCT,37111,5,1,655000
Hyundai,Creta,2023,1.5,Petrol,DCT,30216,5,1,975000
Toyota,Urban Cruiser Hyryder,2021,1.5,Petrol,Manual,124967,5,3,510000
Hyundai,Creta,2019,1.5,Petrol,DCT,72521,5,3,525000
Kia,Seltos,2022,1.5,Diesel,Manual,31686,5,1,805000
Volkswagen,Taigun,2015,1.0,Petrol,Manual,186917,5,4,200000
Mahindra,XUV700,2022,2.3,Diesel,Automatic,36173,7,2,920000
Maruti Suzuki,Baleno,2025,1.2,Petrol,AMT,12794,5,1,460000
Tata,Tiago,2023,1.2,Petrol,Manual,61617,5,3,160000
Hyundai,i20,2026,1.2,Petrol,Manual,1500,5,1,395000
Hyundai,Creta,2026,1.5,Diesel,Automatic,2940,5,1,1180000
Kia,Seltos,2026,1.5,Diesel,Manual,1699,5,1,1165000
Toyota,Glanza,2023,1.2,Petrol,AMT,30556,5,1,470000
Hyundai,Creta,2023,1.5,Petrol,Automatic,21866,5,1,930000
Maruti Suzuki,Baleno,2025,1.2,Petrol,AMT,11829,5,1,345000
Mahindra,XUV700,2019,2.2,Diesel,Automatic,52114,7,1,525000
Maruti Suzuki,Brezza,2024,1.5,Petrol,Automatic,34933,5,1,465000
Hyundai,Venue,2022,1.0,Petrol,Manual,27968,5,1,435000
Toyota,Glanza,2024,1.2,Petrol,Manual,26446,5,1,415000
Hyundai,Grand i10 Nios,2026,1.2,Petrol,AMT,4895,5,1,450000
Volkswagen,Virtus,2022,1.5,Petrol,DCT,37860,5,3,905000
Maruti Suzuki,Brezza,2025,1.5,Petrol,Automatic,7883,5,1,575000
Toyota,Innova Crysta,2020,2.4,Diesel,Manual,86750,7,1,865000
Toyota,Glanza,2022,1.2,Petrol,AMT,47922,5,1,460000
Maruti Suzuki,Wagon R,2026,1.2,Petrol,Manual,2989,5,1,345000
Volvo,XC60,2015,1.9,Petrol Hybrid,Automatic,99278,5,2,1960000
Mahindra,Thar,2019,2.0,Petrol,Automatic,46324,4,2,565000
Toyota,Fortuner,2022,2.8,Diesel,Manual,31640,7,1,1825000
Honda,City,2023,1.5,Petrol Hybrid,e-CVT,23014,5,1,905000
Mahindra,XUV700,2018,2.2,Diesel,Manual,88802,7,4,575000
Tata,Nexon,2026,1.2,Petrol,Manual,2743,5,1,555000
Tata,Safari,2026,2.0,Diesel,Automatic,3403,7,1,2030000
Tata,Altroz,2024,1.3,Petrol,DCT,24500,5,1,460000
Tata,Nexon,2022,1.5,Diesel,AMT,36873,5,1,590000
Hyundai,i20,2020,1.2,Petrol,IVT,66235,5,1,220000
Honda,City,2024,1.5,Petrol,CVT,15844,5,1,600000
Hyundai,i20,2026,1.2,Petrol,IVT,1873,5,1,480000
Hyundai,Venue,2019,1.0,Petrol,DCT,72715,5,4,160000
Maruti Suzuki,Baleno,2023,1.2,Petrol,Manual,36563,5,1,255000
Toyota,Innova Crysta,2023,2.4,Diesel,Automatic,40249,7,1,1390000
Toyota,Urban Cruiser Hyryder,2020,1.6,Petrol,Automatic,52777,5,1,605000
BMW,X1,2023,1.5,Petrol,Automatic,20525,5,1,3385000
Maruti Suzuki,Alto K10,2020,1.0,Petrol,Manual,94801,5,1,95000
Skoda,Slavia,2026,1.0,Petrol,Manual,2488,5,1,1125000
Hyundai,Grand i10 Nios,2023,1.3,Petrol,Manual,33512,5,1,265000
Toyota,Fortuner,2021,2.8,Diesel,Manual,84995,7,1,1610000
Toyota,Fortuner,2023,2.9,Diesel,Automatic,33364,7,1,2115000
Tata,Nexon,2022,1.2,Petrol,DCT,18945,5,1,550000
Hyundai,i20,2026,1.0,Petrol,DCT,1854,5,1,755000
Honda,City,2023,1.5,Petrol,Manual,28661,5,2,705000
Hyundai,Verna,2021,1.5,Petrol,Manual,47875,5,1,435000
Hyundai,Creta,2021,1.5,Diesel,Manual,103425,5,1,515000
Kia,Seltos,2023,1.5,Diesel,Automatic,34330,5,1,870000
Toyota,Innova Crysta,2022,2.4,Diesel,Automatic,55652,7,1,965000
Audi,Q3,2018,1.9,Petrol,DCT,55430,5,1,1915000
Maruti Suzuki,Ertiga,2026,1.5,Petrol,Automatic,2646,7,1,760000
Mahindra,Thar,2016,2.0,Petrol,Manual,69489,4,5,270000
Lexus,ES,2021,2.5,Petrol Hybrid,e-CVT,67935,5,1,3605000
Honda,City,2018,1.4,Petrol,CVT,100879,5,2,275000
Maruti Suzuki,Alto K10,2026,1.1,Petrol,AMT,2102,5,1,215000
Tata,Altroz,2026,1.2,Petrol,Manual,2847,5,1,560000
Volkswagen,Taigun,2023,1.0,Petrol,Automatic,35647,5,2,855000
Mahindra,XUV300,2026,1.2,Petrol,Manual,2972,5,1,850000
Mahindra,Scorpio N,2023,2.2,Diesel,Manual,36608,7,2,920000
Maruti Suzuki,Baleno,2016,1.1,Petrol,AMT,159477,5,2,95000
Maruti Suzuki,Baleno,2018,1.2,Petrol,Manual,50544,5,1,190000
Maruti Suzuki,Ertiga,2017,1.6,Petrol,Automatic,197440,7,3,175000
Kia,Seltos,2018,1.5,Petrol,Manual,195346,5,1,310000
Honda,Amaze,2023,1.2,Petrol,CVT,49232,5,1,385000
Maruti Suzuki,Ertiga,2026,1.5,Petrol,Manual,1500,7,1,615000
Mahindra,XUV700,2016,2.2,Diesel,Automatic,64966,7,3,365000
Kia,Seltos,2025,1.5,Petrol,IVT,10277,5,1,1150000
Tata,Altroz,2022,1.2,Petrol,DCT,40328,5,1,450000
Mahindra,Thar,2016,2.2,Diesel,Automatic,58703,4,3,320000
Hyundai,Creta,2022,1.5,Petrol,DCT,43054,5,1,580000
Mahindra,XUV700,2022,2.2,Diesel,Automatic,30511,7,1,1000000
Mahindra,XUV700,2022,2.2,Diesel,Automatic,44807,7,1,1025000
Tata,Harrier,2023,2.0,Diesel,Manual,31945,5,2,865000
Mahindra,XUV700,2026,2.2,Diesel,Automatic,1825,7,1,1495000
Kia,Sonet,2020,1.0,Petrol,Manual,40491,5,2,415000
Toyota,Innova Crysta,2015,2.4,Diesel,Manual,163091,7,2,420000
Tata,Nexon EV,2023,0.0,EV,Automatic,37660,5,1,725000
Tata,Tiago,2022,1.2,Petrol,Manual,59018,5,1,210000
Kia,Carens,2023,1.6,Petrol,DCT,109178,7,1,725000
Mahindra,Thar,2015,2.1,Petrol,Manual,164388,4,3,200000
Tata,Nexon EV,2025,0.0,EV,Automatic,17029,5,1,1095000
Volkswagen,Taigun,2018,1.0,Petrol,Automatic,68492,5,2,435000
Mahindra,Scorpio N,2023,2.2,Diesel,Manual,24072,7,1,945000
Mahindra,Thar,2021,2.3,Diesel,Manual,56183,4,3,625000
Maruti Suzuki,Swift,2019,1.2,Petrol,Manual,68559,5,2,170000
Tata,Altroz,2026,1.2,Petrol,DCT,1907,5,1,480000
Kia,Carens,2024,1.6,Petrol,Manual,43826,7,1,1030000
Toyota,Innova Crysta,2021,2.4,Diesel,Manual,43956,7,1,910000
Maruti Suzuki,Baleno,2026,1.2,Petrol,Manual,6268,5,1,420000
Toyota,Urban Cruiser Hyryder,2020,1.4,Petrol,Manual,70735,5,1,660000
Hyundai,Verna,2026,1.5,Petrol,Manual,1882,5,1,1195000
Mahindra,Thar,2026,2.0,Petrol,Automatic,2299,4,1,1290000
Tata,Nexon EV,2023,0.0,EV,Automatic,50577,5,1,725000
Volvo,XC60,2025,2.0,Petrol Hybrid,Automatic,7732,5,1,6155000
Toyota,Fortuner,2022,2.8,Diesel,Manual,49317,7,1,2215000
Kia,Seltos,2021,1.5,Petrol,IVT,51503,5,2,600000
Honda,City,2020,1.5,Petrol,CVT,81334,5,3,380000
Skoda,Kushaq,2022,1.0,Petrol,Automatic,31217,5,2,765000
Mahindra,XUV700,2025,2.3,Diesel,Automatic,10108,7,1,1365000
Honda,City,2026,1.5,Petrol Hybrid,e-CVT,3202,5,1,1825000
Toyota,Urban Cruiser Hyryder,2022,1.5,Petrol Hybrid,e-CVT,94406,5,2,655000
BMW,X1,2026,1.5,Petrol,Automatic,3766,5,1,4180000
Tata,Nexon,2025,1.2,Petrol,Manual,6351,5,1,715000
Kia,Seltos,2025,1.5,Petrol,Manual,13050,5,1,720000
Maruti Suzuki,Swift,2022,1.2,Petrol,AMT,61229,5,1,250000
Mahindra,XUV700,2018,2.1,Petrol,Manual,115467,7,4,440000
Maruti Suzuki,Alto K10,2018,1.0,Petrol,Manual,87806,5,5,85000
Maruti Suzuki,Ertiga,2026,1.5,Petrol,Automatic,2408,7,1,725000
Hyundai,Grand i10 Nios,2024,1.1,Petrol,Manual,13005,5,1,305000
Tata,Harrier,2023,2.0,Diesel,Automatic,40341,5,2,880000
Maruti Suzuki,Alto K10,2026,1.0,Petrol,AMT,2233,5,1,270000
Tata,Nexon,2015,1.2,Petrol,DCT,124009,5,2,165000
Hyundai,Verna,2025,1.4,Petrol,Manual,13902,5,1,815000
Volkswagen,Virtus,2022,1.6,Petrol,DCT,77580,5,1,610000
Maruti Suzuki,Baleno,2023,1.2,Petrol,AMT,21807,5,3,335000
Hyundai,Grand i10 Nios,2025,1.2,Petrol,AMT,14898,5,1,360000
Mahindra,XUV300,2023,1.2,Petrol,AMT,16254,5,1,585000
Hyundai,Creta,2024,1.5,Petrol,Automatic,18736,5,1,1150000
Kia,Seltos,2025,1.5,Diesel,Manual,7199,5,1,1010000
Skoda,Kushaq,2022,1.4,Petrol,DCT,77032,5,2,805000
Tata,Nexon,2015,1.2,Petrol,DCT,122866,5,2,140000
Hyundai,Venue,2021,0.9,Petrol,DCT,32878,5,1,340000
BMW,5 Series,2017,2.0,Petrol,Automatic,138372,5,2,2065000
Maruti Suzuki,Baleno,2017,1.2,Petrol,AMT,70130,5,4,165000
Mahindra,Thar,2025,2.2,Diesel,Automatic,10178,4,1,1260000
Maruti Suzuki,Brezza,2020,1.5,Petrol,Manual,49244,5,2,240000
Mahindra,Scorpio N,2018,2.2,Diesel,Manual,79899,7,1,490000
Hyundai,Venue,2026,1.0,Petrol,DCT,2643,5,1,605000
Maruti Suzuki,Brezza,2025,1.5,Petrol,Automatic,13151,5,1,595000
Mercedes-Benz,GLA,2026,1.3,Petrol,DCT,2565,5,1,5955000
Mahindra,Thar,2021,2.2,Diesel,Automatic,41020,4,2,575000
Hyundai,Venue,2022,1.6,Diesel,Automatic,63118,5,1,415000
Hyundai,Venue,2023,1.5,Diesel,Automatic,45868,5,1,535000
Tata,Nexon EV,2019,0.0,EV,Automatic,44834,5,3,530000
Toyota,Glanza,2023,1.2,Petrol,Manual,40731,5,1,515000
Maruti Suzuki,Wagon R,2025,1.2,Petrol,Manual,9220,5,1,265000
Hyundai,i20,2017,1.2,Petrol,IVT,92896,5,2,130000
Hyundai,Venue,2022,1.5,Diesel,Manual,33935,5,1,570000
Honda,City,2021,1.5,Petrol Hybrid,e-CVT,85318,5,1,740000
Hyundai,i20,2025,1.0,Petrol,DCT,13636,5,1,665000
Hyundai,Creta,2023,1.5,Diesel,Manual,33889,5,2,570000
Hyundai,Verna,2019,1.5,Petrol,Manual,29427,5,2,480000
Tata,Altroz,2026,1.2,Petrol,Manual,1500,5,1,560000
Tata,Nexon EV,2019,0.0,EV,Automatic,67347,5,1,595000
Honda,Amaze,2016,1.2,Petrol,CVT,37069,5,2,210000
Toyota,Innova Crysta,2021,2.4,Diesel,Automatic,76796,7,2,740000
Honda,City,2018,1.6,Petrol,Manual,43238,5,2,295000
Volkswagen,Taigun,2026,1.0,Petrol,Manual,1819,5,1,1300000
Tata,Nexon EV,2018,0.0,EV,Automatic,109654,5,3,330000
Tata,Harrier,2022,2.1,Diesel,Manual,27522,5,1,1065000
Mahindra,XUV700,2021,2.2,Diesel,Automatic,55156,7,2,965000
Maruti Suzuki,Wagon R,2022,1.2,Petrol,AMT,58449,5,2,205000
Toyota,Fortuner,2026,2.8,Diesel,Manual,3034,7,1,3990000
Maruti Suzuki,Ertiga,2022,1.5,Petrol,Automatic,83901,7,2,390000
Tata,Nexon,2024,1.2,Petrol,AMT,22028,5,1,575000
Mahindra,Thar,2023,2.2,Diesel,Manual,81801,4,1,645000
Kia,Carens,2016,1.5,Petrol,Manual,108375,7,5,295000
Maruti Suzuki,Wagon R,2021,1.1,Petrol,AMT,23353,5,1,255000
Mahindra,XUV700,2025,2.2,Diesel,Manual,10521,7,1,1700000
Hyundai,Verna,2024,1.5,Petrol,Manual,17795,5,1,970000
Hyundai,Creta,2023,1.5,Diesel,Manual,28716,5,1,665000
Kia,Sonet,2024,1.0,Petrol,Manual,12528,5,1,645000
Mahindra,Thar,2020,2.2,Diesel,Automatic,57647,4,3,535000
Maruti Suzuki,Baleno,2025,1.2,Petrol,AMT,16026,5,1,410000
Maruti Suzuki,Baleno,2022,1.2,Petrol,Manual,59977,5,1,260000
Mahindra,Thar,2015,2.2,Diesel,Manual,135639,4,3,230000
Volkswagen,Taigun,2023,1.0,Petrol,Automatic,20324,5,2,795000
Hyundai,Verna,2019,1.5,Petrol,Manual,59903,5,1,470000
Maruti Suzuki,Alto K10,2015,1.0,Petrol,Manual,45114,5,3,65000
BYD,Atto 3,2018,0.0,EV,Automatic,92224,5,2,1295000
Hyundai,Grand i10 Nios,2020,1.2,Petrol,AMT,79271,5,2,170000
Mahindra,XUV300,2019,1.2,Petrol,Manual,64529,5,4,220000
Maruti Suzuki,Wagon R,2018,1.2,Petrol,Manual,83308,5,2,140000
Tata,Harrier,2023,2.0,Diesel,Manual,29637,5,1,950000
Mahindra,XUV700,2019,1.9,Petrol,Automatic,61667,7,2,605000
Hyundai,i20,2020,1.1,Petrol,IVT,48030,5,4,220000
Honda,Amaze,2023,1.2,Petrol,Manual,65824,5,1,330000
Maruti Suzuki,Baleno,2022,1.2,Petrol,Manual,29305,5,2,285000
Tata,Safari,2025,1.9,Diesel,Manual,13038,7,1,1480000
Maruti Suzuki,Alto K10,2023,1.0,Petrol,Manual,15724,5,1,230000
Toyota,Urban Cruiser Hyryder,2023,1.5,Petrol Hybrid,e-CVT,59545,5,1,1005000
Tata,Nexon,2019,1.2,Petrol,AMT,59656,5,2,340000
Mahindra,Thar,2020,2.1,Petrol,Automatic,85788,4,1,370000
Hyundai,Creta,2021,1.6,Petrol,IVT,47794,5,2,530000
Maruti Suzuki,Baleno,2026,1.2,Petrol,Manual,2688,5,1,600000
Mahindra,Thar,2018,2.1,Petrol,Automatic,89089,4,1,355000
Tata,Harrier,2023,2.0,Diesel,Manual,56250,5,2,1155000
Hyundai,Creta,2022,1.5,Petrol,IVT,54957,5,1,485000
Hyundai,Grand i10 Nios,2019,1.3,Petrol,AMT,71879,5,3,160000
Tata,Nexon,2019,1.5,Diesel,AMT,69093,5,1,365000
Skoda,Slavia,2021,1.0,Petrol,Manual,82999,5,2,435000
Hyundai,Creta,2020,1.5,Diesel,Manual,95700,5,1,490000
Tata,Nexon,2023,1.4,Diesel,Manual,29830,5,1,640000
Mahindra,Thar,2021,2.2,Diesel,Automatic,39657,4,3,790000
Mahindra,Thar,2018,2.2,Diesel,Automatic,88855,4,3,340000
Volvo,XC40,2023,2.0,Petrol,Automatic,23177,5,1,2960000
Hyundai,Venue,2022,1.5,Diesel,Automatic,48844,5,1,505000
Kia,Sonet,2020,1.5,Diesel,Manual,77152,5,2,285000
Hyundai,Creta,2020,1.5,Petrol,IVT,95260,5,2,510000
Volvo,XC60,2026,2.0,Petrol Hybrid,Automatic,2848,5,1,8360000
Hyundai,Venue,2020,1.4,Diesel,Manual,52865,5,2,285000
Tata,Safari,2022,2.0,Diesel,Manual,23470,7,1,1125000
Kia,Seltos,2025,1.5,Petrol,IVT,14759,5,1,910000
Kia,Sonet,2018,1.4,Diesel,Manual,71353,5,4,280000
Hyundai,Creta,2020,1.5,Petrol,DCT,53334,5,2,560000
Kia,Carens,2020,1.5,Petrol,Manual,33437,7,2,625000
Mercedes-Benz,C-Class,2023,1.5,Petrol,Automatic,29195,5,2,4195000
Volvo,XC40,2023,2.0,Petrol,Automatic,50435,5,1,3580000
Hyundai,Creta,2021,1.5,Petrol,Automatic,34661,5,1,625000
Mahindra,Thar,2026,2.0,Petrol,Manual,2056,4,1,940000
Hyundai,Verna,2023,1.6,Petrol,Manual,28408,5,1,865000
Kia,Sonet,2023,1.1,Petrol,DCT,29261,5,1,585000
Honda,City,2026,1.5,Petrol Hybrid,e-CVT,1761,5,1,1610000
Tata,Harrier,2024,2.0,Diesel,Automatic,17851,5,1,1060000
Honda,Amaze,2022,1.2,Petrol,CVT,65482,5,2,360000
Tata,Safari,2022,2.0,Diesel,Automatic,41986,7,2,1225000
Volkswagen,Virtus,2026,1.1,Petrol,Automatic,1500,5,1,1170000
Maruti Suzuki,Swift,2020,1.1,Petrol,Manual,65622,5,1,190000
Maruti Suzuki,Swift,2021,1.2,Petrol,Manual,37355,5,1,185000
Tata,Safari,2019,2.1,Diesel,Automatic,89692,7,3,615000
Hyundai,Verna,2024,1.5,Petrol,DCT,13571,5,1,795000
Maruti Suzuki,Swift,2022,1.3,Petrol,Manual,72362,5,1,170000
Kia,Carens,2026,1.5,Petrol,DCT,2100,7,1,1205000
Hyundai,Verna,2019,1.5,Petrol,Manual,53552,5,2,475000
Mahindra,XUV700,2026,2.0,Petrol,Automatic,3453,7,1,1460000
Hyundai,Venue,2026,1.0,Petrol,Manual,3806,5,1,535000
Honda,City,2026,1.6,Petrol,CVT,1630,5,1,915000
Volkswagen,Virtus,2025,1.4,Petrol,DCT,17657,5,1,1225000
Tata,Nexon,2020,1.1,Petrol,AMT,76831,5,1,335000
Tata,Punch,2019,1.1,Petrol,Manual,146177,5,1,205000
Tata,Nexon,2026,1.5,Diesel,AMT,1500,5,1,645000
Hyundai,Creta,2022,1.5,Petrol,IVT,46244,5,2,500000
Maruti Suzuki,Alto K10,2019,1.1,Petrol,AMT,53775,5,3,105000
Tata,Altroz,2025,1.2,Petrol,Manual,6581,5,1,390000
Hyundai,Grand i10 Nios,2018,1.2,Petrol,Manual,73149,5,1,155000
Mercedes-Benz,C-Class,2020,1.6,Petrol,Automatic,53279,5,1,2625000
Mahindra,Thar,2020,2.0,Petrol,Manual,55733,4,2,580000
Hyundai,Creta,2026,1.5,Diesel,Manual,2286,5,1,1045000
Hyundai,Verna,2020,1.5,Petrol,Manual,34575,5,1,390000
Kia,Seltos,2024,1.4,Diesel,Manual,26154,5,1,835000
Toyota,Fortuner,2025,2.8,Diesel,Manual,11133,7,1,3115000
Toyota,Innova Crysta,2020,2.4,Diesel,Automatic,79558,7,2,795000
Tata,Harrier,2021,2.0,Diesel,Manual,56535,5,2,610000
Maruti Suzuki,Brezza,2026,1.5,Petrol,Manual,1904,5,1,625000
Hyundai,Grand i10 Nios,2026,1.2,Petrol,AMT,8758,5,1,410000
Tata,Nexon,2022,1.5,Diesel,AMT,33613,5,1,640000
BMW,5 Series,2022,2.0,Petrol,Automatic,60348,5,3,4245000
Maruti Suzuki,Wagon R,2023,1.2,Petrol,AMT,34086,5,1,265000
Honda,Amaze,2025,1.2,Petrol,CVT,12430,5,1,490000
Kia,Carens,2017,1.4,Petrol,Manual,110533,7,2,290000
Mahindra,Thar,2023,2.3,Diesel,Manual,29662,4,1,795000
Mahindra,XUV700,2026,2.0,Petrol,Manual,2570,7,1,1130000
Maruti Suzuki,Wagon R,2025,1.2,Petrol,Manual,6664,5,1,380000
Hyundai,i20,2026,1.0,Petrol,DCT,3846,5,1,730000
Toyota,Glanza,2023,1.2,Petrol,AMT,57254,5,1,330000
Tata,Nexon,2026,1.2,Petrol,Manual,2741,5,1,760000
Maruti Suzuki,Ertiga,2016,1.4,Petrol,Manual,78072,7,4,175000
Mahindra,Thar,2024,2.0,Petrol,Manual,32422,4,1,725000
Maruti Suzuki,Baleno,2026,1.2,Petrol,AMT,1997,5,1,555000
Maruti Suzuki,Alto K10,2026,1.0,Petrol,AMT,4052,5,1,315000
Tata,Altroz,2022,1.3,Petrol,DCT,42776,5,1,315000
Tata,Tiago,2023,1.2,Petrol,Manual,56425,5,1,270000
Maruti Suzuki,Ertiga,2016,1.5,Petrol,Manual,220000,7,4,125000
Mercedes-Benz,A-Class Limousine,2026,1.3,Petrol,DCT,2896,5,1,4960000
Mahindra,Thar,2026,2.0,Petrol,Manual,2774,4,1,995000
Hyundai,Venue,2023,1.0,Petrol,DCT,12817,5,2,545000
Skoda,Kushaq,2019,1.5,Petrol,DCT,72642,5,3,655000
Volkswagen,Taigun,2024,1.0,Petrol,Automatic,26010,5,1,965000
Tata,Tiago,2021,1.2,Petrol,AMT,28887,5,1,255000
Kia,Sonet,2019,1.5,Diesel,Manual,108681,5,1,350000
Mahindra,Thar,2025,2.0,Petrol,Manual,9260,4,1,910000
Hyundai,Venue,2024,1.5,Diesel,Manual,30382,5,1,685000
Tata,Nexon EV,2016,0.0,EV,Automatic,92674,5,4,315000
Hyundai,Venue,2025,1.0,Petrol,DCT,13427,5,1,585000
Honda,Amaze,2022,1.1,Petrol,CVT,31834,5,1,385000
Lexus,ES,2024,2.5,Petrol Hybrid,e-CVT,27657,5,1,6235000
Tata,Nexon,2017,1.5,Diesel,Manual,95237,5,1,245000
Volvo,XC60,2025,2.0,Petrol Hybrid,Automatic,14670,5,1,6255000
Maruti Suzuki,Wagon R,2026,1.2,Petrol,Manual,2443,5,1,440000
Hyundai,Venue,2020,1.0,Petrol,DCT,88553,5,1,330000
Toyota,Innova Crysta,2026,2.4,Diesel,Automatic,3104,7,1,1395000
Maruti Suzuki,Ertiga,2023,1.5,Petrol,Manual,20779,7,1,525000
Maruti Suzuki,Baleno,2017,1.2,Petrol,Manual,81302,5,2,150000
Hyundai,Creta,2021,1.5,Petrol,DCT,33634,5,1,750000
Hyundai,Creta,2026,1.5,Petrol,DCT,2522,5,1,1565000
Kia,Carens,2025,1.6,Petrol,DCT,5258,7,1,985000
Tata,Nexon EV,2023,0.0,EV,Automatic,28705,5,1,910000
Hyundai,i20,2024,1.3,Petrol,IVT,23702,5,1,440000
Honda,City,2021,1.6,Petrol,Manual,84954,5,4,470000
Hyundai,Verna,2024,1.5,Petrol,DCT,23631,5,1,760000
Hyundai,Verna,2024,1.5,Petrol,DCT,11177,5,1,770000
Toyota,Glanza,2026,1.2,Petrol,Manual,1500,5,1,820000
Hyundai,i20,2025,0.9,Petrol,Manual,12695,5,1,590000
Honda,City,2019,1.5,Petrol Hybrid,e-CVT,196696,5,1,450000
Mahindra,Thar,2020,2.2,Diesel,Manual,138449,4,1,520000
Maruti Suzuki,Alto K10,2026,1.0,Petrol,Manual,2913,5,1,290000
Mahindra,XUV300,2018,1.2,Petrol,AMT,118541,5,3,200000
Honda,Amaze,2022,1.2,Petrol,CVT,45306,5,1,380000
Kia,Seltos,2024,1.5,Petrol,IVT,18536,5,1,905000
Maruti Suzuki,Swift,2021,1.1,Petrol,AMT,59494,5,1,205000
Toyota,Urban Cruiser Hyryder,2018,1.5,Petrol,Manual,33767,5,3,485000
Maruti Suzuki,Brezza,2015,1.5,Petrol,Manual,79735,5,2,165000
Mahindra,XUV300,2024,1.2,Petrol,AMT,19006,5,1,535000
Mahindra,Thar,2021,2.0,Petrol,Automatic,25993,4,2,735000
Tata,Nexon EV,2020,0.0,EV,Automatic,61670,5,1,500000
Honda,Amaze,2024,1.2,Petrol,CVT,13053,5,1,660000
Mahindra,Thar,2023,2.2,Diesel,Automatic,33415,4,1,900000
Toyota,Urban Cruiser Hyryder,2024,1.6,Petrol,Automatic,17911,5,1,915000
Mahindra,XUV300,2026,1.2,Petrol,AMT,2784,5,1,710000
Toyota,Glanza,2026,1.3,Petrol,Manual,2909,5,1,745000
Kia,Carens,2023,1.4,Petrol,DCT,95920,7,1,705000
Volkswagen,Taigun,2026,1.0,Petrol,Manual,4240,5,1,1155000
Kia,Seltos,2019,1.5,Petrol,Manual,67062,5,2,460000
Hyundai,Venue,2023,1.0,Petrol,Manual,29248,5,2,525000
Toyota,Glanza,2019,1.2,Petrol,Manual,53534,5,1,350000
Maruti Suzuki,Baleno,2022,1.2,Petrol,Manual,40319,5,2,200000
Toyota,Urban Cruiser Hyryder,2025,1.5,Petrol Hybrid,e-CVT,3090,5,1,1715000
Kia,Sonet,2025,1.1,Petrol,Manual,15970,5,1,780000
Mahindra,Thar,2015,2.0,Petrol,Automatic,120138,4,2,265000
Tata,Altroz,2026,1.2,Petrol,DCT,1892,5,1,475000
Hyundai,Venue,2026,1.0,Petrol,Manual,4709,5,1,735000
Hyundai,Creta,2026,1.5,Diesel,Manual,3350,5,1,1165000
Mahindra,Scorpio N,2023,2.2,Diesel,Manual,35990,7,1,775000
Mahindra,Thar,2018,2.2,Diesel,Automatic,46758,4,3,435000
Tata,Nexon,2020,1.2,Petrol,Manual,85995,5,2,335000
Honda,Amaze,2025,1.2,Petrol,CVT,26092,5,1,550000
Mahindra,XUV300,2024,1.3,Petrol,AMT,16299,5,1,790000
Honda,City,2016,1.5,Petrol Hybrid,e-CVT,140630,5,2,310000
Tata,Tiago,2018,1.2,Petrol,Manual,96680,5,4,115000
Maruti Suzuki,Brezza,2020,1.5,Petrol,Automatic,116946,5,1,205000
Kia,Seltos,2026,1.5,Diesel,Automatic,1558,5,1,1070000
Kia,Sonet,2022,1.0,Petrol,DCT,41368,5,1,385000
Hyundai,Creta,2026,1.5,Petrol,Automatic,2640,5,1,1470000
Lexus,ES,2026,2.5,Petrol Hybrid,e-CVT,3536,5,1,7585000
Tata,Nexon,2022,1.5,Diesel,AMT,35873,5,2,535000
Tata,Altroz,2019,1.2,Petrol,Manual,88059,5,2,190000
Volkswagen,Taigun,2015,1.0,Petrol,Manual,135415,5,3,255000
Mahindra,Scorpio N,2021,2.2,Diesel,Manual,36532,7,2,655000
Honda,City,2024,1.5,Petrol Hybrid,e-CVT,26121,5,1,1300000
Hyundai,i20,2026,1.1,Petrol,Manual,2956,5,1,500000
Kia,Carens,2026,1.5,Petrol,DCT,4980,7,1,1425000
Toyota,Innova Crysta,2025,2.3,Diesel,Automatic,15010,7,1,1380000
Mahindra,XUV700,2016,2.0,Petrol,Manual,46857,7,4,330000
Tata,Altroz,2025,1.2,Petrol,Manual,5720,5,1,400000
Maruti Suzuki,Baleno,2021,1.2,Petrol,AMT,43186,5,3,165000
Tata,Altroz,2022,1.2,Petrol,DCT,42907,5,1,345000
Hyundai,Creta,2020,1.5,Petrol,DCT,60159,5,2,610000
Mahindra,XUV700,2024,2.1,Diesel,Automatic,18785,7,1,880000
Volkswagen,Virtus,2016,1.5,Petrol,DCT,123605,5,5,215000
Mahindra,XUV700,2019,2.0,Petrol,Manual,85997,7,3,395000
Tata,Nexon,2022,1.5,Diesel,Manual,46133,5,1,685000
Kia,Sonet,2020,1.6,Diesel,Manual,47441,5,1,355000
Kia,Sonet,2022,1.0,Petrol,iMT,19618,5,2,460000
Kia,Sonet,2021,1.5,Diesel,Manual,37222,5,1,525000
Mahindra,XUV700,2026,2.3,Diesel,Manual,2187,7,1,1500000
Volkswagen,Virtus,2023,1.0,Petrol,Automatic,22319,5,1,900000
Mahindra,XUV700,2016,1.9,Petrol,Manual,114032,7,2,375000
Tata,Punch,2024,1.3,Petrol,Manual,32180,5,1,440000
Kia,Seltos,2018,1.5,Diesel,Manual,150336,5,1,285000
Hyundai,Verna,2026,1.5,Petrol,DCT,1500,5,1,1215000
Tata,Tiago,2026,1.3,Petrol,AMT,3778,5,1,395000
Tata,Harrier,2023,2.0,Diesel,Manual,27188,5,2,745000
Toyota,Urban Cruiser Hyryder,2022,1.5,Petrol,Automatic,83246,5,2,525000
Hyundai,Venue,2025,1.0,Petrol,DCT,7409,5,1,415000
Hyundai,i20,2023,1.3,Petrol,Manual,46220,5,1,360000
Maruti Suzuki,Swift,2022,1.2,Petrol,Manual,20699,5,1,235000
Mahindra,Thar,2022,2.0,Petrol,Automatic,32486,4,1,770000
Mahindra,XUV700,2021,2.0,Petrol,Automatic,80983,7,2,790000
Tata,Nexon,2026,1.4,Diesel,Manual,3147,5,1,815000
Maruti Suzuki,Alto K10,2023,1.0,Petrol,AMT,54148,5,1,175000
Honda,City,2021,1.4,Petrol,CVT,54282,5,1,560000
Maruti Suzuki,Ertiga,2024,1.5,Petrol,Automatic,12821,7,1,600000
Skoda,Kushaq,2026,1.0,Petrol,Manual,1500,5,1,1240000
Tata,Altroz,2024,1.2,Petrol,DCT,14129,5,1,515000
Mahindra,Thar,2026,1.9,Petrol,Manual,2030,4,1,1290000
Tata,Nexon,2023,1.5,Diesel,Manual,22572,5,1,555000
Mahindra,Thar,2023,2.1,Petrol,Manual,26735,4,1,935000
Skoda,Kushaq,2019,1.0,Petrol,Manual,103575,5,1,440000
Hyundai,Creta,2020,1.6,Petrol,Manual,51411,5,1,380000
Tata,Harrier,2020,2.0,Diesel,Manual,91941,5,1,510000
Hyundai,Creta,2024,1.5,Petrol,Manual,14877,5,1,840000
Honda,Amaze,2024,1.2,Petrol,Manual,21308,5,1,420000
Mercedes-Benz,GLA,2026,1.3,Petrol,DCT,2592,5,1,6995000
Maruti Suzuki,Alto K10,2017,1.0,Petrol,AMT,106335,5,3,90000
Mahindra,Thar,2018,2.0,Petrol,Automatic,58080,4,3,455000
Tata,Altroz,2022,1.2,Petrol,Manual,30589,5,1,375000
Tata,Punch,2024,1.2,Petrol,AMT,14424,5,1,450000
Kia,Seltos,2018,1.6,Diesel,Manual,53796,5,3,375000
Hyundai,i20,2015,1.1,Petrol,DCT,74508,5,4,155000
Kia,Seltos,2024,1.4,Diesel,Automatic,23986,5,1,900000
Hyundai,i20,2023,1.2,Petrol,IVT,32439,5,2,375000
Tata,Tiago,2017,1.3,Petrol,AMT,65828,5,1,145000
Mahindra,Thar,2025,2.2,Diesel,Manual,18610,4,1,880000
Kia,Sonet,2024,1.5,Diesel,Manual,23310,5,1,785000
Tata,Nexon EV,2025,0.0,EV,Automatic,7605,5,1,1260000
Tata,Nexon,2026,1.5,Diesel,Manual,1873,5,1,850000
Kia,Carens,2026,1.5,Petrol,DCT,2777,7,1,1085000
Toyota,Innova Crysta,2025,2.5,Diesel,Automatic,3578,7,1,1870000
Mahindra,Thar,2026,2.0,Petrol,Manual,1500,4,1,1040000
Tata,Nexon EV,2015,0.0,EV,Automatic,220000,5,3,165000
Maruti Suzuki,Wagon R,2018,1.2,Petrol,Manual,94094,5,5,110000
Mahindra,Thar,2021,2.0,Petrol,Automatic,68913,4,2,495000
Tata,Nexon,2025,1.4,Diesel,AMT,6523,5,1,870000
Toyota,Glanza,2019,1.1,Petrol,Manual,73984,5,2,235000
Skoda,Kushaq,2022,1.0,Petrol,Manual,20285,5,2,540000
Mahindra,XUV700,2023,2.0,Petrol,Manual,33037,7,3,835000
Skoda,Slavia,2025,1.1,Petrol,Manual,9872,5,1,775000
Hyundai,Venue,2021,1.0,Petrol,Manual,93455,5,3,305000
BMW,3 Series,2022,2.1,Petrol,Automatic,53520,5,1,4010000
Kia,Seltos,2025,1.5,Petrol,Manual,3127,5,1,945000
Honda,Amaze,2019,1.1,Petrol,CVT,89353,5,2,285000
Mahindra,Thar,2020,2.0,Petrol,Automatic,51262,4,1,485000
Hyundai,Creta,2017,1.5,Petrol,Automatic,105490,5,2,330000
Tata,Punch,2020,1.2,Petrol,Manual,78723,5,3,230000
Kia,Carens,2024,1.4,Petrol,Manual,31185,7,1,810000
Kia,Sonet,2019,1.5,Diesel,Manual,50767,5,1,405000
Honda,City,2019,1.6,Petrol Hybrid,e-CVT,41325,5,2,610000
Toyota,Fortuner,2020,2.8,Diesel,Manual,146117,7,1,1365000
Kia,Sonet,2022,1.0,Petrol,DCT,49921,5,2,425000
Kia,Seltos,2019,1.5,Petrol,IVT,76066,5,3,310000
Honda,City,2024,1.5,Petrol Hybrid,e-CVT,23710,5,1,1010000
Kia,Sonet,2019,1.4,Diesel,Automatic,87638,5,2,335000
Hyundai,Venue,2020,1.0,Petrol,Manual,34968,5,1,375000
Mahindra,Thar,2025,2.2,Diesel,Manual,9506,4,1,1015000
Toyota,Urban Cruiser Hyryder,2025,1.5,Petrol,Manual,14982,5,1,1005000
Honda,City,2022,1.5,Petrol Hybrid,e-CVT,26434,5,2,870000
Hyundai,Venue,2021,1.5,Diesel,Manual,59830,5,1,395000
Mahindra,XUV300,2016,1.2,Petrol,Manual,100598,5,3,200000
Kia,Seltos,2026,1.5,Diesel,Manual,4434,5,1,1390000
Maruti Suzuki,Wagon R,2024,1.2,Petrol,AMT,16590,5,1,330000
Mahindra,Thar,2018,2.2,Diesel,Automatic,129050,4,4,330000
Kia,Carens,2017,1.5,Petrol,Manual,92722,7,3,450000
Hyundai,Grand i10 Nios,2018,1.2,Petrol,AMT,64254,5,3,170000
Tata,Harrier,2025,2.0,Diesel,Manual,6148,5,1,1485000
Maruti Suzuki,Ertiga,2017,1.5,Petrol,Manual,83142,7,3,240000
Kia,Seltos,2020,1.5,Diesel,Automatic,76052,5,3,510000
Hyundai,Grand i10 Nios,2025,1.2,Petrol,Manual,13111,5,1,355000
Volkswagen,Taigun,2024,1.5,Petrol,DCT,18702,5,1,1270000
Mahindra,Scorpio N,2025,2.2,Diesel,Manual,10328,7,1,1180000
Honda,Amaze,2025,1.3,Petrol,Manual,25976,5,1,585000
Tata,Harrier,2021,2.1,Diesel,Manual,32083,5,1,685000
Tata,Nexon EV,2020,0.0,EV,Automatic,63302,5,1,495000
Maruti Suzuki,Ertiga,2019,1.5,Petrol,Manual,53361,7,1,285000
Mahindra,XUV700,2025,2.1,Diesel,Automatic,7612,7,1,1710000
Kia,Carens,2024,1.5,Petrol,DCT,33528,7,1,1000000
Toyota,Innova Crysta,2022,2.4,Diesel,Manual,65246,7,3,820000
Hyundai,i20,2015,1.0,Petrol,Manual,139472,5,3,160000
Maruti Suzuki,Baleno,2024,1.2,Petrol,Manual,33347,5,1,360000
Mahindra,Thar,2025,2.0,Petrol,Manual,12189,4,1,1200000
Tata,Punch,2022,1.2,Petrol,AMT,16049,5,1,365000
Hyundai,Creta,2021,1.5,Diesel,Automatic,126942,5,1,475000
Tata,Nexon,2026,1.5,Diesel,AMT,2174,5,1,875000
Skoda,Kushaq,2015,1.0,Petrol,Automatic,108319,5,1,245000
Toyota,Urban Cruiser Hyryder,2026,1.6,Petrol Hybrid,e-CVT,3050,5,1,1840000
Volkswagen,Taigun,2026,1.0,Petrol,Manual,3123,5,1,1280000
Hyundai,Creta,2017,1.5,Diesel,Automatic,66131,5,5,300000
Hyundai,i20,2019,1.0,Petrol,DCT,82069,5,1,245000
Honda,City,2022,1.5,Petrol,Manual,49005,5,1,660000
Hyundai,Creta,2022,1.5,Petrol,IVT,73173,5,1,590000
Hyundai,i20,2023,1.2,Petrol,IVT,24400,5,1,360000
Mahindra,XUV300,2025,1.2,Petrol,AMT,6868,5,1,590000
Maruti Suzuki,Brezza,2026,1.5,Petrol,Automatic,6202,5,1,660000
Skoda,Kushaq,2017,1.5,Petrol,DCT,113683,5,1,335000
Maruti Suzuki,Alto K10,2023,1.0,Petrol,AMT,28827,5,2,160000
Mahindra,XUV700,2022,2.0,Petrol,Automatic,66690,7,1,815000
Mahindra,XUV700,2020,2.2,Diesel,Manual,68425,7,3,630000
Hyundai,i20,2015,1.1,Petrol,IVT,66711,5,3,105000
Maruti Suzuki,Wagon R,2022,1.3,Petrol,AMT,34864,5,1,215000
Tata,Harrier,2024,2.0,Diesel,Automatic,12823,5,1,1230000
Hyundai,Grand i10 Nios,2024,1.2,Petrol,AMT,18907,5,1,275000
Honda,City,2021,1.6,Petrol,CVT,59519,5,2,540000
Toyota,Glanza,2026,1.2,Petrol,AMT,2507,5,1,695000
Maruti Suzuki,Ertiga,2019,1.5,Petrol,Manual,57127,7,3,275000
Kia,Carens,2025,1.5,Petrol,DCT,8374,7,1,905000
Toyota,Urban Cruiser Hyryder,2026,1.5,Petrol,Automatic,3099,5,1,1085000
Tata,Tiago,2016,1.1,Petrol,AMT,118713,5,3,90000
Tata,Punch,2025,1.2,Petrol,Manual,16003,5,1,465000
Kia,Carens,2023,1.5,Petrol,DCT,21035,7,1,1015000
Volkswagen,Taigun,2026,1.5,Petrol,DCT,2888,5,1,1845000
Hyundai,Venue,2024,1.5,Diesel,Automatic,16550,5,1,545000
Hyundai,Verna,2023,1.5,Petrol,IVT,22046,5,1,665000
Hyundai,Verna,2021,1.6,Petrol,DCT,64339,5,1,575000
Toyota,Urban Cruiser Hyryder,2021,1.5,Petrol Hybrid,e-CVT,62349,5,1,935000
Toyota,Glanza,2017,1.2,Petrol,AMT,115053,5,2,200000
Hyundai,Verna,2019,1.5,Petrol,Manual,220000,5,2,295000
BMW,X1,2026,1.5,Petrol,Automatic,3373,5,1,4815000
Mahindra,Thar,2023,2.1,Diesel,Manual,58552,4,1,635000
Hyundai,Creta,2021,1.5,Petrol,IVT,63568,5,2,365000
Hyundai,Creta,2023,1.4,Diesel,Manual,17366,5,1,530000
Hyundai,Verna,2022,1.5,Petrol,Manual,30393,5,1,565000
Tata,Nexon EV,2023,0.0,EV,Automatic,45982,5,1,935000
Toyota,Urban Cruiser Hyryder,2024,1.5,Petrol Hybrid,e-CVT,33489,5,1,1030000
Kia,Sonet,2025,1.5,Diesel,Manual,24592,5,1,750000
Maruti Suzuki,Swift,2017,1.2,Petrol,Manual,147049,5,2,70000
Honda,City,2025,1.5,Petrol,CVT,16243,5,1,820000
Tata,Safari,2023,2.0,Diesel,Automatic,31622,7,1,1040000
Toyota,Innova Crysta,2017,2.3,Diesel,Automatic,64089,7,2,465000
Hyundai,i20,2023,1.2,Petrol,IVT,44634,5,2,305000
Maruti Suzuki,Wagon R,2022,1.2,Petrol,Manual,53551,5,3,225000
Hyundai,i20,2018,1.0,Petrol,DCT,133671,5,3,180000
Hyundai,Creta,2024,1.5,Diesel,Automatic,14890,5,1,645000
Mahindra,XUV700,2016,2.0,Petrol,Automatic,83131,7,3,405000
Mahindra,Thar,2024,2.0,Petrol,Manual,24203,4,1,985000
Hyundai,Creta,2019,1.5,Diesel,Automatic,81293,5,2,380000
Maruti Suzuki,Brezza,2018,1.5,Petrol,Automatic,94296,5,2,180000
Volkswagen,Virtus,2025,0.9,Petrol,Automatic,11092,5,1,795000
Kia,Carens,2019,1.6,Petrol,Manual,49357,7,2,375000
Hyundai,Grand i10 Nios,2021,1.3,Petrol,AMT,91385,5,3,185000
Mahindra,Scorpio N,2025,2.2,Diesel,Manual,22528,7,1,1030000
Tata,Altroz,2023,1.2,Petrol,DCT,27567,5,2,290000
Toyota,Urban Cruiser Hyryder,2026,1.5,Petrol,Manual,3149,5,1,1060000
Mahindra,Thar,2023,2.2,Diesel,Automatic,31987,4,1,880000
Toyota,Innova Crysta,2024,2.4,Diesel,Manual,15327,7,1,1440000
Maruti Suzuki,Alto K10,2026,1.0,Petrol,Manual,2034,5,1,230000
Mahindra,Scorpio N,2020,2.2,Diesel,Automatic,89130,7,1,605000
Maruti Suzuki,Wagon R,2022,1.2,Petrol,AMT,51330,5,1,155000
Maruti Suzuki,Swift,2026,1.2,Petrol,Manual,2015,5,1,400000
Toyota,Fortuner,2024,2.8,Diesel,Automatic,16049,7,1,2520000
Maruti Suzuki,Wagon R,2016,1.2,Petrol,Manual,64934,5,5,85000
Toyota,Innova Crysta,2024,2.4,Diesel,Automatic,31400,7,1,1460000
Toyota,Innova Crysta,2021,2.4,Diesel,Manual,38458,7,3,925000
Hyundai,Venue,2024,1.0,Petrol,Manual,24363,5,1,500000
Hyundai,Venue,2024,1.0,Petrol,DCT,39854,5,1,455000
Tata,Safari,2024,2.0,Diesel,Automatic,30367,7,1,1555000
Toyota,Urban Cruiser Hyryder,2026,1.5,Petrol,Automatic,2193,5,1,1160000
Hyundai,Creta,2026,1.5,Petrol,IVT,1842,5,1,1195000
Mercedes-Benz,A-Class Limousine,2017,1.2,Petrol,DCT,49664,5,2,1400000
Honda,City,2023,1.5,Petrol Hybrid,e-CVT,32285,5,1,945000
Tata,Harrier,2026,2.0,Diesel,Automatic,2793,5,1,1495000
Kia,Seltos,2015,1.6,Petrol,Manual,142972,5,2,255000
Hyundai,i20,2022,1.0,Petrol,Manual,63027,5,2,350000
Hyundai,Creta,2023,1.5,Petrol,Automatic,22130,5,1,815000
Mahindra,XUV300,2024,1.2,Petrol,AMT,18435,5,1,695000
Hyundai,Creta,2024,1.6,Petrol,IVT,32105,5,1,790000
Hyundai,i20,2022,1.1,Petrol,Manual,37854,5,2,395000
Hyundai,Grand i10 Nios,2022,1.2,Petrol,Manual,25159,5,1,225000
Hyundai,Grand i10 Nios,2025,1.2,Petrol,AMT,8543,5,1,395000
Hyundai,Verna,2026,1.5,Petrol,DCT,2517,5,1,1210000
Hyundai,Creta,2021,1.5,Petrol,Automatic,50796,5,1,545000
Mahindra,Thar,2025,2.2,Diesel,Automatic,17672,4,1,1165000
Honda,City,2026,1.5,Petrol,CVT,1638,5,1,985000
Hyundai,i20,2026,1.2,Petrol,Manual,3851,5,1,400000
Maruti Suzuki,Swift,2019,1.2,Petrol,Manual,57650,5,2,175000
Toyota,Urban Cruiser Hyryder,2019,1.6,Petrol,Automatic,49093,5,1,480000
Hyundai,Grand i10 Nios,2022,1.2,Petrol,Manual,39407,5,1,195000
Hyundai,Creta,2024,1.5,Petrol,Automatic,31533,5,1,1005000
Honda,City,2025,1.5,Petrol Hybrid,e-CVT,5292,5,1,1370000
Hyundai,Creta,2022,1.5,Diesel,Automatic,45705,5,1,745000
Kia,Sonet,2017,1.6,Diesel,Manual,83111,5,3,265000
Tata,Tiago,2026,1.3,Petrol,Manual,3301,5,1,315000
Hyundai,Creta,2016,1.6,Petrol,Automatic,220000,5,3,215000
Tata,Safari,2023,1.9,Diesel,Automatic,29461,7,3,1175000
Hyundai,Creta,2021,1.5,Petrol,Manual,49788,5,1,520000
Honda,Amaze,2024,1.2,Petrol,CVT,24956,5,1,420000
Kia,Seltos,2023,1.5,Diesel,Manual,39511,5,1,730000
Toyota,Urban Cruiser Hyryder,2022,1.5,Petrol Hybrid,e-CVT,36713,5,1,1105000
Hyundai,Venue,2024,1.5,Diesel,Automatic,13105,5,1,435000
Hyundai,Creta,2021,1.5,Petrol,Manual,39943,5,2,520000
Skoda,Kushaq,2021,1.0,Petrol,Automatic,62340,5,2,535000
Tata,Punch,2016,1.2,Petrol,AMT,220000,5,1,155000
Mahindra,Thar,2022,2.1,Petrol,Manual,49430,4,2,520000
Mahindra,Scorpio N,2026,2.2,Diesel,Automatic,2921,7,1,1595000
Hyundai,Creta,2016,1.5,Petrol,IVT,56093,5,1,320000
Hyundai,Venue,2022,1.0,Petrol,DCT,36973,5,1,485000
Tata,Harrier,2022,2.0,Diesel,Automatic,72662,5,1,805000
Kia,Sonet,2021,1.6,Diesel,Manual,36103,5,2,440000
Hyundai,i20,2025,1.2,Petrol,Manual,9952,5,1,375000
Mahindra,XUV300,2022,1.2,Petrol,Manual,92050,5,2,400000
Hyundai,i20,2024,0.9,Petrol,DCT,21804,5,1,605000
Hyundai,Verna,2023,1.6,Petrol,Manual,53541,5,1,775000
Kia,Seltos,2019,1.5,Diesel,Automatic,66189,5,4,465000
Honda,Amaze,2018,1.2,Petrol,Manual,137539,5,2,205000
Kia,Sonet,2017,1.0,Petrol,iMT,52924,5,5,230000
Tata,Punch,2016,1.2,Petrol,AMT,89003,5,2,165000
Honda,City,2018,1.6,Petrol Hybrid,e-CVT,119474,5,3,400000
Kia,Carens,2020,1.5,Petrol,Manual,57014,7,1,650000
Hyundai,i20,2024,1.1,Petrol,Manual,10343,5,1,360000
Tata,Nexon,2026,1.2,Petrol,Manual,4748,5,1,765000
Tata,Nexon,2021,1.3,Petrol,DCT,61885,5,1,395000
Honda,Amaze,2026,1.1,Petrol,Manual,3255,5,1,720000
Maruti Suzuki,Ertiga,2024,1.5,Petrol,Automatic,24113,7,1,520000
Tata,Nexon EV,2021,0.0,EV,Automatic,101105,5,2,615000
Hyundai,i20,2021,1.2,Petrol,IVT,32177,5,1,215000
Mahindra,XUV700,2020,2.1,Petrol,Automatic,72655,7,2,675000
Mahindra,XUV700,2022,2.2,Diesel,Automatic,70565,7,1,870000
Tata,Punch,2022,1.2,Petrol,AMT,49878,5,1,360000
Toyota,Urban Cruiser Hyryder,2016,1.5,Petrol,Automatic,122104,5,2,295000
Hyundai,Verna,2026,1.5,Petrol,DCT,4444,5,1,1250000
Tata,Nexon EV,2024,0.0,EV,Automatic,33385,5,1,1065000
Tata,Nexon EV,2016,0.0,EV,Automatic,82553,5,5,280000
Maruti Suzuki,Baleno,2024,1.2,Petrol,Manual,25091,5,1,325000
Kia,Sonet,2019,1.5,Diesel,Automatic,110488,5,4,205000
Volkswagen,Virtus,2026,1.0,Petrol,Automatic,2207,5,1,1025000
Skoda,Slavia,2021,0.9,Petrol,Manual,63841,5,1,495000
Tata,Nexon,2017,1.6,Diesel,Manual,91256,5,2,265000
Toyota,Innova Crysta,2025,2.4,Diesel,Manual,14600,7,1,1665000
Maruti Suzuki,Ertiga,2018,1.5,Petrol,Manual,38472,7,1,240000
Honda,City,2025,1.5,Petrol,Manual,18792,5,1,855000
Maruti Suzuki,Baleno,2023,1.2,Petrol,AMT,22005,5,1,370000
Maruti Suzuki,Ertiga,2024,1.5,Petrol,Manual,57181,7,1,550000
Tata,Tiago,2025,1.2,Petrol,AMT,5560,5,1,370000
Mahindra,Thar,2018,2.0,Petrol,Automatic,95035,4,3,310000
Mahindra,XUV300,2018,1.2,Petrol,Manual,35868,5,4,335000
Hyundai,Creta,2018,1.5,Petrol,Manual,55271,5,2,350000
Kia,Seltos,2019,1.5,Petrol,Manual,133732,5,5,250000
Skoda,Slavia,2018,1.1,Petrol,Automatic,92155,5,2,365000
Hyundai,i20,2025,1.2,Petrol,IVT,17494,5,1,460000
Toyota,Urban Cruiser Hyryder,2023,1.5,Petrol Hybrid,e-CVT,29755,5,1,1270000
Tata,Harrier,2021,2.0,Diesel,Manual,48415,5,2,875000
Kia,Seltos,2023,1.5,Diesel,Automatic,46157,5,1,805000
Hyundai,Verna,2018,1.5,Petrol,DCT,51637,5,2,495000
Mercedes-Benz,C-Class,2022,1.5,Petrol,Automatic,44507,5,2,4360000
BMW,3 Series,2024,2.0,Petrol,Automatic,17250,5,1,4915000
Hyundai,i20,2021,1.1,Petrol,Manual,68633,5,2,340000
Hyundai,Creta,2018,1.6,Diesel,Manual,104470,5,5,360000
Tata,Harrier,2021,2.0,Diesel,Automatic,20671,5,1,845000
Hyundai,Verna,2025,1.5,Petrol,Manual,7677,5,1,920000
Toyota,Urban Cruiser Hyryder,2024,1.5,Petrol,Manual,13069,5,1,1055000
Maruti Suzuki,Baleno,2016,1.2,Petrol,Manual,61720,5,3,165000
Volkswagen,Virtus,2021,1.0,Petrol,Manual,36113,5,1,540000
Tata,Nexon,2023,1.6,Diesel,Manual,24593,5,1,720000
Kia,Seltos,2023,1.5,Diesel,Manual,31262,5,1,860000
Toyota,Glanza,2024,1.3,Petrol,AMT,19002,5,1,515000
Honda,Amaze,2024,1.2,Petrol,CVT,20137,5,1,505000
Hyundai,Verna,2023,1.4,Petrol,IVT,55634,5,1,640000
Kia,Sonet,2023,1.4,Diesel,Automatic,41098,5,2,530000
Mahindra,XUV300,2017,1.2,Petrol,Manual,99528,5,1,220000
Mahindra,Thar,2025,2.2,Diesel,Automatic,9022,4,1,1085000
Maruti Suzuki,Wagon R,2025,1.2,Petrol,AMT,20126,5,1,410000
Maruti Suzuki,Ertiga,2025,1.6,Petrol,Manual,7801,7,1,680000
Toyota,Fortuner,2020,2.7,Diesel,Manual,57561,7,3,1450000
Maruti Suzuki,Swift,2016,1.2,Petrol,AMT,104759,5,3,65000
Kia,Sonet,2022,1.5,Diesel,Manual,40509,5,1,645000
Hyundai,Grand i10 Nios,2021,1.3,Petrol,AMT,43811,5,2,240000
Honda,Amaze,2022,1.3,Petrol,CVT,37774,5,2,380000
Honda,City,2020,1.5,Petrol Hybrid,e-CVT,69417,5,1,700000
Hyundai,Creta,2021,1.5,Petrol,DCT,96801,5,1,605000
Skoda,Kushaq,2015,1.0,Petrol,Automatic,74919,5,3,270000
Volkswagen,Taigun,2018,1.5,Petrol,DCT,76145,5,3,565000
Hyundai,Verna,2025,1.6,Petrol,DCT,18004,5,1,950000
Kia,Sonet,2018,1.5,Diesel,Automatic,82516,5,2,265000
Tata,Altroz,2026,1.3,Petrol,Manual,4914,5,1,630000
Toyota,Innova Crysta,2016,2.4,Diesel,Automatic,156318,7,2,350000
Maruti Suzuki,Brezza,2026,1.5,Petrol,Manual,3346,5,1,700000
Tata,Punch,2017,1.2,Petrol,Manual,95731,5,1,135000
Kia,Sonet,2023,1.0,Petrol,Manual,37677,5,1,570000
Honda,City,2026,1.5,Petrol,Manual,4379,5,1,835000
Hyundai,Creta,2025,1.6,Diesel,Manual,6035,5,1,870000
Hyundai,i20,2017,1.2,Petrol,Manual,100004,5,1,140000
Mahindra,Scorpio N,2026,2.2,Diesel,Automatic,1964,7,1,1760000
Mahindra,Scorpio N,2016,2.1,Diesel,Automatic,123248,7,2,450000
Hyundai,Venue,2024,1.5,Diesel,Manual,10296,5,1,360000
Kia,Sonet,2018,1.5,Diesel,Manual,135483,5,1,285000
Tata,Nexon,2026,1.2,Petrol,Manual,5490,5,1,845000
Mercedes-Benz,A-Class Limousine,2021,1.3,Petrol,DCT,43239,5,2,2300000
Toyota,Fortuner,2025,2.8,Diesel,Manual,15504,7,1,2960000
Tata,Nexon EV,2021,0.0,EV,Automatic,48263,5,2,515000
Hyundai,Grand i10 Nios,2024,1.2,Petrol,Manual,34524,5,1,320000
Maruti Suzuki,Alto K10,2016,1.0,Petrol,AMT,144442,5,1,65000
Honda,City,2025,1.5,Petrol,Manual,13198,5,1,970000
Tata,Nexon,2017,1.5,Diesel,Manual,63752,5,4,230000
Toyota,Glanza,2025,1.1,Petrol,AMT,12290,5,1,590000
Volkswagen,Taigun,2025,1.5,Petrol,DCT,16669,5,1,1155000
Mahindra,XUV700,2023,2.2,Diesel,Manual,39577,7,1,1075000
Mahindra,XUV700,2026,2.0,Petrol,Manual,3787,7,1,1055000
Tata,Punch,2021,1.1,Petrol,AMT,36071,5,3,295000
Maruti Suzuki,Ertiga,2018,1.5,Petrol,Manual,61814,7,5,245000
Hyundai,Verna,2025,1.5,Petrol,Manual,13795,5,1,1030000
Maruti Suzuki,Baleno,2025,1.2,Petrol,Manual,23310,5,1,345000
Skoda,Kushaq,2022,1.5,Petrol,DCT,41386,5,1,760000
Tata,Nexon EV,2023,0.0,EV,Automatic,91375,5,1,695000
Kia,Seltos,2022,1.5,Petrol,Manual,88961,5,1,500000
Toyota,Urban Cruiser Hyryder,2022,1.5,Petrol Hybrid,e-CVT,31859,5,1,995000
Skoda,Slavia,2017,1.0,Petrol,Automatic,100843,5,1,370000
Hyundai,i20,2018,1.1,Petrol,IVT,88147,5,3,170000
Tata,Nexon,2026,1.1,Petrol,DCT,1688,5,1,785000
Skoda,Kushaq,2026,1.5,Petrol,DCT,2504,5,1,1360000
Volkswagen,Taigun,2024,1.0,Petrol,Manual,24648,5,1,830000
Toyota,Glanza,2023,1.2,Petrol,Manual,21392,5,1,335000
Honda,City,2026,1.5,Petrol,Manual,2427,5,1,1210000
Maruti Suzuki,Ertiga,2019,1.5,Petrol,Manual,55912,7,1,270000
Mahindra,XUV700,2026,2.2,Diesel,Automatic,1506,7,1,1155000
Toyota,Urban Cruiser Hyryder,2023,1.5,Petrol,Manual,40113,5,1,835000
Tata,Nexon,2026,1.5,Diesel,Manual,2009,5,1,855000
Tata,Tiago,2025,1.2,Petrol,Manual,9555,5,1,245000
Maruti Suzuki,Alto K10,2023,1.0,Petrol,Manual,39578,5,1,190000
Mahindra,Thar,2021,1.9,Petrol,Manual,56963,4,4,530000
Mahindra,XUV700,2026,2.0,Petrol,Manual,2198,7,1,1735000
Honda,City,2020,1.4,Petrol Hybrid,e-CVT,68245,5,2,615000
Toyota,Innova Crysta,2022,2.4,Diesel,Automatic,51114,7,1,1040000
Maruti Suzuki,Ertiga,2018,1.5,Petrol,Manual,66834,7,2,205000
Maruti Suzuki,Swift,2026,1.2,Petrol,Manual,2140,5,1,345000
Hyundai,Grand i10 Nios,2021,1.2,Petrol,AMT,71916,5,2,140000
Toyota,Urban Cruiser Hyryder,2025,1.4,Petrol Hybrid,e-CVT,2730,5,1,1270000
Mahindra,Thar,2023,2.2,Diesel,Automatic,52391,4,3,895000
Mahindra,Thar,2024,2.2,Diesel,Manual,17915,4,1,1095000
Toyota,Urban Cruiser Hyryder,2015,1.5,Petrol,Automatic,68865,5,3,285000
Hyundai,i20,2016,1.2,Petrol,IVT,155657,5,2,135000
Tata,Tiago,2022,1.3,Petrol,AMT,20008,5,1,275000
Hyundai,Creta,2019,1.5,Petrol,Manual,52933,5,3,280000
Tata,Tiago,2022,1.1,Petrol,Manual,32298,5,2,265000
Mahindra,Scorpio N,2025,2.2,Diesel,Automatic,16934,7,1,1280000
Hyundai,Verna,2026,1.6,Petrol,Manual,2474,5,1,860000
Kia,Sonet,2020,1.5,Diesel,Manual,62465,5,1,390000
Volkswagen,Virtus,2018,1.0,Petrol,Manual,67366,5,3,400000
Tata,Safari,2023,2.0,Diesel,Manual,10804,7,1,1230000
Maruti Suzuki,Baleno,2023,1.1,Petrol,Manual,30130,5,1,330000
Toyota,Urban Cruiser Hyryder,2021,1.4,Petrol Hybrid,e-CVT,94310,5,1,690000
Kia,Sonet,2024,1.5,Diesel,Automatic,24644,5,1,705000
Kia,Carens,2025,1.5,Petrol,DCT,9656,7,1,1355000
Tata,Nexon,2025,1.2,Petrol,DCT,7856,5,1,700000
Toyota,Urban Cruiser Hyryder,2022,1.5,Petrol Hybrid,e-CVT,61963,5,2,970000
Kia,Seltos,2020,1.5,Petrol,Manual,40689,5,1,505000
Hyundai,Grand i10 Nios,2023,1.2,Petrol,Manual,24932,5,1,300000
Maruti Suzuki,Alto K10,2025,1.0,Petrol,AMT,9099,5,1,245000
Mercedes-Benz,A-Class Limousine,2026,1.3,Petrol,DCT,1826,5,1,5840000
Honda,Amaze,2024,1.2,Petrol,Manual,27602,5,1,615000
Volvo,XC40,2020,2.0,Petrol,Automatic,60299,5,1,2185000
Hyundai,Grand i10 Nios,2020,1.2,Petrol,Manual,31844,5,1,255000
Hyundai,Creta,2025,1.5,Petrol,Automatic,18742,5,1,895000
Mahindra,XUV700,2024,2.2,Diesel,Automatic,28799,7,1,1130000
Maruti Suzuki,Wagon R,2025,1.2,Petrol,Manual,4726,5,1,385000
Audi,Q3,2016,2.0,Petrol,DCT,96211,5,3,1325000
Maruti Suzuki,Baleno,2016,1.2,Petrol,Manual,95970,5,5,110000
Honda,Amaze,2023,1.2,Petrol,Manual,26191,5,1,480000
Maruti Suzuki,Swift,2019,1.2,Petrol,Manual,26989,5,2,195000
Skoda,Kushaq,2020,1.6,Petrol,DCT,81218,5,2,640000
Hyundai,Venue,2021,1.5,Diesel,Automatic,58484,5,2,390000
Toyota,Innova Crysta,2022,2.4,Diesel,Automatic,39102,7,2,1085000
Toyota,Urban Cruiser Hyryder,2023,1.4,Petrol,Automatic,19046,5,1,865000
Maruti Suzuki,Alto K10,2020,1.0,Petrol,AMT,69597,5,1,150000
Kia,Carens,2022,1.5,Petrol,Manual,42572,7,3,940000
Tata,Safari,2021,2.0,Diesel,Automatic,40663,7,2,810000
Tata,Tiago,2026,1.2,Petrol,AMT,1523,5,1,440000
Maruti Suzuki,Ertiga,2016,1.5,Petrol,Manual,103420,7,2,195000
Mahindra,Thar,2015,2.0,Petrol,Automatic,113817,4,5,200000
Tata,Tiago,2023,1.2,Petrol,AMT,18569,5,1,285000
Hyundai,Grand i10 Nios,2025,1.3,Petrol,AMT,7806,5,1,350000
Hyundai,Venue,2023,1.0,Petrol,Manual,35769,5,1,315000
Hyundai,Creta,2018,1.4,Petrol,DCT,124038,5,2,315000
Maruti Suzuki,Alto K10,2018,1.0,Petrol,Manual,62338,5,2,120000
Hyundai,Creta,2025,1.4,Petrol,Manual,5995,5,1,845000
Hyundai,Creta,2025,1.4,Petrol,IVT,8444,5,1,690000
Mercedes-Benz,A-Class Limousine,2026,1.3,Petrol,DCT,1500,5,1,4645000
Tata,Punch,2024,1.2,Petrol,AMT,21654,5,1,575000
Kia,Seltos,2023,1.4,Diesel,Manual,57798,5,2,665000
BYD,Atto 3,2025,0.0,EV,Automatic,8911,5,1,3580000
Volkswagen,Taigun,2023,1.5,Petrol,DCT,96705,5,1,925000
BYD,Atto 3,2018,0.0,EV,Automatic,28826,5,3,1480000
Mahindra,Thar,2022,2.2,Diesel,Automatic,55196,4,1,760000
Toyota,Urban Cruiser Hyryder,2026,1.5,Petrol,Automatic,3370,5,1,860000
Toyota,Glanza,2020,1.3,Petrol,Manual,34619,5,3,300000
Tata,Nexon,2021,1.3,Petrol,AMT,67580,5,2,395000
Toyota,Urban Cruiser Hyryder,2018,1.5,Petrol,Automatic,52739,5,2,415000
Hyundai,Grand i10 Nios,2023,1.2,Petrol,Manual,19931,5,1,180000
Maruti Suzuki,Alto K10,2025,1.0,Petrol,AMT,8184,5,1,235000
Toyota,Innova Crysta,2017,2.4,Diesel,Manual,151147,7,4,480000
Kia,Seltos,2025,1.6,Petrol,IVT,12325,5,1,725000
Tata,Nexon EV,2024,0.0,EV,Automatic,35305,5,1,1085000
Honda,City,2025,1.5,Petrol Hybrid,e-CVT,10448,5,1,1470000
Hyundai,Verna,2022,1.5,Petrol,IVT,51591,5,1,540000
Skoda,Slavia,2024,1.0,Petrol,Automatic,21613,5,1,975000
Tata,Nexon EV,2021,0.0,EV,Automatic,39012,5,1,715000
Hyundai,Creta,2021,1.5,Petrol,IVT,63228,5,4,405000
Tata,Harrier,2020,2.0,Diesel,Manual,96239,5,4,550000
Maruti Suzuki,Alto K10,2023,1.0,Petrol,Manual,43171,5,1,195000
Kia,Sonet,2020,1.0,Petrol,DCT,50676,5,1,350000
Volkswagen,Virtus,2022,1.0,Petrol,Automatic,35823,5,1,615000
Hyundai,Verna,2025,1.5,Petrol,IVT,6853,5,1,795000
Tata,Punch,2020,1.2,Petrol,Manual,42346,5,1,320000
Toyota,Innova Crysta,2026,2.4,Diesel,Automatic,3928,7,1,1700000
Toyota,Innova Crysta,2022,2.4,Diesel,Automatic,48495,7,2,1200000
Honda,Amaze,2018,1.2,Petrol,CVT,65966,5,1,235000
Hyundai,Venue,2023,1.0,Petrol,DCT,43514,5,1,300000
Maruti Suzuki,Swift,2015,1.2,Petrol,Manual,88479,5,2,105000
Maruti Suzuki,Alto K10,2020,1.0,Petrol,AMT,33293,5,2,145000
Kia,Sonet,2020,1.5,Diesel,Manual,49949,5,2,470000
Hyundai,Venue,2026,1.1,Petrol,DCT,1529,5,1,710000
Kia,Seltos,2026,1.5,Petrol,Manual,2718,5,1,1070000
Kia,Carens,2025,1.5,Petrol,Manual,10600,7,1,1250000
Mahindra,Scorpio N,2023,2.2,Diesel,Automatic,33802,7,1,925000
Hyundai,i20,2022,1.2,Petrol,IVT,23299,5,1,365000
Honda,City,2018,1.5,Petrol,CVT,147286,5,4,235000
Mahindra,XUV700,2022,2.0,Petrol,Automatic,18566,7,1,1090000
Hyundai,Verna,2024,1.5,Petrol,Manual,13720,5,1,760000
Volkswagen,Taigun,2021,1.0,Petrol,Automatic,24112,5,1,480000
Hyundai,Creta,2017,1.5,Petrol,Manual,76681,5,1,225000
Hyundai,Grand i10 Nios,2026,1.2,Petrol,Manual,1786,5,1,460000
Toyota,Urban Cruiser Hyryder,2018,1.5,Petrol Hybrid,e-CVT,99268,5,4,605000
Kia,Seltos,2019,1.4,Diesel,Automatic,44773,5,3,425000
Hyundai,Venue,2024,1.5,Diesel,Automatic,26970,5,1,710000
Hyundai,Venue,2017,1.0,Petrol,DCT,94482,5,5,205000
Kia,Seltos,2025,1.5,Petrol,IVT,13253,5,1,1025000
Tata,Nexon,2026,1.5,Diesel,AMT,4627,5,1,935000
Hyundai,Venue,2022,1.6,Diesel,Automatic,57113,5,1,540000
Hyundai,Venue,2015,1.5,Diesel,Manual,97263,5,5,155000
Tata,Harrier,2015,2.0,Diesel,Automatic,72446,5,1,350000
Toyota,Urban Cruiser Hyryder,2019,1.5,Petrol Hybrid,e-CVT,57662,5,2,800000
Mercedes-Benz,A-Class Limousine,2024,1.3,Petrol,DCT,45566,5,1,2495000
Kia,Sonet,2025,1.5,Diesel,Automatic,12191,5,1,860000
Hyundai,Grand i10 Nios,2025,1.2,Petrol,Manual,8339,5,1,355000
Honda,Amaze,2023,1.2,Petrol,Manual,119659,5,1,300000
Hyundai,Grand i10 Nios,2022,1.2,Petrol,AMT,28833,5,1,240000
Volkswagen,Taigun,2026,1.0,Petrol,Manual,3500,5,1,880000
Tata,Nexon,2025,1.2,Petrol,Manual,11777,5,1,760000
Honda,City,2021,1.5,Petrol Hybrid,e-CVT,42860,5,1,580000
Hyundai,Creta,2026,1.5,Petrol,DCT,3073,5,1,1255000
Kia,Sonet,2025,1.4,Diesel,Automatic,12888,5,1,795000
Mahindra,Thar,2019,1.9,Petrol,Automatic,100912,4,2,385000
Maruti Suzuki,Swift,2022,1.2,Petrol,Manual,42165,5,2,235000
Mahindra,XUV700,2018,2.1,Diesel,Automatic,58880,7,3,485000
BYD,Atto 3,2020,0.0,EV,Automatic,103368,5,5,1395000
Volkswagen,Virtus,2019,1.0,Petrol,Automatic,63866,5,3,430000
Kia,Carens,2021,1.5,Petrol,DCT,19720,7,1,675000
Tata,Harrier,2026,2.0,Diesel,Manual,3271,5,1,1200000
Kia,Seltos,2019,1.5,Diesel,Manual,49679,5,4,365000
Maruti Suzuki,Ertiga,2025,1.5,Petrol,Automatic,5945,7,1,615000
Hyundai,Grand i10 Nios,2020,1.1,Petrol,Manual,68306,5,2,170000
Hyundai,Venue,2026,1.5,Diesel,Automatic,4905,5,1,770000
Mahindra,XUV700,2026,2.2,Diesel,Automatic,3877,7,1,1655000
Maruti Suzuki,Wagon R,2024,1.2,Petrol,Manual,11386,5,1,335000
Kia,Seltos,2021,1.5,Diesel,Automatic,81084,5,1,420000
Maruti Suzuki,Swift,2022,1.2,Petrol,Manual,95773,5,2,170000
BMW,5 Series,2023,2.0,Petrol,Automatic,31215,5,2,4745000
Tata,Nexon,2020,1.2,Petrol,Manual,39457,5,2,385000
Hyundai,Creta,2026,1.5,Diesel,Automatic,2745,5,1,945000
Hyundai,Verna,2019,1.5,Petrol,Manual,63469,5,1,360000
Kia,Sonet,2019,1.5,Diesel,Manual,61250,5,1,355000
Honda,City,2020,1.6,Petrol Hybrid,e-CVT,78802,5,3,475000
Hyundai,Venue,2026,1.0,Petrol,Manual,1987,5,1,710000
Toyota,Innova Crysta,2023,2.4,Diesel,Manual,60490,7,1,1115000
Hyundai,Verna,2026,1.5,Petrol,Manual,1604,5,1,980000
Toyota,Innova Crysta,2022,2.4,Diesel,Manual,39947,7,1,1220000
Toyota,Urban Cruiser Hyryder,2022,1.5,Petrol,Automatic,43081,5,1,605000
Tata,Nexon,2023,1.1,Petrol,Manual,9575,5,1,765000
Kia,Sonet,2026,1.0,Petrol,iMT,2131,5,1,880000
Tata,Nexon,2021,1.2,Petrol,AMT,45460,5,1,395000
Hyundai,Creta,2025,1.5,Diesel,Automatic,18524,5,1,950000
Hyundai,Creta,2022,1.4,Petrol,Manual,70425,5,1,540000
Volkswagen,Taigun,2018,1.4,Petrol,DCT,120792,5,1,335000
Tata,Safari,2026,2.0,Diesel,Automatic,2273,7,1,1980000
Skoda,Kushaq,2016,1.5,Petrol,DCT,89020,5,5,275000
Hyundai,Creta,2023,1.5,Diesel,Manual,20753,5,1,760000
Honda,City,2025,1.5,Petrol,Manual,9183,5,1,940000
Mahindra,XUV700,2018,2.3,Diesel,Automatic,79217,7,1,565000
Tata,Nexon EV,2025,0.0,EV,Automatic,7743,5,1,915000
Mahindra,XUV700,2024,2.0,Petrol,Manual,10501,7,1,1030000
Volkswagen,Virtus,2020,1.1,Petrol,Automatic,67737,5,1,450000
Volkswagen,Taigun,2025,1.6,Petrol,DCT,9175,5,1,1550000
Hyundai,Verna,2023,1.5,Petrol,Manual,25341,5,1,580000
Maruti Suzuki,Swift,2025,1.2,Petrol,Manual,14096,5,1,400000
Maruti Suzuki,Alto K10,2024,1.0,Petrol,Manual,16840,5,1,205000
Skoda,Slavia,2023,1.0,Petrol,Manual,32616,5,1,550000
Tata,Nexon,2023,1.5,Diesel,Manual,15510,5,1,450000
Tata,Nexon,2024,1.5,Diesel,Manual,18376,5,1,770000
Hyundai,Creta,2021,1.6,Petrol,Manual,58609,5,1,430000
Mahindra,XUV300,2023,1.2,Petrol,AMT,34041,5,2,405000
Hyundai,Grand i10 Nios,2023,1.2,Petrol,AMT,42901,5,1,255000
Maruti Suzuki,Alto K10,2023,1.1,Petrol,Manual,30947,5,1,230000
Maruti Suzuki,Baleno,2018,1.2,Petrol,AMT,44728,5,2,175000
Hyundai,Creta,2022,1.4,Petrol,IVT,73256,5,1,525000
Toyota,Urban Cruiser Hyryder,2015,1.5,Petrol,Automatic,114912,5,4,295000
Honda,City,2021,1.5,Petrol Hybrid,e-CVT,38736,5,1,785000
Hyundai,Venue,2021,1.0,Petrol,Manual,22355,5,1,415000
Tata,Nexon,2023,1.2,Petrol,AMT,31044,5,1,465000
Skoda,Kushaq,2020,1.5,Petrol,DCT,56194,5,1,665000
Kia,Sonet,2021,1.0,Petrol,iMT,25484,5,4,275000
Hyundai,Venue,2024,1.0,Petrol,DCT,19388,5,1,475000
Tata,Nexon,2017,1.5,Diesel,Manual,63610,5,2,220000
Hyundai,i20,2025,1.0,Petrol,DCT,10458,5,1,590000
Mahindra,XUV700,2024,2.0,Petrol,Manual,11064,7,1,845000
Kia,Seltos,2021,1.5,Diesel,Automatic,48339,5,1,555000
Maruti Suzuki,Baleno,2025,1.2,Petrol,Manual,19070,5,1,470000
Tata,Altroz,2024,1.2,Petrol,DCT,35161,5,1,390000
Mahindra,XUV300,2016,1.2,Petrol,Manual,137465,5,1,215000
Maruti Suzuki,Alto K10,2020,1.0,Petrol,AMT,87621,5,2,105000
Hyundai,Grand i10 Nios,2021,1.2,Petrol,AMT,61767,5,2,185000
Tata,Tiago,2023,1.2,Petrol,Manual,31163,5,1,220000
Kia,Carens,2019,1.5,Petrol,DCT,91970,7,1,425000
Kia,Carens,2017,1.5,Petrol,DCT,146164,7,2,400000
Tata,Altroz,2018,1.2,Petrol,Manual,111260,5,1,190000
Mahindra,Thar,2022,2.2,Diesel,Automatic,23279,4,2,635000
Maruti Suzuki,Alto K10,2024,1.0,Petrol,Manual,16146,5,1,205000
Maruti Suzuki,Baleno,2026,1.2,Petrol,Manual,2101,5,1,400000
Toyota,Glanza,2024,1.1,Petrol,Manual,19061,5,1,475000
Hyundai,i20,2024,1.2,Petrol,IVT,19486,5,1,415000
Honda,Amaze,2016,1.2,Petrol,CVT,159400,5,4,200000
Hyundai,Creta,2025,1.5,Diesel,Manual,5942,5,1,1130000
Kia,Sonet,2022,1.0,Petrol,DCT,76352,5,3,455000
Honda,City,2024,1.5,Petrol,Manual,20015,5,1,825000
Mahindra,Scorpio N,2023,2.2,Diesel,Manual,21690,7,1,870000
Maruti Suzuki,Wagon R,2022,1.2,Petrol,Manual,53742,5,1,265000
Tata,Harrier,2021,2.0,Diesel,Manual,37325,5,2,660000
Hyundai,Verna,2022,1.4,Petrol,DCT,20324,5,2,720000
Hyundai,Verna,2022,1.6,Petrol,Manual,28448,5,1,785000
Maruti Suzuki,Wagon R,2021,1.2,Petrol,Manual,26795,5,1,200000
Hyundai,Verna,2023,1.4,Petrol,IVT,17989,5,1,710000
Hyundai,i20,2022,0.9,Petrol,DCT,53971,5,1,430000
Mahindra,Scorpio N,2024,2.2,Diesel,Automatic,17233,7,1,875000
Maruti Suzuki,Alto K10,2022,0.9,Petrol,Manual,92142,5,1,120000
Hyundai,Creta,2024,1.5,Diesel,Automatic,28073,5,1,1060000
Maruti Suzuki,Ertiga,2017,1.5,Petrol,Manual,85020,7,2,245000
Toyota,Urban Cruiser Hyryder,2026,1.4,Petrol Hybrid,e-CVT,2112,5,1,1795000
Mahindra,Thar,2019,2.0,Petrol,Manual,90845,4,2,415000
Hyundai,i20,2026,0.9,Petrol,Manual,2424,5,1,745000
Hyundai,Grand i10 Nios,2026,1.2,Petrol,AMT,2919,5,1,410000
Toyota,Glanza,2021,1.2,Petrol,Manual,62528,5,1,395000
Toyota,Fortuner,2024,2.8,Diesel,Automatic,20171,7,1,1855000
Hyundai,Verna,2022,1.5,Petrol,Manual,34625,5,1,740000
Tata,Nexon,2023,1.5,Diesel,Manual,29290,5,1,640000
Kia,Seltos,2026,1.4,Petrol,Manual,2487,5,1,865000
Hyundai,i20,2024,0.9,Petrol,Manual,14936,5,1,485000
Kia,Seltos,2019,1.5,Petrol,Manual,99812,5,2,355000
Honda,City,2023,1.5,Petrol Hybrid,e-CVT,20702,5,1,910000
Honda,City,2022,1.5,Petrol,Manual,65349,5,2,485000
Hyundai,Verna,2026,1.5,Petrol,DCT,2380,5,1,1200000
Hyundai,Creta,2022,1.5,Petrol,DCT,63451,5,2,700000
Maruti Suzuki,Brezza,2017,1.5,Petrol,Automatic,61345,5,2,205000
Tata,Altroz,2024,1.2,Petrol,DCT,20266,5,1,460000
Hyundai,Venue,2019,1.5,Diesel,Automatic,66851,5,3,290000
Hyundai,Creta,2019,1.5,Diesel,Automatic,72846,5,2,490000
Hyundai,i20,2021,1.0,Petrol,Manual,70027,5,1,415000
Toyota,Innova Crysta,2019,2.4,Diesel,Automatic,142936,7,1,670000
Tata,Altroz,2024,1.2,Petrol,Manual,14665,5,1,495000
Hyundai,Creta,2021,1.5,Petrol,Automatic,91498,5,1,620000
Maruti Suzuki,Swift,2020,1.1,Petrol,Manual,52354,5,1,215000
Kia,Sonet,2025,1.0,Petrol,Manual,7230,5,1,475000
Mahindra,XUV700,2019,2.2,Diesel,Automatic,63631,7,1,810000
Tata,Nexon EV,2021,0.0,EV,Automatic,62264,5,1,675000
Tata,Nexon,2023,1.4,Diesel,AMT,17805,5,1,560000
Tata,Nexon EV,2019,0.0,EV,Automatic,133219,5,3,405000
Mahindra,Thar,2022,2.2,Diesel,Automatic,49186,4,1,895000
Toyota,Glanza,2019,1.2,Petrol,Manual,92258,5,3,240000
Maruti Suzuki,Ertiga,2022,1.5,Petrol,Automatic,42402,7,1,295000
Honda,Amaze,2026,1.2,Petrol,CVT,2519,5,1,570000
Toyota,Innova Crysta,2019,2.4,Diesel,Manual,71066,7,1,585000
Skoda,Kushaq,2023,1.4,Petrol,DCT,21640,5,1,1145000
Honda,Amaze,2023,1.2,Petrol,Manual,24027,5,1,545000
Toyota,Urban Cruiser Hyryder,2025,1.5,Petrol,Automatic,9425,5,1,960000
Tata,Safari,2021,2.0,Diesel,Automatic,71921,7,1,865000
Mahindra,Thar,2023,2.2,Diesel,Manual,27523,4,1,510000
Kia,Carens,2025,1.5,Petrol,Manual,8887,7,1,1290000
Kia,Seltos,2025,1.6,Diesel,Automatic,16465,5,1,940000
Kia,Seltos,2021,1.5,Petrol,Manual,50676,5,1,540000
Maruti Suzuki,Alto K10,2023,1.0,Petrol,Manual,68749,5,1,175000
Hyundai,i20,2021,1.0,Petrol,DCT,35044,5,1,375000
Maruti Suzuki,Baleno,2023,1.1,Petrol,Manual,26099,5,1,305000
Kia,Seltos,2020,1.5,Diesel,Manual,71926,5,3,495000
Tata,Harrier,2015,2.0,Diesel,Manual,65772,5,5,360000
Hyundai,Verna,2024,1.5,Petrol,Manual,50283,5,1,750000
BMW,3 Series,2016,2.0,Petrol,Automatic,126562,5,5,1080000
Honda,Amaze,2020,1.2,Petrol,Manual,83637,5,1,330000
Mahindra,Thar,2021,2.1,Diesel,Manual,62038,4,2,675000
Mahindra,XUV700,2023,1.9,Petrol,Manual,32918,7,1,605000
Kia,Seltos,2021,1.5,Petrol,IVT,61161,5,1,510000
Maruti Suzuki,Baleno,2019,1.2,Petrol,AMT,61378,5,2,170000
Tata,Punch,2020,1.1,Petrol,Manual,38158,5,1,270000
Toyota,Urban Cruiser Hyryder,2017,1.5,Petrol Hybrid,e-CVT,99359,5,4,460000
Toyota,Fortuner,2024,2.8,Diesel,Manual,23369,7,1,2170000
Hyundai,Grand i10 Nios,2025,1.2,Petrol,Manual,4495,5,1,365000
Hyundai,Creta,2026,1.5,Petrol,Manual,2001,5,1,1090000
Tata,Harrier,2021,2.0,Diesel,Manual,56844,5,1,785000
BMW,X1,2019,1.5,Petrol,Automatic,77738,5,1,2085000
Tata,Nexon,2023,1.5,Diesel,Manual,42901,5,2,595000
Hyundai,Venue,2017,1.5,Diesel,Manual,97342,5,1,230000
Mahindra,XUV300,2025,1.2,Petrol,Manual,8087,5,1,635000
Volkswagen,Virtus,2026,1.1,Petrol,Automatic,4965,5,1,1035000
Mercedes-Benz,A-Class Limousine,2025,1.3,Petrol,DCT,13144,5,1,4080000
Honda,Amaze,2025,1.2,Petrol,CVT,16864,5,1,665000
Hyundai,Grand i10 Nios,2024,1.2,Petrol,AMT,22633,5,1,280000
Kia,Seltos,2024,1.5,Petrol,Manual,23524,5,1,870000
Maruti Suzuki,Brezza,2022,1.5,Petrol,Automatic,36294,5,1,270000
Hyundai,i20,2020,1.0,Petrol,Manual,48737,5,1,345000
Hyundai,Venue,2019,1.5,Diesel,Manual,54685,5,2,300000
Maruti Suzuki,Wagon R,2026,1.2,Petrol,AMT,9653,5,1,400000
Mahindra,XUV700,2021,2.2,Diesel,Automatic,96362,7,2,665000
Tata,Nexon,2025,1.2,Petrol,DCT,9642,5,1,895000
Hyundai,Creta,2019,1.5,Petrol,Automatic,75916,5,1,540000
Tata,Harrier,2020,2.0,Diesel,Manual,40512,5,1,820000
Kia,Sonet,2021,0.9,Petrol,Manual,23059,5,1,375000
Maruti Suzuki,Ertiga,2023,1.5,Petrol,Manual,63307,7,1,390000
Tata,Tiago,2018,1.3,Petrol,AMT,89278,5,1,145000
Hyundai,Venue,2021,1.4,Diesel,Manual,69591,5,2,360000
Mahindra,XUV700,2025,2.2,Diesel,Automatic,7220,7,1,1155000
Hyundai,Venue,2022,1.0,Petrol,DCT,20429,5,1,500000
Maruti Suzuki,Brezza,2024,1.5,Petrol,Automatic,17173,5,1,505000
Audi,A4,2022,2.0,Petrol,DCT,71179,5,1,2000000
BMW,3 Series,2026,2.1,Petrol,Automatic,6247,5,1,5505000
Mahindra,Thar,2020,2.0,Petrol,Manual,141297,4,2,420000
Tata,Nexon,2025,1.4,Diesel,Manual,18640,5,1,735000
Mahindra,Thar,2023,2.2,Diesel,Manual,42975,4,1,900000
Hyundai,i20,2026,1.2,Petrol,IVT,3555,5,1,465000
Hyundai,Venue,2024,1.0,Petrol,Manual,30291,5,1,460000
Mahindra,Thar,2026,1.9,Petrol,Manual,3863,4,1,1270000
Kia,Carens,2025,1.5,Petrol,DCT,5335,7,1,1340000
Hyundai,Creta,2017,1.5,Petrol,Manual,83495,5,2,325000
Hyundai,Creta,2016,1.5,Diesel,Automatic,110284,5,2,265000
Tata,Nexon EV,2021,0.0,EV,Automatic,78678,5,1,615000
Hyundai,i20,2019,1.3,Petrol,Manual,121017,5,3,135000
Hyundai,i20,2023,1.0,Petrol,Manual,20964,5,2,490000
Hyundai,Venue,2024,1.0,Petrol,Manual,35994,5,1,535000
Tata,Safari,2026,2.0,Diesel,Manual,5277,7,1,1640000
Mahindra,XUV300,2021,1.1,Petrol,AMT,49627,5,1,395000
Tata,Punch,2017,1.3,Petrol,Manual,109011,5,3,165000
Tata,Harrier,2026,2.0,Diesel,Manual,1500,5,1,1190000
Skoda,Kushaq,2026,1.6,Petrol,DCT,3487,5,1,1435000
Tata,Altroz,2023,1.2,Petrol,Manual,32406,5,1,390000
Tata,Punch,2021,1.2,Petrol,Manual,57573,5,1,335000
Tata,Harrier,2024,1.9,Diesel,Manual,8607,5,1,965000
Toyota,Urban Cruiser Hyryder,2023,1.5,Petrol Hybrid,e-CVT,32476,5,1,1030000
Mahindra,Thar,2025,1.9,Petrol,Automatic,10355,4,1,885000
Skoda,Slavia,2025,1.0,Petrol,Manual,6106,5,1,1000000
Hyundai,Creta,2024,1.5,Diesel,Manual,8552,5,1,845000
Kia,Seltos,2024,1.5,Diesel,Automatic,33627,5,1,980000
Tata,Altroz,2023,1.2,Petrol,Manual,34818,5,2,385000
Kia,Sonet,2025,1.5,Diesel,Automatic,9711,5,1,775000
Toyota,Urban Cruiser Hyryder,2018,1.5,Petrol Hybrid,e-CVT,126057,5,2,415000
Honda,City,2026,1.5,Petrol,CVT,1616,5,1,1070000
Honda,City,2021,1.5,Petrol Hybrid,e-CVT,40355,5,1,825000
Tata,Safari,2026,2.0,Diesel,Automatic,4539,7,1,1860000
Tata,Altroz,2025,1.2,Petrol,DCT,7446,5,1,480000
Mahindra,Thar,2022,2.0,Petrol,Automatic,26263,4,5,675000
Mahindra,XUV700,2026,2.0,Petrol,Automatic,3152,7,1,1660000
Mahindra,Scorpio N,2018,2.2,Diesel,Manual,78541,7,1,370000
Hyundai,Venue,2024,1.5,Diesel,Automatic,21711,5,1,645000
Maruti Suzuki,Alto K10,2022,1.0,Petrol,AMT,27227,5,1,190000
Honda,City,2025,1.5,Petrol,Manual,16014,5,1,700000
Tata,Nexon,2025,1.2,Petrol,Manual,12618,5,1,710000
Maruti Suzuki,Ertiga,2023,1.5,Petrol,Automatic,32583,7,1,485000
Toyota,Urban Cruiser Hyryder,2026,1.6,Petrol Hybrid,e-CVT,3409,5,1,1860000
Kia,Carens,2019,1.5,Petrol,DCT,95514,7,1,550000
Volkswagen,Virtus,2015,1.5,Petrol,DCT,71279,5,3,385000
Mahindra,Thar,2025,2.0,Petrol,Manual,9595,4,1,1235000
Honda,City,2020,1.5,Petrol,Manual,57893,5,1,455000
Hyundai,Creta,2024,1.5,Petrol,IVT,14964,5,1,745000
Hyundai,Verna,2026,1.5,Petrol,DCT,3866,5,1,1020000
Kia,Carens,2019,1.5,Petrol,DCT,109644,7,4,470000
Maruti Suzuki,Brezza,2017,1.5,Petrol,Manual,122937,5,2,120000
Maruti Suzuki,Swift,2021,1.2,Petrol,Manual,67098,5,1,215000
Toyota,Fortuner,2023,2.8,Diesel,Automatic,28497,7,1,1755000
Hyundai,Venue,2022,1.5,Diesel,Automatic,43543,5,1,570000
Mahindra,XUV700,2023,2.2,Diesel,Manual,41641,7,1,1260000
Mahindra,XUV700,2020,2.3,Diesel,Automatic,78332,7,1,685000
Mahindra,XUV700,2025,2.0,Petrol,Manual,6445,7,1,960000
Honda,Amaze,2026,1.3,Petrol,CVT,2093,5,1,775000
Hyundai,Verna,2019,1.5,Petrol,DCT,55020,5,2,465000
Hyundai,Verna,2024,1.6,Petrol,Manual,14590,5,1,650000
Hyundai,Creta,2026,1.4,Petrol,Manual,1785,5,1,865000
Maruti Suzuki,Ertiga,2019,1.6,Petrol,Manual,84315,7,1,235000
Tata,Nexon EV,2025,0.0,EV,Automatic,7466,5,1,785000
Kia,Seltos,2018,1.5,Petrol,IVT,82563,5,2,330000
Tata,Nexon,2026,1.5,Diesel,AMT,3052,5,1,820000
Mahindra,XUV700,2026,2.2,Diesel,Manual,4178,7,1,1610000
Hyundai,Grand i10 Nios,2021,1.2,Petrol,Manual,42073,5,3,210000
Honda,City,2016,1.5,Petrol Hybrid,e-CVT,80771,5,1,465000
Hyundai,Creta,2023,1.6,Petrol,Automatic,41350,5,1,810000
Tata,Punch,2023,1.2,Petrol,Manual,27672,5,1,235000
Hyundai,Venue,2025,1.4,Diesel,Manual,5335,5,1,555000
Skoda,Slavia,2024,0.9,Petrol,Automatic,13328,5,1,935000
Tata,Nexon,2022,1.5,Diesel,Manual,85032,5,1,525000
Tata,Punch,2023,1.1,Petrol,Manual,16274,5,1,340000
Volkswagen,Virtus,2025,0.9,Petrol,Automatic,20880,5,1,1145000
Toyota,Urban Cruiser Hyryder,2015,1.5,Petrol,Automatic,188077,5,2,260000
Hyundai,i20,2023,1.0,Petrol,DCT,24178,5,1,480000
Hyundai,i20,2023,1.0,Petrol,DCT,18471,5,1,435000
Hyundai,i20,2017,1.2,Petrol,Manual,132259,5,5,100000
Toyota,Innova Crysta,2025,2.4,Diesel,Automatic,10081,7,1,1535000
Kia,Carens,2017,1.4,Petrol,DCT,48736,7,2,430000
Toyota,Innova Crysta,2026,2.5,Diesel,Manual,1923,7,1,2195000
Kia,Sonet,2021,1.0,Petrol,DCT,39113,5,2,385000
Tata,Harrier,2022,2.1,Diesel,Automatic,53576,5,1,730000
Skoda,Kushaq,2026,1.6,Petrol,DCT,3645,5,1,1730000
Mahindra,Thar,2022,2.1,Diesel,Manual,32709,4,2,765000
Maruti Suzuki,Wagon R,2023,1.1,Petrol,AMT,26228,5,3,220000
Kia,Carens,2025,1.6,Petrol,DCT,11398,7,1,1475000
Mahindra,Thar,2017,2.0,Petrol,Manual,98297,4,2,335000
Kia,Sonet,2016,1.5,Diesel,Automatic,75940,5,3,200000
Maruti Suzuki,Brezza,2026,1.5,Petrol,Automatic,2273,5,1,540000
Toyota,Urban Cruiser Hyryder,2022,1.5,Petrol Hybrid,e-CVT,32687,5,2,710000
Mahindra,XUV700,2024,2.2,Diesel,Manual,36483,7,1,1115000
Volkswagen,Taigun,2023,1.0,Petrol,Manual,42631,5,1,630000
Toyota,Glanza,2019,1.3,Petrol,AMT,57187,5,1,260000
Hyundai,Verna,2023,1.5,Petrol,IVT,26949,5,1,775000
Hyundai,Creta,2021,1.5,Petrol,DCT,42979,5,1,455000
Kia,Seltos,2019,1.5,Diesel,Manual,67073,5,2,505000
Hyundai,Creta,2024,1.5,Petrol,Manual,20857,5,1,620000
Toyota,Urban Cruiser Hyryder,2023,1.6,Petrol Hybrid,e-CVT,44741,5,1,1085000
Hyundai,Creta,2025,1.5,Petrol,IVT,7404,5,1,750000
Volkswagen,Virtus,2022,1.4,Petrol,DCT,24978,5,1,1160000
Toyota,Innova Crysta,2024,2.4,Diesel,Automatic,27688,7,1,1615000
Kia,Seltos,2017,1.5,Petrol,IVT,201121,5,2,200000
Mahindra,Thar,2024,2.1,Diesel,Manual,31284,4,1,875000
Mahindra,XUV300,2017,1.2,Petrol,Manual,97618,5,3,200000
Hyundai,Verna,2021,1.5,Petrol,DCT,29240,5,2,510000
Tata,Harrier,2025,1.9,Diesel,Manual,8750,5,1,1360000
Hyundai,Creta,2026,1.5,Petrol,Manual,2713,5,1,1005000
Hyundai,i20,2025,1.1,Petrol,DCT,10049,5,1,410000
Maruti Suzuki,Baleno,2023,1.2,Petrol,Manual,16017,5,1,320000
Hyundai,Venue,2023,1.0,Petrol,Manual,50726,5,1,465000
Volkswagen,Taigun,2024,1.6,Petrol,DCT,14169,5,1,1110000
Tata,Nexon,2021,1.5,Diesel,AMT,78395,5,1,365000
Mahindra,Thar,2022,2.0,Petrol,Manual,44378,4,2,570000
Hyundai,i20,2022,1.2,Petrol,IVT,46250,5,1,340000
Hyundai,Creta,2018,1.5,Petrol,Automatic,137531,5,2,330000
Honda,City,2023,1.5,Petrol,CVT,24101,5,1,685000
Maruti Suzuki,Baleno,2024,1.1,Petrol,Manual,25008,5,1,395000
Volkswagen,Taigun,2024,1.0,Petrol,Manual,41827,5,1,760000
Maruti Suzuki,Wagon R,2018,1.3,Petrol,Manual,96047,5,1,120000
Tata,Nexon,2024,1.5,Diesel,AMT,25218,5,1,590000
Toyota,Urban Cruiser Hyryder,2021,1.5,Petrol,Automatic,75323,5,3,400000
Tata,Punch,2025,1.2,Petrol,Manual,21268,5,1,585000
Kia,Sonet,2019,1.5,Diesel,Manual,67943,5,3,290000
Skoda,Kushaq,2019,1.5,Petrol,DCT,86979,5,2,665000
Toyota,Urban Cruiser Hyryder,2016,1.5,Petrol Hybrid,e-CVT,153036,5,3,405000
Hyundai,Creta,2015,1.5,Diesel,Manual,70155,5,1,230000
Tata,Nexon,2023,1.2,Petrol,DCT,25644,5,1,490000
Hyundai,Verna,2023,1.5,Petrol,Manual,19242,5,1,760000
Mahindra,XUV700,2023,2.0,Petrol,Automatic,19307,7,1,930000
Tata,Altroz,2021,1.2,Petrol,Manual,75181,5,2,310000
Maruti Suzuki,Brezza,2020,1.5,Petrol,Automatic,67142,5,2,165000
Skoda,Slavia,2018,1.0,Petrol,Manual,93403,5,2,340000
Kia,Seltos,2026,1.5,Diesel,Automatic,2303,5,1,1095000
Skoda,Kushaq,2026,1.0,Petrol,Automatic,2400,5,1,1190000
Mahindra,Thar,2025,2.0,Petrol,Manual,10522,4,1,765000
Tata,Tiago,2015,1.3,Petrol,Manual,95171,5,5,75000
Hyundai,i20,2022,1.2,Petrol,IVT,37650,5,1,295000
Hyundai,Verna,2020,1.6,Petrol,DCT,67673,5,3,455000
Mahindra,Scorpio N,2024,2.2,Diesel,Automatic,43542,7,1,970000
Hyundai,Venue,2025,1.6,Diesel,Manual,9225,5,1,675000
Toyota,Innova Crysta,2021,2.4,Diesel,Manual,63014,7,1,905000
Mahindra,XUV700,2022,2.0,Petrol,Automatic,77985,7,2,750000
Hyundai,Verna,2019,1.5,Petrol,Manual,76277,5,1,370000
Audi,A4,2026,2.0,Petrol,DCT,1500,5,1,5065000
Honda,City,2023,1.5,Petrol,CVT,24842,5,1,645000
Mahindra,XUV700,2019,2.1,Diesel,Manual,98201,7,1,525000
Hyundai,Venue,2021,1.0,Petrol,DCT,49394,5,1,335000
Toyota,Urban Cruiser Hyryder,2026,1.5,Petrol,Automatic,2862,5,1,1510000
Mahindra,XUV700,2026,2.0,Petrol,Manual,2511,7,1,1485000
Maruti Suzuki,Alto K10,2021,1.0,Petrol,Manual,60039,5,1,170000
Hyundai,Grand i10 Nios,2017,1.2,Petrol,Manual,69113,5,1,130000
Maruti Suzuki,Wagon R,2026,1.1,Petrol,Manual,3092,5,1,450000
Tata,Nexon,2023,1.1,Petrol,Manual,21738,5,1,360000
Hyundai,Creta,2024,1.5,Petrol,IVT,28042,5,1,570000
Tata,Harrier,2025,2.0,Diesel,Automatic,18172,5,1,1640000
Tata,Tiago,2022,1.2,Petrol,AMT,67384,5,1,195000
Hyundai,i20,2024,1.0,Petrol,Manual,31253,5,1,350000
Volkswagen,Virtus,2024,1.1,Petrol,Manual,29886,5,1,880000
Maruti Suzuki,Swift,2021,1.2,Petrol,AMT,79217,5,2,155000
Honda,City,2023,1.5,Petrol,CVT,54249,5,1,545000
Mahindra,Thar,2022,2.0,Petrol,Automatic,56819,4,1,640000
Hyundai,i20,2023,1.2,Petrol,IVT,34749,5,1,370000
Maruti Suzuki,Brezza,2021,1.6,Petrol,Manual,45378,5,1,280000
Hyundai,Creta,2018,1.6,Diesel,Manual,48355,5,2,485000
Skoda,Kushaq,2021,1.5,Petrol,DCT,97162,5,1,730000
Maruti Suzuki,Swift,2026,1.2,Petrol,AMT,2164,5,1,415000
Tata,Safari,2021,2.0,Diesel,Automatic,80740,7,1,830000
Hyundai,i20,2022,1.0,Petrol,DCT,30882,5,1,365000
Tata,Nexon,2024,1.2,Petrol,Manual,24277,5,1,595000
Hyundai,i20,2023,1.2,Petrol,Manual,16038,5,1,250000
Maruti Suzuki,Alto K10,2026,0.9,Petrol,Manual,2784,5,1,300000
Tata,Harrier,2026,2.1,Diesel,Manual,5569,5,1,1595000
Hyundai,Venue,2025,1.1,Petrol,Manual,11506,5,1,775000
Tata,Nexon EV,2015,0.0,EV,Automatic,62579,5,2,315000
Toyota,Innova Crysta,2020,2.4,Diesel,Automatic,40996,7,3,960000
Kia,Sonet,2025,1.0,Petrol,Manual,10321,5,1,655000
Audi,A4,2025,2.0,Petrol,DCT,11434,5,1,4885000
Hyundai,i20,2025,1.0,Petrol,Manual,12667,5,1,550000
Hyundai,Creta,2024,1.5,Diesel,Manual,14449,5,1,585000
Hyundai,Creta,2021,1.5,Petrol,Automatic,51863,5,1,570000
Toyota,Fortuner,2018,2.7,Diesel,Automatic,117915,7,1,1195000
Tata,Tiago,2025,1.1,Petrol,AMT,13421,5,1,345000
Maruti Suzuki,Brezza,2022,1.5,Petrol,Manual,23551,5,1,365000
Mahindra,Scorpio N,2023,2.3,Diesel,Automatic,25758,7,1,930000
Tata,Tiago,2020,1.2,Petrol,AMT,70226,5,1,105000
Hyundai,Creta,2026,1.5,Petrol,Manual,3059,5,1,810000
Honda,Amaze,2020,1.2,Petrol,Manual,48796,5,2,355000
Toyota,Urban Cruiser Hyryder,2022,1.5,Petrol Hybrid,e-CVT,35275,5,1,1250000
BMW,3 Series,2022,2.0,Petrol,Automatic,48535,5,1,3055000
Volkswagen,Virtus,2018,1.5,Petrol,DCT,115434,5,4,505000
Hyundai,Venue,2015,1.6,Diesel,Automatic,220000,5,2,110000
Tata,Punch,2025,1.2,Petrol,AMT,20172,5,1,465000
Honda,City,2018,1.5,Petrol,CVT,114797,5,2,285000
Volkswagen,Taigun,2021,1.0,Petrol,Automatic,27707,5,1,575000
Tata,Safari,2023,1.9,Diesel,Automatic,55489,7,1,1175000
Kia,Carens,2026,1.5,Petrol,DCT,3221,7,1,1170000
Mahindra,Thar,2018,2.0,Petrol,Manual,108815,4,1,420000
Maruti Suzuki,Alto K10,2024,1.1,Petrol,AMT,21824,5,1,220000
Tata,Punch,2016,1.1,Petrol,AMT,119538,5,1,180000
Maruti Suzuki,Brezza,2020,1.5,Petrol,Automatic,33144,5,1,180000
Tata,Safari,2019,2.0,Diesel,Automatic,43409,7,4,615000
Mahindra,Thar,2021,2.1,Petrol,Automatic,43996,4,2,620000
Hyundai,Creta,2023,1.4,Diesel,Automatic,27420,5,1,660000
Mahindra,Thar,2021,2.2,Diesel,Automatic,54361,4,1,710000
Volkswagen,Taigun,2017,1.5,Petrol,DCT,155385,5,2,465000
Hyundai,Venue,2020,1.5,Diesel,Manual,102436,5,2,330000
Mahindra,Thar,2026,2.0,Petrol,Manual,1713,4,1,1390000
Hyundai,Venue,2021,1.0,Petrol,Manual,61568,5,1,420000
Maruti Suzuki,Ertiga,2022,1.5,Petrol,Manual,39763,7,1,445000
Hyundai,Grand i10 Nios,2025,1.2,Petrol,Manual,9925,5,1,440000
Honda,City,2023,1.4,Petrol Hybrid,e-CVT,17546,5,1,1305000
Maruti Suzuki,Baleno,2019,1.2,Petrol,AMT,90849,5,3,170000
Tata,Harrier,2016,2.0,Diesel,Automatic,220000,5,2,290000
Tata,Nexon EV,2023,0.0,EV,Automatic,34771,5,2,790000
Toyota,Glanza,2016,1.1,Petrol,Manual,91290,5,1,215000
Honda,Amaze,2023,1.2,Petrol,Manual,52852,5,1,575000
Mahindra,XUV700,2025,2.0,Petrol,Automatic,9861,7,1,1365000
Kia,Seltos,2026,1.5,Diesel,Manual,5109,5,1,1150000
Toyota,Urban Cruiser Hyryder,2024,1.4,Petrol Hybrid,e-CVT,37425,5,1,1330000
Toyota,Glanza,2026,1.2,Petrol,Manual,1943,5,1,770000
Tata,Altroz,2021,1.2,Petrol,Manual,34202,5,2,320000
Toyota,Fortuner,2021,2.8,Diesel,Manual,35674,7,1,2135000
Mercedes-Benz,GLA,2022,1.3,Petrol,DCT,33945,5,2,3110000
Hyundai,Venue,2018,1.6,Diesel,Automatic,61391,5,2,345000
Tata,Altroz,2016,1.2,Petrol,Manual,100251,5,4,175000
Mahindra,Thar,2022,2.0,Petrol,Automatic,51724,4,1,715000
Maruti Suzuki,Brezza,2019,1.5,Petrol,Automatic,33238,5,3,255000
Kia,Sonet,2023,1.5,Diesel,Automatic,26755,5,2,620000
Maruti Suzuki,Alto K10,2023,1.0,Petrol,Manual,27012,5,1,220000
Mahindra,XUV300,2018,1.2,Petrol,AMT,171264,5,1,200000
Tata,Safari,2019,2.0,Diesel,Automatic,59742,7,2,720000
Tata,Nexon,2019,1.2,Petrol,DCT,80507,5,1,360000
Tata,Nexon EV,2025,0.0,EV,Automatic,9487,5,1,1125000
Kia,Seltos,2020,1.6,Petrol,IVT,85165,5,3,390000
Tata,Harrier,2026,1.9,Diesel,Automatic,4909,5,1,1850000
Toyota,Innova Crysta,2016,2.4,Diesel,Manual,75827,7,3,455000
Mahindra,XUV700,2017,2.0,Petrol,Automatic,67302,7,1,500000
Mahindra,Thar,2026,2.2,Diesel,Automatic,1645,4,1,1455000
Maruti Suzuki,Ertiga,2024,1.5,Petrol,Manual,20083,7,1,655000
Hyundai,Creta,2020,1.5,Petrol,DCT,113623,5,2,510000
Tata,Altroz,2023,1.2,Petrol,DCT,31952,5,1,395000
Hyundai,Creta,2018,1.5,Diesel,Manual,139952,5,2,235000
Tata,Harrier,2025,2.0,Diesel,Manual,11525,5,1,1020000
Tata,Punch,2026,1.1,Petrol,Manual,2186,5,1,495000
Maruti Suzuki,Brezza,2019,1.5,Petrol,Automatic,74399,5,3,180000
Maruti Suzuki,Ertiga,2021,1.5,Petrol,Automatic,31155,7,2,410000
Mahindra,Thar,2020,2.2,Diesel,Manual,47985,4,3,530000
Maruti Suzuki,Alto K10,2025,1.0,Petrol,AMT,10737,5,1,190000
Tata,Nexon,2026,1.2,Petrol,DCT,1516,5,1,685000
Hyundai,i20,2024,1.0,Petrol,Manual,18045,5,1,595000
Toyota,Urban Cruiser Hyryder,2021,1.5,Petrol,Automatic,43408,5,3,570000
Tata,Nexon EV,2017,0.0,EV,Automatic,118690,5,3,360000
Maruti Suzuki,Baleno,2021,1.2,Petrol,AMT,133104,5,1,220000
Tata,Nexon EV,2026,0.0,EV,Automatic,2262,5,1,1110000
Hyundai,Creta,2025,1.5,Petrol,Automatic,10763,5,1,1040000
Mahindra,XUV700,2019,1.9,Petrol,Manual,159096,7,1,305000
Hyundai,Grand i10 Nios,2026,1.2,Petrol,Manual,1755,5,1,390000
Mahindra,Scorpio N,2023,2.3,Diesel,Manual,37047,7,1,900000
Hyundai,Venue,2023,1.0,Petrol,Manual,13521,5,1,535000
Honda,City,2017,1.5,Petrol Hybrid,e-CVT,75812,5,4,440000
Toyota,Innova Crysta,2022,2.4,Diesel,Automatic,21534,7,2,1015000
Mahindra,XUV300,2024,1.2,Petrol,Manual,14327,5,1,620000
Tata,Harrier,2019,2.1,Diesel,Manual,113170,5,2,445000
Tata,Punch,2026,1.2,Petrol,Manual,3090,5,1,660000
Mahindra,XUV700,2019,2.2,Diesel,Manual,93625,7,2,430000
Maruti Suzuki,Wagon R,2023,1.2,Petrol,AMT,24487,5,1,275000
Tata,Nexon,2018,1.6,Diesel,Manual,36461,5,2,390000
Mahindra,XUV300,2021,1.2,Petrol,AMT,65352,5,1,420000
Maruti Suzuki,Baleno,2025,1.2,Petrol,AMT,9522,5,1,475000
Maruti Suzuki,Swift,2016,1.1,Petrol,Manual,139604,5,1,80000
Tata,Nexon,2023,1.5,Diesel,AMT,21347,5,1,735000
Maruti Suzuki,Baleno,2024,1.1,Petrol,AMT,16863,5,1,365000
Kia,Sonet,2023,1.0,Petrol,iMT,30609,5,1,585000
Hyundai,Creta,2026,1.5,Diesel,Manual,4593,5,1,1035000
Kia,Seltos,2024,1.5,Diesel,Automatic,15914,5,1,965000
Mahindra,XUV300,2024,1.2,Petrol,AMT,8442,5,1,770000
Toyota,Urban Cruiser Hyryder,2023,1.5,Petrol,Manual,33941,5,1,690000
Maruti Suzuki,Baleno,2015,1.1,Petrol,Manual,160063,5,3,85000
Hyundai,Venue,2021,1.5,Diesel,Manual,37483,5,1,435000
Volkswagen,Virtus,2022,1.5,Petrol,DCT,62626,5,1,720000
Mahindra,XUV700,2024,2.0,Petrol,Automatic,11627,7,1,995000
Mahindra,Thar,2021,2.1,Diesel,Automatic,62175,4,1,745000
Tata,Altroz,2024,1.2,Petrol,Manual,15582,5,1,390000
Hyundai,Verna,2026,1.6,Petrol,Manual,1730,5,1,1115000
Mahindra,XUV700,2021,2.0,Petrol,Manual,52939,7,1,830000
Tata,Safari,2024,2.0,Diesel,Automatic,26752,7,1,1420000
Volvo,XC60,2019,2.0,Petrol Hybrid,Automatic,107590,5,2,2325000
Hyundai,Grand i10 Nios,2024,1.2,Petrol,AMT,20493,5,1,305000
Maruti Suzuki,Brezza,2018,1.5,Petrol,Manual,62234,5,2,210000
Kia,Seltos,2026,1.5,Diesel,Manual,2655,5,1,1185000
Tata,Punch,2024,1.1,Petrol,Manual,17000,5,1,520000
Tata,Punch,2022,1.2,Petrol,AMT,39509,5,1,340000
Honda,City,2023,1.4,Petrol,CVT,15021,5,1,835000
Tata,Nexon EV,2024,0.0,EV,Automatic,27162,5,1,970000
Mahindra,XUV700,2017,2.0,Petrol,Manual,115081,7,2,430000
Hyundai,Creta,2019,1.5,Petrol,Automatic,67789,5,1,545000
Maruti Suzuki,Brezza,2026,1.5,Petrol,Automatic,4180,5,1,705000
Hyundai,Verna,2022,1.5,Petrol,DCT,50589,5,1,635000
Maruti Suzuki,Brezza,2025,1.5,Petrol,Automatic,13976,5,1,620000
Kia,Sonet,2018,1.5,Diesel,Automatic,75218,5,1,305000
Tata,Punch,2020,1.2,Petrol,Manual,62135,5,1,295000
Maruti Suzuki,Baleno,2026,1.1,Petrol,Manual,4696,5,1,505000
Mahindra,Thar,2025,2.2,Diesel,Automatic,12487,4,1,1040000
Kia,Carens,2025,1.5,Petrol,Manual,7788,7,1,1305000
Toyota,Glanza,2025,1.2,Petrol,Manual,6041,5,1,450000
Mercedes-Benz,A-Class Limousine,2026,1.3,Petrol,DCT,3937,5,1,4995000
Volkswagen,Virtus,2026,1.5,Petrol,DCT,2560,5,1,1690000
Tata,Punch,2020,1.2,Petrol,AMT,59216,5,1,310000
Maruti Suzuki,Swift,2026,1.2,Petrol,Manual,2731,5,1,380000
Tata,Harrier,2017,2.0,Diesel,Manual,90326,5,2,365000
Toyota,Glanza,2019,1.2,Petrol,Manual,85042,5,1,375000
Maruti Suzuki,Alto K10,2025,1.0,Petrol,AMT,8411,5,1,280000
Tata,Tiago,2016,1.2,Petrol,AMT,219025,5,2,65000
Maruti Suzuki,Ertiga,2023,1.5,Petrol,Manual,29199,7,1,450000
Hyundai,Verna,2023,1.5,Petrol,Manual,19573,5,1,585000
Mahindra,XUV700,2024,1.9,Petrol,Automatic,28539,7,1,1065000
Tata,Harrier,2021,1.9,Diesel,Automatic,85106,5,2,600000
Toyota,Urban Cruiser Hyryder,2020,1.5,Petrol Hybrid,e-CVT,48279,5,3,870000
Mahindra,Scorpio N,2021,2.2,Diesel,Manual,68011,7,3,585000
Toyota,Glanza,2024,1.2,Petrol,Manual,11503,5,1,500000
Maruti Suzuki,Swift,2025,1.2,Petrol,AMT,15633,5,1,325000
Honda,City,2025,1.5,Petrol Hybrid,e-CVT,8562,5,1,1210000
Mahindra,XUV300,2020,1.3,Petrol,AMT,66594,5,2,405000
Maruti Suzuki,Ertiga,2016,1.5,Petrol,Automatic,102767,7,3,155000
Mahindra,Scorpio N,2022,2.1,Diesel,Manual,23832,7,2,540000
Volvo,XC40,2022,2.0,Petrol,Automatic,32491,5,1,2380000
Hyundai,Creta,2017,1.5,Diesel,Automatic,81058,5,5,290000
Honda,City,2022,1.5,Petrol,CVT,43429,5,3,685000
Hyundai,Creta,2022,1.5,Petrol,DCT,46421,5,1,535000
Tata,Nexon,2025,1.2,Petrol,Manual,8020,5,1,595000
Kia,Carens,2026,1.5,Petrol,DCT,2385,7,1,1610000
Hyundai,i20,2019,1.1,Petrol,Manual,35652,5,1,190000
Hyundai,Verna,2024,1.5,Petrol,Manual,45585,5,1,720000
Hyundai,Verna,2018,1.5,Petrol,Manual,51249,5,3,295000
Honda,City,2022,1.4,Petrol,Manual,56555,5,1,630000
Maruti Suzuki,Baleno,2025,1.2,Petrol,Manual,13933,5,1,395000
Maruti Suzuki,Ertiga,2025,1.5,Petrol,Manual,12116,7,1,600000
Mahindra,Scorpio N,2022,2.2,Diesel,Automatic,25974,7,1,1070000
Kia,Sonet,2024,1.5,Diesel,Automatic,17179,5,1,725000
Maruti Suzuki,Swift,2026,1.2,Petrol,Manual,2212,5,1,395000
Skoda,Slavia,2018,1.0,Petrol,Automatic,108112,5,2,245000
Maruti Suzuki,Brezza,2026,1.5,Petrol,Automatic,1500,5,1,530000
Volkswagen,Taigun,2024,1.5,Petrol,DCT,21390,5,1,1105000
Maruti Suzuki,Wagon R,2015,1.2,Petrol,Manual,95307,5,3,75000
Hyundai,i20,2019,1.2,Petrol,Manual,56519,5,1,215000
Kia,Sonet,2023,0.9,Petrol,Manual,22855,5,2,600000
Hyundai,Creta,2025,1.6,Petrol,Automatic,17562,5,1,895000
Kia,Sonet,2023,1.0,Petrol,DCT,22453,5,1,665000
Hyundai,Venue,2021,1.5,Diesel,Manual,30642,5,1,485000
Volkswagen,Taigun,2024,1.0,Petrol,Manual,18361,5,1,705000
Hyundai,Creta,2025,1.5,Diesel,Manual,7627,5,1,750000
Hyundai,Venue,2021,1.5,Diesel,Automatic,44794,5,1,390000
Hyundai,Verna,2015,1.5,Petrol,Manual,124163,5,3,165000
Tata,Harrier,2023,2.0,Diesel,Automatic,29032,5,1,1130000
Honda,Amaze,2026,1.1,Petrol,Manual,2293,5,1,715000
Maruti Suzuki,Ertiga,2017,1.5,Petrol,Automatic,58620,7,3,170000
Tata,Safari,2023,2.0,Diesel,Automatic,21960,7,1,995000
Mahindra,Thar,2024,2.2,Diesel,Automatic,15981,4,1,760000
Tata,Punch,2024,1.2,Petrol,AMT,28686,5,1,510000
Tata,Altroz,2018,1.2,Petrol,Manual,125828,5,3,115000
Kia,Seltos,2021,1.6,Diesel,Manual,85898,5,2,630000
Maruti Suzuki,Alto K10,2019,1.0,Petrol,AMT,62108,5,2,105000
Honda,City,2026,1.5,Petrol Hybrid,e-CVT,1685,5,1,1480000
Hyundai,Creta,2016,1.5,Diesel,Automatic,158152,5,2,205000
Mahindra,XUV300,2021,1.2,Petrol,AMT,80997,5,1,305000
Tata,Nexon,2019,1.5,Diesel,AMT,92408,5,2,250000
Tata,Harrier,2019,2.0,Diesel,Manual,119139,5,2,565000
Mahindra,Thar,2022,2.0,Petrol,Manual,24164,4,1,810000
Tata,Punch,2025,1.2,Petrol,AMT,11094,5,1,550000
Mahindra,XUV700,2025,2.0,Petrol,Manual,12065,7,1,870000
Maruti Suzuki,Ertiga,2022,1.5,Petrol,Manual,44044,7,1,450000
Mahindra,Thar,2018,2.1,Petrol,Manual,76602,4,1,415000
Toyota,Fortuner,2022,2.9,Diesel,Automatic,103445,7,1,1655000
Hyundai,Creta,2023,1.5,Petrol,IVT,52260,5,1,635000
Hyundai,Verna,2018,1.5,Petrol,Manual,63502,5,2,390000
Kia,Seltos,2018,1.5,Petrol,Manual,94224,5,3,345000
Maruti Suzuki,Wagon R,2015,1.2,Petrol,AMT,174901,5,4,75000
Hyundai,Verna,2024,1.5,Petrol,Manual,18768,5,1,960000
Honda,City,2024,1.5,Petrol Hybrid,e-CVT,17184,5,1,1155000
Tata,Safari,2020,2.0,Diesel,Automatic,50332,7,3,745000
Volkswagen,Taigun,2024,1.5,Petrol,DCT,15404,5,1,1385000
Maruti Suzuki,Swift,2025,1.2,Petrol,Manual,7278,5,1,335000
Tata,Nexon EV,2019,0.0,EV,Automatic,58912,5,3,550000
Toyota,Innova Crysta,2024,2.5,Diesel,Automatic,31630,7,1,1485000
Kia,Sonet,2018,1.5,Diesel,Automatic,47191,5,1,325000
Honda,City,2024,1.5,Petrol,CVT,30926,5,1,620000
Mahindra,XUV700,2024,2.2,Diesel,Manual,15227,7,1,1340000
Mahindra,XUV300,2021,1.2,Petrol,Manual,59284,5,2,330000
Tata,Nexon,2022,1.2,Petrol,AMT,24271,5,1,370000
Honda,City,2022,1.5,Petrol,Manual,48607,5,1,455000
Hyundai,i20,2017,1.2,Petrol,Manual,72157,5,1,160000
BMW,5 Series,2022,2.0,Petrol,Automatic,70621,5,2,4050000
Mahindra,Thar,2025,2.0,Petrol,Manual,10936,4,1,1185000
Volkswagen,Virtus,2018,1.5,Petrol,DCT,78867,5,2,440000
Mahindra,XUV300,2020,1.2,Petrol,Manual,31716,5,1,410000
Honda,City,2024,1.5,Petrol,Manual,18340,5,1,660000
Tata,Nexon EV,2023,0.0,EV,Automatic,15172,5,1,850000
Hyundai,Verna,2017,1.5,Petrol,DCT,56182,5,1,385000
Kia,Carens,2015,1.6,Petrol,Manual,163123,7,3,300000
Mahindra,Thar,2024,2.0,Petrol,Automatic,24235,4,1,795000
Mahindra,XUV700,2019,1.9,Petrol,Manual,67102,7,3,650000
Mahindra,Thar,2024,2.0,Petrol,Automatic,19294,4,1,915000
Kia,Sonet,2023,1.0,Petrol,DCT,24797,5,1,510000
Kia,Carens,2024,1.4,Petrol,Manual,35237,7,1,990000
Hyundai,Creta,2024,1.4,Diesel,Manual,24775,5,1,865000
Kia,Sonet,2018,1.5,Diesel,Manual,91663,5,4,285000
Mahindra,Thar,2015,2.2,Diesel,Automatic,110856,4,4,240000
Hyundai,Verna,2022,1.4,Petrol,Manual,57739,5,1,435000
Kia,Carens,2019,1.5,Petrol,DCT,117482,7,3,535000
Hyundai,Verna,2023,1.4,Petrol,DCT,24425,5,1,820000
Maruti Suzuki,Swift,2021,1.2,Petrol,AMT,58657,5,2,175000
Hyundai,Creta,2023,1.5,Petrol,DCT,18046,5,2,410000
Hyundai,Verna,2023,1.4,Petrol,DCT,23743,5,1,775000
Hyundai,Verna,2021,1.5,Petrol,Manual,39487,5,4,420000
Hyundai,Creta,2024,1.5,Diesel,Automatic,19308,5,1,790000
Kia,Carens,2020,1.5,Petrol,Manual,128847,7,2,425000
Skoda,Kushaq,2024,1.5,Petrol,DCT,7333,5,1,1185000
Mahindra,XUV700,2017,2.0,Petrol,Manual,124403,7,1,365000
Maruti Suzuki,Baleno,2025,1.1,Petrol,Manual,8252,5,1,505000
Kia,Sonet,2021,1.6,Diesel,Manual,34764,5,1,560000
Volkswagen,Taigun,2026,1.0,Petrol,Manual,3779,5,1,1010000
Tata,Harrier,2022,2.0,Diesel,Automatic,33665,5,1,940000
Maruti Suzuki,Swift,2024,1.3,Petrol,Manual,22286,5,1,345000
Kia,Sonet,2024,1.0,Petrol,DCT,14887,5,1,695000
Hyundai,Venue,2022,1.0,Petrol,DCT,25782,5,1,495000
Tata,Punch,2025,1.2,Petrol,Manual,5890,5,1,545000
Hyundai,Creta,2021,1.5,Petrol,IVT,29795,5,2,660000
Tata,Harrier,2024,2.0,Diesel,Manual,24099,5,1,1020000
Hyundai,Venue,2025,1.5,Diesel,Automatic,9633,5,1,585000
Maruti Suzuki,Wagon R,2019,1.3,Petrol,Manual,87495,5,1,120000
Maruti Suzuki,Ertiga,2025,1.5,Petrol,Automatic,16296,7,1,480000
Hyundai,Creta,2017,1.5,Petrol,Manual,199921,5,2,195000
Mahindra,Thar,2016,2.2,Diesel,Manual,132270,4,1,345000
Tata,Harrier,2024,2.0,Diesel,Automatic,22651,5,1,910000
Audi,A4,2022,2.0,Petrol,DCT,18658,5,1,2660000
Hyundai,i20,2026,1.2,Petrol,IVT,2939,5,1,485000
Hyundai,i20,2026,1.0,Petrol,Manual,2013,5,1,810000
Maruti Suzuki,Brezza,2021,1.6,Petrol,Manual,19343,5,1,470000
Audi,A4,2023,2.0,Petrol,DCT,38323,5,1,2770000
Hyundai,Venue,2024,1.5,Diesel,Manual,20900,5,1,625000
Kia,Sonet,2017,1.0,Petrol,iMT,49113,5,3,280000
Tata,Safari,2017,2.0,Diesel,Automatic,92373,7,1,420000
Skoda,Kushaq,2024,1.5,Petrol,DCT,35376,5,1,1255000
Tata,Harrier,2025,2.0,Diesel,Manual,10856,5,1,1395000
Skoda,Kushaq,2022,0.9,Petrol,Manual,39731,5,3,715000
Honda,Amaze,2015,1.2,Petrol,Manual,70738,5,2,205000
Volkswagen,Taigun,2023,1.5,Petrol,DCT,25003,5,1,845000
Kia,Sonet,2016,1.0,Petrol,iMT,114854,5,2,200000
Tata,Tiago,2023,1.2,Petrol,Manual,23100,5,1,275000
Maruti Suzuki,Brezza,2021,1.5,Petrol,Manual,43411,5,1,310000
Volkswagen,Taigun,2019,1.0,Petrol,Manual,118675,5,3,290000
Skoda,Kushaq,2020,1.4,Petrol,DCT,47554,5,1,830000
Tata,Altroz,2015,1.1,Petrol,Manual,93249,5,4,130000
Hyundai,Grand i10 Nios,2020,1.2,Petrol,Manual,44986,5,1,140000
Kia,Seltos,2021,1.4,Petrol,Manual,108925,5,2,415000
Hyundai,Creta,2026,1.5,Diesel,Manual,2960,5,1,925000
Toyota,Urban Cruiser Hyryder,2026,1.5,Petrol,Manual,2323,5,1,1370000
Tata,Safari,2024,2.0,Diesel,Automatic,19848,7,1,1005000
Hyundai,Verna,2026,1.5,Petrol,Manual,1817,5,1,920000
Tata,Nexon,2022,1.5,Diesel,AMT,63146,5,3,560000
Mahindra,Thar,2015,2.0,Petrol,Manual,142946,4,3,215000
Skoda,Kushaq,2026,1.5,Petrol,DCT,2050,5,1,1535000
Mahindra,Scorpio N,2023,2.2,Diesel,Automatic,21860,7,2,885000
Skoda,Kushaq,2020,1.5,Petrol,DCT,73730,5,2,600000
Toyota,Urban Cruiser Hyryder,2017,1.5,Petrol,Automatic,115836,5,3,380000
Hyundai,i20,2021,1.0,Petrol,Manual,70352,5,1,345000
Kia,Seltos,2026,1.5,Diesel,Manual,3044,5,1,1335000
Tata,Safari,2020,2.0,Diesel,Automatic,50436,7,3,540000
Maruti Suzuki,Swift,2025,1.2,Petrol,AMT,6784,5,1,285000
Tata,Tiago,2024,1.2,Petrol,Manual,30044,5,1,285000
Tata,Harrier,2026,2.0,Diesel,Automatic,3084,5,1,1440000
Tata,Punch,2023,1.2,Petrol,Manual,15450,5,1,410000
Tata,Harrier,2018,2.0,Diesel,Manual,66737,5,2,495000
Tata,Altroz,2025,1.3,Petrol,DCT,14309,5,1,560000
Maruti Suzuki,Baleno,2016,1.1,Petrol,Manual,155088,5,1,120000
Maruti Suzuki,Alto K10,2017,1.0,Petrol,AMT,95209,5,2,95000
Mahindra,Scorpio N,2020,2.3,Diesel,Automatic,62251,7,2,525000
Mahindra,XUV700,2019,2.0,Petrol,Automatic,81714,7,2,605000
Tata,Nexon,2019,1.4,Diesel,Manual,120760,5,1,215000
Toyota,Fortuner,2018,2.7,Diesel,Automatic,86531,7,2,1205000
Maruti Suzuki,Brezza,2019,1.5,Petrol,Automatic,140724,5,2,200000
Maruti Suzuki,Wagon R,2016,1.2,Petrol,Manual,164793,5,4,90000
Tata,Punch,2022,1.2,Petrol,Manual,51164,5,1,315000
Hyundai,Grand i10 Nios,2018,1.2,Petrol,Manual,103892,5,1,140000
Honda,City,2018,1.5,Petrol,CVT,117124,5,1,280000
Honda,City,2024,1.5,Petrol Hybrid,e-CVT,32413,5,1,1230000
Volkswagen,Virtus,2026,1.5,Petrol,DCT,4967,5,1,1230000
Tata,Tiago,2016,1.2,Petrol,Manual,59736,5,3,115000
Maruti Suzuki,Wagon R,2024,1.2,Petrol,AMT,31966,5,1,340000
Maruti Suzuki,Ertiga,2022,1.4,Petrol,Manual,37088,7,1,460000
Maruti Suzuki,Alto K10,2023,1.0,Petrol,Manual,33084,5,1,200000
Kia,Sonet,2023,0.9,Petrol,iMT,36243,5,2,350000
Volkswagen,Taigun,2024,1.5,Petrol,DCT,17424,5,1,1260000
Kia,Seltos,2017,1.5,Diesel,Automatic,186550,5,2,270000
Hyundai,i20,2019,1.2,Petrol,IVT,115729,5,2,185000
Toyota,Glanza,2023,1.2,Petrol,Manual,31524,5,1,505000
Tata,Punch,2025,1.2,Petrol,AMT,9611,5,1,435000
Hyundai,Creta,2023,1.5,Petrol,DCT,26620,5,1,830000
Kia,Seltos,2020,1.5,Diesel,Manual,49479,5,2,575000
Tata,Safari,2026,2.1,Diesel,Automatic,5133,7,1,1905000
Maruti Suzuki,Wagon R,2026,1.2,Petrol,AMT,2362,5,1,425000
Toyota,Urban Cruiser Hyryder,2025,1.4,Petrol,Automatic,5917,5,1,1060000
Hyundai,Verna,2017,1.4,Petrol,DCT,116187,5,2,350000
Kia,Sonet,2024,1.5,Diesel,Manual,57028,5,1,545000
Maruti Suzuki,Swift,2024,1.3,Petrol,Manual,21691,5,1,325000
Toyota,Urban Cruiser Hyryder,2024,1.5,Petrol Hybrid,e-CVT,26448,5,1,825000
Hyundai,Grand i10 Nios,2020,1.2,Petrol,Manual,63628,5,1,180000
Hyundai,Creta,2015,1.5,Diesel,Automatic,139906,5,5,195000
Maruti Suzuki,Wagon R,2024,1.2,Petrol,AMT,18377,5,1,325000
Tata,Punch,2015,1.2,Petrol,Manual,112417,5,4,105000
Tata,Nexon EV,2023,0.0,EV,Automatic,30492,5,1,805000
Kia,Seltos,2024,1.5,Petrol,IVT,21661,5,1,825000
